Your Unique Identifier,First Name,Middle Initial,Last Name,Name Suffix,Requester Return Field,Record Found Y/N,Search Date,College Code/Branch,College Name,College State,2-year / 4-year,Public / Private,Enrollment Begin,Enrollment End,Enrollment Status,Class Level,Enrollment Major 1,Enrollment CIP 1,Enrollment Major 2,Enrollment CIP 2,Graduated?,Graduation Date,Degree Title,Degree Major 1,Degree CIP 1,Degree Major 2,Degree CIP 2,Degree Major 3,Degree CIP 3,Degree Major 4,Degree CIP 4,College Sequence
,AMY,M,BROWN,,900000929,N,20260801,,,,,,,,,,,,,,N,,,,,,,,,,,
,STEPHANIE,,MARTIN,,900269235,N,20260801,,,,,,,,,,,,,,N,,,,,,,,,,,
,CASEY,C,BELVAN,,900512776,N,20260801,,,,,,,,,,,,,,N,,,,,,,,,,,
,CELIA,M,PENADO,,900538710,N,20260801,,,,,,,,,,,,,,N,,,,,,,,,,,
,JENNIFER,A,WOODCOCK,,900549203,N,20260801,,,,,,,,,,,,,,N,,,,,,,,,,,
,SONNIE,L,CANOY,,900671938,N,20260801,,,,,,,,,,,,,,N,,,,,,,,,,,
,ADRIANA,S,BEDINGFIELD,,900749889,N,20260801,,,,,,,,,,,,,,N,,,,,,,,,,,
,KELLY,B,LIBAO,,900063091,N,20260801,,,,,,,,,,,,,,N,,,,,,,,,,,
,MARGARET,E,MONCRIEF,,900178623,N,20260801,,,,,,,,,,,,,,N,,,,,,,,,,,
,HUNTER,R,CRAFT,,900612591,N,20260801,,,,,,,,,,,,,,N,,,,,,,,,,,
,MALLALAI,,NIAZI,,900683419,N,20260801,,,,,,,,,,,,,,N,,,,,,,,,,,
,HENRY,C,DRIVER,,900759966,N,20260801,,,,,,,,,,,,,,N,,,,,,,,,,,
,GENESIS,,OCAMPO,,900764755,N,20260801,,,,,,,,,,,,,,N,,,,,,,,,,,
,LORI,A,MIDDLETON,,900051995,N,20260801,,,,,,,,,,,,,,N,,,,,,,,,,,
,KATIE,N,CALDERA,,900626751,Y,20260801,001556-00,BRENAU UNIVERSITY,GA,4,Private,20260504,20260814,L,J,SPEECH LANGUAGE ASSOCIATE,131012,,,N,,,,,,,,,,,1
,KATIE,N,CALDERA,,900626751,Y,20260801,001556-00,BRENAU UNIVERSITY,GA,4,Private,20260817,20261204,F,J,SPEECH LANGUAGE ASSOCIATE,131012,,,N,,,,,,,,,,,1
,DASIA,U,DAVIS,,900673418,N,20260801,,,,,,,,,,,,,,N,,,,,,,,,,,
,KATHERINE,E,HYATT,,900010896,N,20260801,,,,,,,,,,,,,,N,,,,,,,,,,,
,ASHLEY,A,BRYSON,,900174225,N,20260801,,,,,,,,,,,,,,N,,,,,,,,,,,
,ADOLFO,A,QUIMBAYO,,900642009,N,20260801,,,,,,,,,,,,,,N,,,,,,,,,,,
,JENNAFER,L,HALSELL,,900033660,N,20260801,,,,,,,,,,,,,,N,,,,,,,,,,,
,TAMARA,L,STROUP,,900481128,N,20260801,,,,,,,,,,,,,,N,,,,,,,,,,,
,TERESA,J,HELTON MOORE,,900641456,Y,20260801,001572-00,GEORGIA SOUTHERN UNIVERSITY,GA,4,Public,20260819,20261205,H,,SOCIAL SCIENCE,459999,,,N,,,,,,,,,,,1
,COREY,D,HAMMOND,,900812374,N,20260801,,,,,,,,,,,,,,N,,,,,,,,,,,
,SHERRNACE,E,BONDS,,900841195,N,20260801,,,,,,,,,,,,,,N,,,,,,,,,,,
,LAUREN,E,SZYMANSKI,,900866967,Y,20260801,001598-00,UNIVERSITY OF GEORGIA,GA,4,Public,20260804,20261231,F,B,NATURAL RES MGMT AND SUSTAIN,030104,,,N,,,,,,,,,,,1
,GLENDA,,CARRERA,,900724627,N,20260801,,,,,,,,,,,,,,N,,,,,,,,,,,
,CARMEN,A,THOMAS,,900827686,N,20260801,,,,,,,,,,,,,,N,,,,,,,,,,,
,KELLY,F,GRIFFIN,,900136108,Y,20260801,020530-00,LIBERTY UNIVERSITY,VA,4,Private,20260629,20260821,L,S,INTERDISCIPLINARY STUDIES,309999,,,N,,,,,,,,,,,1
,KELLY,F,GRIFFIN,,900136108,Y,20260801,020530-00,LIBERTY UNIVERSITY,VA,4,Private,20260824,20261016,F,S,INTERDISCIPLINARY STUDIES,309999,,,N,,,,,,,,,,,1
,EMILY,B,WARREN,,900532626,N,20260801,,,,,,,,,,,,,,N,,,,,,,,,,,
,MICHAEL,K,TUCKER,,900643884,N,20260801,,,,,,,,,,,,,,N,,,,,,,,,,,
,DANIELLE,R,BURKMAN,,900308973,N,20260801,,,,,,,,,,,,,,N,,,,,,,,,,,
,MADELINE,M,MATHIS,,900780661,N,20260801,,,,,,,,,,,,,,N,,,,,,,,,,,
,MADELINE,M,GRASSO,,900831351,N,20260801,,,,,,,,,,,,,,N,,,,,,,,,,,
,GENEVA,,HENLEY,,900877854,N,20260801,,,,,,,,,,,,,,N,,,,,,,,,,,
,COLBY,B,HUDGINS,,900874485,N,20260801,,,,,,,,,,,,,,N,,,,,,,,,,,
,JUAN,L,GORDILLO,,900644824,N,20260801,,,,,,,,,,,,,,N,,,,,,,,,,,
,ROBERT,F,BRANDON,,900653577,N,20260801,,,,,,,,,,,,,,N,,,,,,,,,,,
,AARON,M,DEARBORN,,900846635,N,20260801,,,,,,,,,,,,,,N,,,,,,,,,,,
,SUZANNA,M,BUTERA,,900172590,N,20260801,,,,,,,,,,,,,,N,,,,,,,,,,,
,KAITLIN,H,HUSSEY,,900243430,N,20260801,,,,,,,,,,,,,,N,,,,,,,,,,,
,ASHTON,W,RAY,,900779341,Y,20260801,001598-00,UNIVERSITY OF GEORGIA,GA,4,Public,20260804,20261231,F,,COMPARATIVE BIOMEDICAL SCIENCE,261401,,,N,,,,,,,,,,,1
,JACOB,W,ELDER,,900822091,N,20260801,,,,,,,,,,,,,,N,,,,,,,,,,,
,TROY,R,GLAZE,,900904522,N,20260801,,,,,,,,,,,,,,N,,,,,,,,,,,
,IRENE,M,ALMANZA,,900515874,N,20260801,,,,,,,,,,,,,,N,,,,,,,,,,,
,OLIVIA,M,ZEIGLER,,900612505,N,20260801,,,,,,,,,,,,,,N,,,,,,,,,,,
,THOMAS,J,GERRELL,,900645221,N,20260801,,,,,,,,,,,,,,N,,,,,,,,,,,
,DEVIN,A,KINNUNEN,,900838653,N,20260801,,,,,,,,,,,,,,N,,,,,,,,,,,
,MICHAEL,R,PINION,,900032836,Y,20260801,001585-00,UNIVERSITY OF NORTH GEORGIA,GA,4,Public,20260810,20261204,Q,B,POLITICAL SCI PRE LAW,451001,,,N,,,,,,,,,,,1
,JEFFREY,W,MOORE,,900684086,N,20260801,,,,,,,,,,,,,,N,,,,,,,,,,,
,ARIEL,A,DAVENPORT,,900793335,N,20260801,,,,,,,,,,,,,,N,,,,,,,,,,,
,ANTHONY,A,MERRIMAN,,900879192,N,20260801,,,,,,,,,,,,,,N,,,,,,,,,,,
,ROXANA,I,STEVENS,,900054878,N,20260801,,,,,,,,,,,,,,N,,,,,,,,,,,
,ETHAN,B,GARDNER,,900317747,N,20260801,,,,,,,,,,,,,,N,,,,,,,,,,,
,AUDREY,,DORSEY,,900518118,Y,20260801,001585-00,UNIVERSITY OF NORTH GEORGIA,GA,4,Public,20260810,20261204,Q,B,B A S TECHNOLOGY MANAGEMENT,520299,,,N,,,,,,,,,,,1
,ISABELLE,A,CARSON,,900749989,N,20260801,,,,,,,,,,,,,,N,,,,,,,,,,,
,BRYANT,L,SINGLETON,,900770654,N,20260801,,,,,,,,,,,,,,N,,,,,,,,,,,
,JENNIFER,A,BROWN,,900026444,N,20260801,,,,,,,,,,,,,,N,,,,,,,,,,,
,ELIZABETH,B,BROWN,,900490361,N,20260801,,,,,,,,,,,,,,N,,,,,,,,,,,
,RYAN,A,GALLENKAMP,,900854897,N,20260801,,,,,,,,,,,,,,N,,,,,,,,,,,
,STEPHANIE,M,CLOUSE,,900035056,N,20260801,,,,,,,,,,,,,,N,,,,,,,,,,,
,MAGGIE,M,LEWIS,,900911877,Y,20260801,001554-00,BERRY COLLEGE,GA,4,Private,20260824,20261211,H,M,CURRICULUM AND INSTRUCTION,130301,,,N,,,,,,,,,,,1
,AXTON,C,MORRIS,,900834134,N,20260801,,,,,,,,,,,,,,N,,,,,,,,,,,
,ABBEY,E,ADAMS,,900873284,N,20260801,,,,,,,,,,,,,,N,,,,,,,,,,,
,TROY,J,RICKERT,,900886396,N,20260801,,,,,,,,,,,,,,N,,,,,,,,,,,
,ZACHARY,A,GOLDEN,,900910170,N,20260801,,,,,,,,,,,,,,N,,,,,,,,,,,
,ASHLEY,J,CASTILLO,,900912123,Y,20260801,001585-00,UNIVERSITY OF NORTH GEORGIA,GA,4,Public,20260810,20261204,Q,A,COMPUTER SCIENCE PATHWAY,240101,,,N,,,,,,,,,,,1
,RACHEL,A,ZALEWSKI,,900912516,N,20260801,,,,,,,,,,,,,,N,,,,,,,,,,,
,JULIAN,,GOMEZ,,900797271,N,20260801,,,,,,,,,,,,,,N,,,,,,,,,,,
,ANDREW,D,WALKER,,900822729,N,20260801,,,,,,,,,,,,,,N,,,,,,,,,,,
,KAITLYN,B,MILLSAP,,900905385,N,20260801,,,,,,,,,,,,,,N,,,,,,,,,,,
,GAVIN,X,ATHA,,900910180,N,20260801,,,,,,,,,,,,,,N,,,,,,,,,,,
,ANDREW,R,MOORE,,900930614,N,20260801,,,,,,,,,,,,,,N,,,,,,,,,,,
,ETHAN,A,CASON,,900934911,Y,20260801,001577-00,KENNESAW STATE UNIVERSITY,GA,4,Public,20260824,20261214,F,B,CIVIL ENGINEERING,140801,,,N,,,,,,,,,,,1
,WHITNEY,E,LITTLE,,900881291,Y,20260801,001598-00,UNIVERSITY OF GEORGIA,GA,4,Public,20260804,20261231,F,,LANDSCAPE ARCHITECTURE,040601,,,N,,,,,,,,,,,1
,JAMES,A,COLEMAN,,900882615,N,20260801,,,,,,,,,,,,,,N,,,,,,,,,,,
,ABIGAIL,F,LEGG,,900915657,Y,20260801,001598-00,UNIVERSITY OF GEORGIA,GA,4,Public,20260512,20260803,H,B,TURFGRASS MANAGEMENT,010607,,,N,,,,,,,,,,,1
,ABIGAIL,F,LEGG,,900915657,Y,20260801,001598-00,UNIVERSITY OF GEORGIA,GA,4,Public,20260804,20261231,F,B,TURFGRASS MANAGEMENT,010607,,,N,,,,,,,,,,,1
,GRAYSON,F,GUNTER,,900925230,N,20260801,,,,,,,,,,,,,,N,,,,,,,,,,,
,RHETT,G,WALKER,,900928459,N,20260801,,,,,,,,,,,,,,N,,,,,,,,,,,
,CATHERINE,E,NAMEI,,900682298,N,20260801,,,,,,,,,,,,,,N,,,,,,,,,,,
,RADHIKA,B,RAJA,,900720478,N,20260801,,,,,,,,,,,,,,N,,,,,,,,,,,
,BRITTANY,,THOMAS,,900732835,N,20260801,,,,,,,,,,,,,,N,,,,,,,,,,,
,KAMERON,A,ALLEN,,900878450,N,20260801,,,,,,,,,,,,,,N,,,,,,,,,,,
,BENJAMIN,S,SPRAKER,,900882707,N,20260801,,,,,,,,,,,,,,N,,,,,,,,,,,
,LEA,R,BERGDOLL,,900913375,N,20260801,,,,,,,,,,,,,,N,,,,,,,,,,,
,TERRY,L,PALMER,,900048957,N,20260801,,,,,,,,,,,,,,N,,,,,,,,,,,
,RAPHAEL,T,RAYMUNDO,,900502128,N,20260801,,,,,,,,,,,,,,N,,,,,,,,,,,
,BRITNEY,,ESTUDILLO-RAMIREZ,,900812368,N,20260801,,,,,,,,,,,,,,N,,,,,,,,,,,
,BENJAMIN,E,SANTOS,,900714431,N,20260801,,,,,,,,,,,,,,N,,,,,,,,,,,
,DELANA,R,RUDDELL,,900718211,N,20260801,,,,,,,,,,,,,,N,,,,,,,,,,,
,MADISON,E,WILLIAMS,,900765704,N,20260801,,,,,,,,,,,,,,N,,,,,,,,,,,
,KRYSTIAN,P,BARAN,,900917137,N,20260801,,,,,,,,,,,,,,N,,,,,,,,,,,
,LOGAN,J,THOMPSON,,900918593,N,20260801,,,,,,,,,,,,,,N,,,,,,,,,,,
,AMANDA,L,LIVINGSTONE,,900936200,N,20260801,,,,,,,,,,,,,,N,,,,,,,,,,,
,JASON,C,WHITMORE,,900883404,N,20260801,,,,,,,,,,,,,,N,,,,,,,,,,,
,RYAN,,KWIATKOWSKI,,900936183,N,20260801,,,,,,,,,,,,,,N,,,,,,,,,,,
,FABIOLA,,PEREZ,,900950327,Y,20260801,001585-00,UNIVERSITY OF NORTH GEORGIA,GA,4,Public,20260810,20261204,L,B,ELEMENTARY SPECIAL EDUCATION,131202,,,N,,,,,,,,,,,1
,RACQUEL,,JOHNSON,,900884113,N,20260801,,,,,,,,,,,,,,N,,,,,,,,,,,
,VICTORIA,M,LYONS,,900879001,N,20260801,,,,,,,,,,,,,,N,,,,,,,,,,,
,MADELYNN,M,MORENO,,900886426,N,20260801,,,,,,,,,,,,,,N,,,,,,,,,,,
,JACKSON,J,KEAHEY,,900905031,N,20260801,,,,,,,,,,,,,,N,,,,,,,,,,,
,GABY,H,GALVEZ GARCIA,,900918857,N,20260801,,,,,,,,,,,,,,N,,,,,,,,,,,
,JIAYONG,,ZHENG,,900923561,N,20260801,,,,,,,,,,,,,,N,,,,,,,,,,,
,ROSEMARY,E,GRANT,,900933655,Y,20260801,001598-00,UNIVERSITY OF GEORGIA,GA,4,Public,,,,,,,,,Y,20260803,BACH OF SCI FOREST RESOURCES,FISHERIES AND WILDLIFE,030601,,,,,,,1
,DOUGLAS,I,BOULWARE,,900917752,N,20260801,,,,,,,,,,,,,,N,,,,,,,,,,,
,CARLY,P,ABERCROMBIE,,900919259,N,20260801,,,,,,,,,,,,,,N,,,,,,,,,,,
,KARSON,J,KINNEVY,,900942864,N,20260801,,,,,,,,,,,,,,N,,,,,,,,,,,
,TREY,M,PRUITT,,900943707,N,20260801,,,,,,,,,,,,,,N,,,,,,,,,,,
,GISSELLE,A,VALLADARES-ALVAREZ,,900945851,N,20260801,,,,,,,,,,,,,,N,,,,,,,,,,,
,STORMIE,R,EDWARDS,,900918647,N,20260801,,,,,,,,,,,,,,N,,,,,,,,,,,
,RYAN,C,WEAVER,,900922681,N,20260801,,,,,,,,,,,,,,N,,,,,,,,,,,
,BRIANNA,M,OLSON,,900928330,N,20260801,,,,,,,,,,,,,,N,,,,,,,,,,,
,LUKE,B,DAVENPORT,,900933373,N,20260801,,,,,,,,,,,,,,N,,,,,,,,,,,
,BENJAMIN,C,HUDALLA,,900936804,N,20260801,,,,,,,,,,,,,,N,,,,,,,,,,,
,ANABEL,J,ADAMS,,900932504,N,20260801,,,,,,,,,,,,,,N,,,,,,,,,,,
,PETER,A,GABRIEL,,900934447,N,20260801,,,,,,,,,,,,,,N,,,,,,,,,,,
,ISAAC,L,BROOKS,,900935099,N,20260801,,,,,,,,,,,,,,N,,,,,,,,,,,
,ROBERT,T,JAMES,,900945023,N,20260801,,,,,,,,,,,,,,N,,,,,,,,,,,
,KEENAN,M,ROBINSON,,900957943,N,20260801,,,,,,,,,,,,,,N,,,,,,,,,,,
,IVY,M,COLLINS,,900777252,N,20260801,,,,,,,,,,,,,,N,,,,,,,,,,,
,DAVID,A,TISDALE,,900865323,N,20260801,,,,,,,,,,,,,,N,,,,,,,,,,,
,AYDEN,J,HOLLIS,,900923716,Y,20260801,001598-00,UNIVERSITY OF GEORGIA,GA,4,Public,20260804,20261231,F,B,INTENDED ECONOMICS,450601,PHILOSOPHY,380101,N,,,,,,,,,,,1
,LILY,A,COBB,,900928517,N,20260801,,,,,,,,,,,,,,N,,,,,,,,,,,
,PAXTON,E,MEYER,,900948640,N,20260801,,,,,,,,,,,,,,N,,,,,,,,,,,
,CAMERON,D,BORDERS,,900866269,N,20260801,,,,,,,,,,,,,,N,,,,,,,,,,,
,BRADY,S,OWEN,,900915549,N,20260801,,,,,,,,,,,,,,N,,,,,,,,,,,
,DAKOTA,,COLLINS,,900916998,N,20260801,,,,,,,,,,,,,,N,,,,,,,,,,,
,DAWSON,G,JONES-FISCHER,,900936525,N,20260801,,,,,,,,,,,,,,N,,,,,,,,,,,
,TREY,A,PARRISH,,900938409,N,20260801,,,,,,,,,,,,,,N,,,,,,,,,,,
,DEINEDRA,,MENSAH-BONSU,,900939174,N,20260801,,,,,,,,,,,,,,N,,,,,,,,,,,
,JAZMIN,R,FLOYD,,900962157,N,20260801,,,,,,,,,,,,,,N,,,,,,,,,,,
,JAMES,R,COLEMAN,,900822528,N,20260801,,,,,,,,,,,,,,N,,,,,,,,,,,
,GISELLE,K,MARTINEZ,,900850858,N,20260801,,,,,,,,,,,,,,N,,,,,,,,,,,
,STEPHEN,M,RUCKER,,900902331,N,20260801,,,,,,,,,,,,,,N,,,,,,,,,,,
,EMILY,A,BERGDOLL,,900913376,N,20260801,,,,,,,,,,,,,,N,,,,,,,,,,,
,KATHERINE,E,MILLS,,900923973,N,20260801,,,,,,,,,,,,,,N,,,,,,,,,,,
,SAMUEL,C,CHAFIN,,900942154,N,20260801,,,,,,,,,,,,,,N,,,,,,,,,,,
,CRISTIAN,,MARTINEZ,,900948628,N,20260801,,,,,,,,,,,,,,N,,,,,,,,,,,
,BRIANNA,M,SIMISTER,,900959801,N,20260801,,,,,,,,,,,,,,N,,,,,,,,,,,
,TIFFANY,V,WOODARD,,900960184,N,20260801,,,,,,,,,,,,,,N,,,,,,,,,,,
,ETHAN,H,RING,,900936987,N,20260801,,,,,,,,,,,,,,N,,,,,,,,,,,
,GEORGIANA,L,MCFADDEN,,900941423,N,20260801,,,,,,,,,,,,,,N,,,,,,,,,,,
,ALISSA,L,MINER,,900942000,N,20260801,,,,,,,,,,,,,,N,,,,,,,,,,,
,BROOKE,E,QUARLES,,900964082,N,20260801,,,,,,,,,,,,,,N,,,,,,,,,,,
,SAMUEL,J,LORTON,,900964289,N,20260801,,,,,,,,,,,,,,N,,,,,,,,,,,
,TYLER,H,HOLMES,,900909380,N,20260801,,,,,,,,,,,,,,N,,,,,,,,,,,
,DELANEY,E,WILLITS,,900949863,N,20260801,,,,,,,,,,,,,,N,,,,,,,,,,,
,MADELINE,E,FARILL,,900950042,N,20260801,,,,,,,,,,,,,,N,,,,,,,,,,,
,LYDIA,M,NUNNELLEY,,900951974,N,20260801,,,,,,,,,,,,,,N,,,,,,,,,,,
,TROY,D,DOYLE,,900948367,N,20260801,,,,,,,,,,,,,,N,,,,,,,,,,,
,ZOE,G,HARRISON,,900948925,N,20260801,,,,,,,,,,,,,,N,,,,,,,,,,,
,JULIE,M,KRAL,,900949180,N,20260801,,,,,,,,,,,,,,N,,,,,,,,,,,
,MACY,,FULLER,,900955688,Y,20260801,001585-00,UNIVERSITY OF NORTH GEORGIA,GA,4,Public,20260810,20261204,L,B,HISTORY,540101,,,N,,,,,,,,,,,1
,DAKOTA,L,SMITH,,900959531,Y,20260801,001598-00,UNIVERSITY OF GEORGIA,GA,4,Public,20260804,20261231,F,B,BIOMEDICAL PHYSIOLOGY,260901,,,N,,,,,,,,,,,1
,SARAH,R,BABIARZ,,900917136,N,20260801,,,,,,,,,,,,,,N,,,,,,,,,,,
,THEODORE,J,JARRETT,,900939037,N,20260801,,,,,,,,,,,,,,N,,,,,,,,,,,
,CARMEN,D,GARCIA,,900951105,N,20260801,,,,,,,,,,,,,,N,,,,,,,,,,,
,TAMIYAH,,JOHNSON,,900957080,N,20260801,,,,,,,,,,,,,,N,,,,,,,,,,,
,ELIJAH,A,SCOTT,,900920168,N,20260801,,,,,,,,,,,,,,N,,,,,,,,,,,
,SIMONE,E,STUART,,900931335,N,20260801,,,,,,,,,,,,,,N,,,,,,,,,,,
,EMELIA,L,CASWELL,,900934458,N,20260801,,,,,,,,,,,,,,N,,,,,,,,,,,
,LAUREN,B,MERRITT,,900950885,N,20260801,,,,,,,,,,,,,,N,,,,,,,,,,,
,SARAH,C,WATERS,,900960396,N,20260801,,,,,,,,,,,,,,N,,,,,,,,,,,
,ZACHARY,,ENRIGHT,,900961611,N,20260801,,,,,,,,,,,,,,N,,,,,,,,,,,
,PRISILA,A,BAUTISTA-VELASCO,,900965623,N,20260801,,,,,,,,,,,,,,N,,,,,,,,,,,
,JOHN-MARK,I,FOSTER,,900917831,N,20260801,,,,,,,,,,,,,,N,,,,,,,,,,,
,CHLOE,G,LOUGHMILLER,,900956212,N,20260801,,,,,,,,,,,,,,N,,,,,,,,,,,
,ANDREW,G,LIMA,,900875433,N,20260801,,,,,,,,,,,,,,N,,,,,,,,,,,
,MEGAN,,COLLINS,,900885724,N,20260801,,,,,,,,,,,,,,N,,,,,,,,,,,
,HAYDEN,M,HINSLEY,,900905096,N,20260801,,,,,,,,,,,,,,N,,,,,,,,,,,
,WALKER,J,WICHMANN,,900932049,N,20260801,,,,,,,,,,,,,,N,,,,,,,,,,,
,ALEXIS,T,JOHNSON,,900951199,N,20260801,,,,,,,,,,,,,,N,,,,,,,,,,,
,DALLAS,C,FORSYTH,,900962232,N,20260801,,,,,,,,,,,,,,N,,,,,,,,,,,
,MICHAEL,,DOTSON,,900961769,N,20260801,,,,,,,,,,,,,,N,,,,,,,,,,,
,CHRISTOPHER,D,SMITH,,900968886,N,20260801,,,,,,,,,,,,,,N,,,,,,,,,,,
,RYAN,R,COUNTS,,900962331,N,20260801,,,,,,,,,,,,,,N,,,,,,,,,,,
,SARRAH,R,ALVAREZ,,900963965,N,20260801,,,,,,,,,,,,,,N,,,,,,,,,,,
,CHRISTIAN,J,CHAMBERS,,900939712,N,20260801,,,,,,,,,,,,,,N,,,,,,,,,,,
,ADAM,J,CROCKER,,900952641,N,20260801,,,,,,,,,,,,,,N,,,,,,,,,,,
,VERONICA,M,PHILLIPS,,900962235,N,20260801,,,,,,,,,,,,,,N,,,,,,,,,,,
,ASHLEE,N,RUTIGLIANO,,900950275,N,20260801,,,,,,,,,,,,,,N,,,,,,,,,,,
,ARSHDEEP,,SOHAL,,900956874,N,20260801,,,,,,,,,,,,,,N,,,,,,,,,,,
,BRYAN,,BONILLA,,900963180,N,20260801,,,,,,,,,,,,,,N,,,,,,,,,,,
,ANDREW,S,KIRKPATRICK,,900967811,N,20260801,,,,,,,,,,,,,,N,,,,,,,,,,,
,MADISON,S,PHILLIPS,,900937885,N,20260801,,,,,,,,,,,,,,N,,,,,,,,,,,
,JACKSON,R,VANDIVER,,900940515,N,20260801,,,,,,,,,,,,,,N,,,,,,,,,,,
,HANNA,R,PRUITT,,900941204,N,20260801,,,,,,,,,,,,,,N,,,,,,,,,,,
,JAMES,A,JUSTICE,,900942185,N,20260801,,,,,,,,,,,,,,N,,,,,,,,,,,
,JACKSON,,SCHUTT,,900957924,Y,20260801,001710-00,LOYOLA OF CHICAGO - GRAD BUSINESS,IL,4,Private,20260821,20261102,F,M,MASTER OF SCIENCE IN FINANCE,521399,,,N,,,,,,,,,,,1
,JULIAN,E,BALLESTEROS,,900966975,N,20260801,,,,,,,,,,,,,,N,,,,,,,,,,,
,CADEN,T,GILLETTE,,900972592,N,20260801,,,,,,,,,,,,,,N,,,,,,,,,,,
,MEGAN,E,FLOOD,,900974641,N,20260801,,,,,,,,,,,,,,N,,,,,,,,,,,
,DANIEL,W,BLACK,,900975919,N,20260801,,,,,,,,,,,,,,N,,,,,,,,,,,
,GREGORY,P,MILLER,,900932408,Y,20260801,001574-00,GEORGIA STATE UNIVERSITY,GA,4,Public,20260824,20261215,H,J,EXPLORATORY,240102,,,N,,,,,,,,,,,1
,MARIANA,E,MAYO,,900935245,Y,20260801,001588-00,PIEDMONT UNIVERSITY,GA,4,Private,20260812,20261208,F,R,NURSING,513801,,,N,,,,,,,,,,,1
,ELIUD,,ARGUETA,,900949190,N,20260801,,,,,,,,,,,,,,N,,,,,,,,,,,
,YAIRE,,MARTINEZ MORALES,,900965012,N,20260801,,,,,,,,,,,,,,N,,,,,,,,,,,
,MADISON,E,DAVIS,,900953804,N,20260801,,,,,,,,,,,,,,N,,,,,,,,,,,
,SARAH,P,STALEMARK,,900962350,N,20260801,,,,,,,,,,,,,,N,,,,,,,,,,,
,DAMIAN MICHAEL,C,PRATT,,900963534,N,20260801,,,,,,,,,,,,,,N,,,,,,,,,,,
,RYAN,A,BAGLEY,,900969292,N,20260801,,,,,,,,,,,,,,N,,,,,,,,,,,
,SAMANTHA,K,BRADLEY,,900977509,Y,20260801,001571-00,GEORGIA MILITARY COLLEGE- ONLINE,GA,2,Public,20260810,20261006,F,F,PUBLIC HEALTH,512201,,,N,,,,,,,,,,,1
,MARY,C,FABER,,900987835,N,20260801,,,,,,,,,,,,,,N,,,,,,,,,,,
,MARIAH,A,ANDRADE,,900973847,N,20260801,,,,,,,,,,,,,,N,,,,,,,,,,,
,EMMA,A,TURNER,,900976771,N,20260801,,,,,,,,,,,,,,N,,,,,,,,,,,
,LANDON,J,HOUSLEY,,900978153,N,20260801,,,,,,,,,,,,,,N,,,,,,,,,,,
,JACOB,T,PRUITT,,900988382,Y,20260801,001556-00,BRENAU UNIVERSITY,GA,4,Private,20260817,20261204,F,M,OCCUPATIONAL THERAPY,512306,,,N,,,,,,,,,,,1
,NATHALIE,G,GARRIDO,,900972805,N,20260801,,,,,,,,,,,,,,N,,,,,,,,,,,
,TAYLOR,M,GODWIN,,900973088,N,20260801,,,,,,,,,,,,,,N,,,,,,,,,,,
,HAILIE,M,IANNO-MAYER,,900973369,N,20260801,,,,,,,,,,,,,,N,,,,,,,,,,,
,NATALIE,E,WORTHAM,,900974516,N,20260801,,,,,,,,,,,,,,N,,,,,,,,,,,
,KATLYN,N,WINGO,,900969934,N,20260801,,,,,,,,,,,,,,N,,,,,,,,,,,
,LAUREN,M,TROMBINO,,900971678,N,20260801,,,,,,,,,,,,,,N,,,,,,,,,,,
,JOSEPH,F,ASHLEY,,900973035,N,20260801,,,,,,,,,,,,,,N,,,,,,,,,,,
,GARRISON,S,BENNETT,,900961569,N,20260801,,,,,,,,,,,,,,N,,,,,,,,,,,
,ABIGAIL,K,REGAN,,900966496,N,20260801,,,,,,,,,,,,,,N,,,,,,,,,,,
,KATELYNN,M,MELKO,,900975108,N,20260801,,,,,,,,,,,,,,N,,,,,,,,,,,
,SAVANAH,,CLACK,,900978239,N,20260801,,,,,,,,,,,,,,N,,,,,,,,,,,
,ALEXIS,G,STARLING,,900975330,N,20260801,,,,,,,,,,,,,,N,,,,,,,,,,,
,CADE,C,CHITTY,,900976286,N,20260801,,,,,,,,,,,,,,N,,,,,,,,,,,
,JORDAN,A,CAMPBELL,,900988082,N,20260801,,,,,,,,,,,,,,N,,,,,,,,,,,
,TANNER,,HEARN,,900988139,N,20260801,,,,,,,,,,,,,,N,,,,,,,,,,,
,TYLER,G,HAVEL,,900995046,N,20260801,,,,,,,,,,,,,,N,,,,,,,,,,,
,KENDALL,P,DROSAKIS,,900995930,N,20260801,,,,,,,,,,,,,,N,,,,,,,,,,,
,MADISON,L,BENTLEY,,900968433,N,20260801,,,,,,,,,,,,,,N,,,,,,,,,,,
,MADELINE,G,MCCLOSKEY,,900973321,N,20260801,,,,,,,,,,,,,,N,,,,,,,,,,,
,MICHAEL,M,LUCE,,900976391,N,20260801,,,,,,,,,,,,,,N,,,,,,,,,,,
,CONNER,,CHATMAN,,900978575,N,20260801,,,,,,,,,,,,,,N,,,,,,,,,,,
,BRIGITTE,F,GUTIERREZ,,900979416,N,20260801,,,,,,,,,,,,,,N,,,,,,,,,,,
,JOSEPH,N,LYONS,,900968964,N,20260801,,,,,,,,,,,,,,N,,,,,,,,,,,
,RACHEL,E,BAKER,,900972953,N,20260801,,,,,,,,,,,,,,N,,,,,,,,,,,
,DANIEL,A,HEJAZI,,900980607,N,20260801,,,,,,,,,,,,,,N,,,,,,,,,,,
,MALLORY,,RILEY,,900983364,N,20260801,,,,,,,,,,,,,,N,,,,,,,,,,,
,DUSTIN,,PRINTZ,,900984751,N,20260801,,,,,,,,,,,,,,N,,,,,,,,,,,
,LESLY,,ZUNIGA GARCIA,,900986003,N,20260801,,,,,,,,,,,,,,N,,,,,,,,,,,
,BRIANA,,LAIDMAN,,900970556,N,20260801,,,,,,,,,,,,,,N,,,,,,,,,,,
,DIEGO,A,GOMEZ SANCHEZ,,900977264,N,20260801,,,,,,,,,,,,,,N,,,,,,,,,,,
,BENJAMIN,D,HUGHES,,900979459,N,20260801,,,,,,,,,,,,,,N,,,,,,,,,,,
,EMILY,K,CAUDLE,,900980083,N,20260801,,,,,,,,,,,,,,N,,,,,,,,,,,
,WILSON,L,SIBLEY,,900980593,Y,20260801,001009-00,AUBURN UNIVERSITY,AL,4,Public,20260817,20261211,F,B,AGRICULTURAL COMMUNICATIONS,010802,,,N,,,,,,,,,,,1
,LOGAN,A,BALDWIN,,900986361,N,20260801,,,,,,,,,,,,,,N,,,,,,,,,,,
,JORDAN,B,CHRISTIAN,,900964351,N,20260801,,,,,,,,,,,,,,N,,,,,,,,,,,
,KRISTIN,C,REYES,,900968721,N,20260801,,,,,,,,,,,,,,N,,,,,,,,,,,
,JEREMIAH,J,WRAY,,900975396,N,20260801,,,,,,,,,,,,,,N,,,,,,,,,,,
,DAWSON,T,AUSBORN,,900989954,N,20260801,,,,,,,,,,,,,,N,,,,,,,,,,,
,ANNA,M,THOMPSON,,900991396,N,20260801,,,,,,,,,,,,,,N,,,,,,,,,,,
,JULIA,E,TRAILL,,900994888,Y,20260801,001598-00,UNIVERSITY OF GEORGIA,GA,4,Public,20260512,20260803,F,B,PSYCHOLOGY,420101,,,N,,,,,,,,,,,1
,JULIA,E,TRAILL,,900994888,Y,20260801,001598-00,UNIVERSITY OF GEORGIA,GA,4,Public,20260804,20261231,F,B,PSYCHOLOGY,420101,,,N,,,,,,,,,,,1
,KATELYNN,E,SIMPSON,,900976991,N,20260801,,,,,,,,,,,,,,N,,,,,,,,,,,
,BRIANNA,P,TERAN,,900964402,N,20260801,,,,,,,,,,,,,,N,,,,,,,,,,,
,CHARLES,H,FONTAINE,,900965376,N,20260801,,,,,,,,,,,,,,N,,,,,,,,,,,
,SOFIA,M,PERALTA,,900973758,N,20260801,,,,,,,,,,,,,,N,,,,,,,,,,,
,ANNA,Y,MCKENNEY,,900978057,N,20260801,,,,,,,,,,,,,,N,,,,,,,,,,,
,LEXIE,M,HUNTER,,900982645,N,20260801,,,,,,,,,,,,,,N,,,,,,,,,,,
,SARAH,E,WALKER,,900975452,N,20260801,,,,,,,,,,,,,,N,,,,,,,,,,,
,CAMPBELL,E,SMITH,,900986212,N,20260801,,,,,,,,,,,,,,N,,,,,,,,,,,
,RAYMOND,A,TOUPIN,,900965956,N,20260801,,,,,,,,,,,,,,N,,,,,,,,,,,
,ETHAN,M,HOYT,,900966561,N,20260801,,,,,,,,,,,,,,N,,,,,,,,,,,
,DIANA,C,GIRARD,,900972302,Y,20260801,001574-00,GEORGIA STATE UNIVERSITY,GA,4,Public,20260824,20261215,F,M,BIOLOGY,260101,NEUROSCIENCE,261501,N,,,,,,,,,,,1
,EMMA CLAIRE,,SEANEY,,900976636,Y,20260801,003728-00,OLD DOMINION UNIVERSITY,VA,4,Public,20260518,20260821,F,B,BIOMEDICAL SCIENCES PRE HEALTH,260101,,,N,,,,,,,,,,,1
,BRIDGET,,PEREZ,,900977441,Y,20260801,001598-00,UNIVERSITY OF GEORGIA,GA,4,Public,20260512,20260803,F,B,HEALTH PROMOTION,512207,,,N,,,,,,,,,,,1
,BRIDGET,,PEREZ,,900977441,Y,20260801,001598-00,UNIVERSITY OF GEORGIA,GA,4,Public,20260804,20261231,F,B,HEALTH PROMOTION,512207,,,N,,,,,,,,,,,1
,COLE,E,JUCZYNSKI,,900979837,N,20260801,,,,,,,,,,,,,,N,,,,,,,,,,,
,BENJAMIN,R,KOCH,,900986840,N,20260801,,,,,,,,,,,,,,N,,,,,,,,,,,
,SYDNEY,A,SHOSTAK,,900990203,N,20260801,,,,,,,,,,,,,,N,,,,,,,,,,,
,ELLIE,G,LEATHAM,,900991810,Y,20260801,001585-00,UNIVERSITY OF NORTH GEORGIA,GA,4,Public,20260810,20261204,H,B,HUMAN SERVICES DELIVERY ADMI,440000,,,N,,,,,,,,,,,1
,MALINA,P,RUIZ,,900985129,N,20260801,,,,,,,,,,,,,,N,,,,,,,,,,,
,RUTH,H,WILKINS,,900986859,N,20260801,,,,,,,,,,,,,,N,,,,,,,,,,,
,BETHANY,J,DYER,,900994317,N,20260801,,,,,,,,,,,,,,N,,,,,,,,,,,
,ARELI,M,CRUZ RODRIGUEZ,,900998955,N,20260801,,,,,,,,,,,,,,N,,,,,,,,,,,
,NICHOLAS,S,KIRKA,,900985769,Y,20260801,001598-00,UNIVERSITY OF GEORGIA,GA,4,Public,20260512,20260803,H,B,BIOLOGY,260101,,,N,,,,,,,,,,,1
,NICHOLAS,S,KIRKA,,900985769,Y,20260801,001598-00,UNIVERSITY OF GEORGIA,GA,4,Public,20260804,20261231,F,B,PHARMACY,512001,BIOLOGY,260101,N,,,,,,,,,,,1
,TAYLOR,J,SMITH,,900987370,N,20260801,,,,,,,,,,,,,,N,,,,,,,,,,,
,PHOENIX,L,BORREGO,,900987689,N,20260801,,,,,,,,,,,,,,N,,,,,,,,,,,
,OLIVIA,J,MILLEMAN,,900989038,Y,20260801,001598-00,UNIVERSITY OF GEORGIA,GA,4,Public,20260804,20261231,F,B,AVIAN BIOLOGY,010907,,,N,,,,,,,,,,,1
,EMMA,M,HETLAND,,900994273,N,20260801,,,,,,,,,,,,,,N,,,,,,,,,,,
,THOMAS,,PEGRAM,,900995856,N,20260801,,,,,,,,,,,,,,N,,,,,,,,,,,
,DREW,C,KNICKEL,,900978844,N,20260801,,,,,,,,,,,,,,N,,,,,,,,,,,
,ETHAN,T,POST,,900980383,Y,20260801,001574-00,GEORGIA STATE UNIVERSITY,GA,4,Public,20260824,20261215,F,M,ANTHROPOLOGY,450201,,,N,,,,,,,,,,,1
,HANNAH,B,ALLGOOD,,900968355,N,20260801,,,,,,,,,,,,,,N,,,,,,,,,,,
,EVIE,,MILLER,,900970660,N,20260801,,,,,,,,,,,,,,N,,,,,,,,,,,
,GAVEN,M,VOYLES,,900972612,N,20260801,,,,,,,,,,,,,,N,,,,,,,,,,,
,CARTER,F,PULLEN,,900986399,N,20260801,,,,,,,,,,,,,,N,,,,,,,,,,,
,ADRIAN,,LOPEZ,,900989049,Y,20260801,001598-00,UNIVERSITY OF GEORGIA,GA,4,Public,20260804,20261231,F,B,INTENDED ELECTRCL ELECTRON ENG,141001,,,N,,,,,,,,,,,1
,MARIA,T,SALAS,,900980885,N,20260801,,,,,,,,,,,,,,N,,,,,,,,,,,
,ANDREWS,A,OPATA,,900985161,N,20260801,,,,,,,,,,,,,,N,,,,,,,,,,,
,SARA,,FRANKLIN,,900985114,N,20260801,,,,,,,,,,,,,,N,,,,,,,,,,,
,JACKSON,R,HOGAN,,900985575,N,20260801,,,,,,,,,,,,,,N,,,,,,,,,,,
,ANALEIGH,V,SMALLWOOD,,900975600,N,20260801,,,,,,,,,,,,,,N,,,,,,,,,,,
,JADEN,P,WILBOR,,900976498,N,20260801,,,,,,,,,,,,,,N,,,,,,,,,,,
,MAIREAD,A,FENNELLY,,900985684,N,20260801,,,,,,,,,,,,,,N,,,,,,,,,,,
,ANNA,M,WADDELL,,900987747,N,20260801,,,,,,,,,,,,,,N,,,,,,,,,,,
,OFELIA,,BENITEZ,,900990684,N,20260801,,,,,,,,,,,,,,N,,,,,,,,,,,
,MARILY,,AGUILAR,,900985288,N,20260801,,,,,,,,,,,,,,N,,,,,,,,,,,
,CARYN,E,MILLER,,900988603,N,20260801,,,,,,,,,,,,,,N,,,,,,,,,,,
,CARSON,A,BENNETT,,900964592,N,20260801,,,,,,,,,,,,,,N,,,,,,,,,,,
,OLIVIA,A,LOCKARD,,900971465,N,20260801,,,,,,,,,,,,,,N,,,,,,,,,,,
,MICHAEL,C,ALBANO,,900980010,N,20260801,,,,,,,,,,,,,,N,,,,,,,,,,,
,CAROLINE,F,BRANCH,,900994368,Y,20260801,001572-00,GEORGIA SOUTHERN UNIVERSITY,GA,4,Public,20260819,20261205,F,,TEACHING,131206,,,N,,,,,,,,,,,1
,KATHERINE,A,WARD,,900988068,Y,20260801,001572-00,GEORGIA SOUTHERN UNIVERSITY,GA,4,Public,20260819,20261205,F,B,TEACHING,131206,,,N,,,,,,,,,,,1
,KATHRYN,R,PEACOCK,,900991224,N,20260801,,,,,,,,,,,,,,N,,,,,,,,,,,
,WILLIAM,A,MURRAY,,900992436,N,20260801,,,,,,,,,,,,,,N,,,,,,,,,,,
,MATTHEW,J,WILLINGS,,900995510,N,20260801,,,,,,,,,,,,,,N,,,,,,,,,,,
,PAIGE,A,WHEAT,,900995598,N,20260801,,,,,,,,,,,,,,N,,,,,,,,,,,
,CADEN,D,BARBREE,,901001013,N,20260801,,,,,,,,,,,,,,N,,,,,,,,,,,
,JOHN,E,DAVIS,,901001053,N,20260801,,,,,,,,,,,,,,N,,,,,,,,,,,
,ISABELLA,R,HUNT,,901003151,Y,20260801,001598-00,UNIVERSITY OF GEORGIA,GA,4,Public,20260804,20261231,F,B,INTENDED EXERCISE AND SPORT SC,310505,,,N,,,,,,,,,,,1
,SOPHIE,G,PETERSON,,900987900,N,20260801,,,,,,,,,,,,,,N,,,,,,,,,,,
,ANDERSON,J,REEVES,,900988048,N,20260801,,,,,,,,,,,,,,N,,,,,,,,,,,
,MATTHEW,S,ROBERTS,,900990480,N,20260801,,,,,,,,,,,,,,N,,,,,,,,,,,
,SKYLER,S,WILLIAMS,,900995074,N,20260801,,,,,,,,,,,,,,N,,,,,,,,,,,
,ISABELLA,Y,WHITE,,900996321,Y,20260801,001577-00,KENNESAW STATE UNIVERSITY,GA,4,Public,20260824,20261214,F,B,COMPUTER GAME DESIGN DEV,110204,,,N,,,,,,,,,,,1
,TAYLOR,M,POOLE,,900999497,N,20260801,,,,,,,,,,,,,,N,,,,,,,,,,,
,KYLE,A,WARR,,900991842,N,20260801,,,,,,,,,,,,,,N,,,,,,,,,,,
,JUSTIN,M,HANNAN,,900996826,N,20260801,,,,,,,,,,,,,,N,,,,,,,,,,,
,LOGAN,,WESTBROOK,,901001347,Y,20260801,001598-00,UNIVERSITY OF GEORGIA,GA,4,Public,20260804,20261231,F,B,EXERCISE AND SPORT SCIENCE,310505,,,N,,,,,,,,,,,1
,SARAH,E,ADAMS,,900985806,N,20260801,,,,,,,,,,,,,,N,,,,,,,,,,,
,RYAN,P,SHANNON,,900993378,N,20260801,,,,,,,,,,,,,,N,,,,,,,,,,,
,KRISHNA,V,PANDYA,,900997324,N,20260801,,,,,,,,,,,,,,N,,,,,,,,,,,
,PAULINA,,CRUZ,,900999726,N,20260801,,,,,,,,,,,,,,N,,,,,,,,,,,
,ISABELLA,,RODRIGUEZ,,900999754,N,20260801,,,,,,,,,,,,,,N,,,,,,,,,,,
,MAGGIE,D,GIZINSKI,,901000057,N,20260801,,,,,,,,,,,,,,N,,,,,,,,,,,
,JENNA,K,WELCH,,900986234,N,20260801,,,,,,,,,,,,,,N,,,,,,,,,,,
,CHASE,A,COLLYER,,900990329,N,20260801,,,,,,,,,,,,,,N,,,,,,,,,,,
,BRYAN,J,CANTRELL,,900991170,N,20260801,,,,,,,,,,,,,,N,,,,,,,,,,,
,VIRGINIA,L,ELLIS,,900992985,N,20260801,,,,,,,,,,,,,,N,,,,,,,,,,,
,AUSTIN,F,TOWE,,900990598,N,20260801,,,,,,,,,,,,,,N,,,,,,,,,,,
,TURNER,C,JOHNSON,,900993609,Y,20260801,001577-00,KENNESAW STATE UNIVERSITY,GA,4,Public,20260824,20261214,F,B,SPORT MANAGEMENT INTEREST,310504,,,N,,,,,,,,,,,1
,PARIS,Q,NGUYEN,,900993975,N,20260801,,,,,,,,,,,,,,N,,,,,,,,,,,
,GARRETT,C,SHORT,,900998549,N,20260801,,,,,,,,,,,,,,N,,,,,,,,,,,
,SIMON,L,VERMEULEN,,900998990,N,20260801,,,,,,,,,,,,,,N,,,,,,,,,,,
,CHRISTOPHER,C,RICE,,900986425,N,20260801,,,,,,,,,,,,,,N,,,,,,,,,,,
,CARRIE ANNE,T,MUNDY,,900986940,N,20260801,,,,,,,,,,,,,,N,,,,,,,,,,,
,LUKE,E,LOPEZ,,900989447,N,20260801,,,,,,,,,,,,,,N,,,,,,,,,,,
,ELSA,J,SJOGREN,,900990496,N,20260801,,,,,,,,,,,,,,N,,,,,,,,,,,
,DAVID,A,HOUGHTALING,,900994812,N,20260801,,,,,,,,,,,,,,N,,,,,,,,,,,
,SEAN,T,ORMEROD,,900999624,N,20260801,,,,,,,,,,,,,,N,,,,,,,,,,,
,JACOB,T,OLIVO,,901000985,N,20260801,,,,,,,,,,,,,,N,,,,,,,,,,,
,MKAILA,S,MCCORMICK,,900994659,Y,20260801,001556-00,BRENAU UNIVERSITY,GA,4,Private,20260504,20260814,L,R,BIOLOGY,260101,,,N,,,,,,,,,,,1
,MKAILA,S,MCCORMICK,,900994659,Y,20260801,001556-00,BRENAU UNIVERSITY,GA,4,Private,20260817,20261204,F,R,BIOLOGY,260101,,,N,,,,,,,,,,,1
,JAD,,GHAZAL,,900996099,N,20260801,,,,,,,,,,,,,,N,,,,,,,,,,,
,SHAYNE,E,MURPHY,,900999789,Y,20260801,001569-00,GEORGIA INSTITUTE OF TECHNOLOGY,GA,4,Public,20260518,20260806,L,B,INDUSTRIAL ENGINEERING,143501,,,N,,,,,,,,,,,1
,DAISY,G,CURTRIGHT,,901001051,Y,20260801,001598-00,UNIVERSITY OF GEORGIA,GA,4,Public,20260804,20261231,F,B,NUTRITIONAL SCIENCES,301901,HUMAN DEVELOPMENT AND FAM SCI,190701,N,,,,,,,,,,,1
,ELIZABETH,R,HUTCHISON,,901001636,Y,20260801,001051-00,UNIVERSITY OF ALABAMA,AL,4,Public,20260819,20261211,F,B,KINESIOLOGY,310505,,,N,,,,,,,,,,,1
,ROBERT,G,BUDEANU,,901003577,N,20260801,,,,,,,,,,,,,,N,,,,,,,,,,,
,ADDYSON,L,JOHNSON,,901013692,Y,20260801,001598-00,UNIVERSITY OF GEORGIA,GA,4,Public,20260512,20260803,H,B,NUTRITIONAL SCIENCES,301901,,,N,,,,,,,,,,,1
,ADDYSON,L,JOHNSON,,901013692,Y,20260801,001598-00,UNIVERSITY OF GEORGIA,GA,4,Public,20260804,20261231,F,B,NUTRITIONAL SCIENCES,301901,,,N,,,,,,,,,,,1
,WEDDS,,SIMS,,900988855,N,20260801,,,,,,,,,,,,,,N,,,,,,,,,,,
,SKYLER,C,MILTON,,900989287,N,20260801,,,,,,,,,,,,,,N,,,,,,,,,,,
,EMELIA,L,DURHAM,,900989366,N,20260801,,,,,,,,,,,,,,N,,,,,,,,,,,
,CAROLINE,M,REDMOND,,900993835,N,20260801,,,,,,,,,,,,,,N,,,,,,,,,,,
,JANEYA,,WILLIAMS,,901001487,N,20260801,,,,,,,,,,,,,,N,,,,,,,,,,,
,BRETT,,FERWERDA,,901002205,N,20260801,,,,,,,,,,,,,,N,,,,,,,,,,,
,SUBHAVI,,SOMESULA,,900999767,Y,20260801,001574-00,GEORGIA STATE UNIVERSITY,GA,4,Public,20260511,20260803,F,R,ECONOMICS,450601,,,N,,,,,,,,,,,1
,SUBHAVI,,SOMESULA,,900999767,Y,20260801,001574-00,GEORGIA STATE UNIVERSITY,GA,4,Public,,,,,,,,,Y,20260812,BACHELOR OF SCIENCE,ECONOMICS,450601,,,,,,,1
,MICHAEL,J,HOLCOMBE,,901001483,N,20260801,,,,,,,,,,,,,,N,,,,,,,,,,,
,COREY,D,CORDELL,,901003799,N,20260801,,,,,,,,,,,,,,N,,,,,,,,,,,
,MADISON,I,STRICKLAND,,901012172,N,20260801,,,,,,,,,,,,,,N,,,,,,,,,,,
,VICTORIA,A,FREELAND,,900999321,Y,20260801,001052-00,UNIVERSITY OF ALABAMA BIRMINGHAM-TRADITIONAL,AL,4,Public,20260511,20260814,Q,J,KINESIOLOGY,131314,,,N,,,,,,,,,,,1
,VICTORIA,A,FREELAND,,900999321,Y,20260801,001052-00,UNIVERSITY OF ALABAMA BIRMINGHAM-TRADITIONAL,AL,4,Public,20260824,20261211,F,R,KINESIOLOGY,131314,KINESIOLOGY,131314,N,,,,,,,,,,,1
,CONOR,S,HAUGHEY,,901000845,N,20260801,,,,,,,,,,,,,,N,,,,,,,,,,,
,CULLEN,F,SEWELL,,901005136,Y,20260801,001598-00,UNIVERSITY OF GEORGIA,GA,4,Public,20260512,20260803,H,B,TURFGRASS MANAGEMENT,010607,,,N,,,,,,,,,,,1
,CULLEN,F,SEWELL,,901005136,Y,20260801,001598-00,UNIVERSITY OF GEORGIA,GA,4,Public,20260804,20261231,F,B,TURFGRASS MANAGEMENT,010607,,,N,,,,,,,,,,,1
,EVAN,T,OSTERC,,901004027,N,20260801,,,,,,,,,,,,,,N,,,,,,,,,,,
,ELIZABETH,,PADILLA BRUN,,900996134,N,20260801,,,,,,,,,,,,,,N,,,,,,,,,,,
,WILLIAM,C,CARROLL,,900999014,N,20260801,,,,,,,,,,,,,,N,,,,,,,,,,,
,HAILEY,N,HICKS,,901011651,Y,20260801,001580-04,MERCER UNIVERSITY ATLANTA,GA,4,Private,20260510,20260810,L,G,,513801,,,N,,,,,,,,,,,1
,KATHRYN,T,KEADLE,,901017000,N,20260801,,,,,,,,,,,,,,N,,,,,,,,,,,
,AIDAN,J,WENTWORTH,,901019058,Y,20260801,001585-00,UNIVERSITY OF NORTH GEORGIA,GA,4,Public,20260810,20261204,L,B,MANAGEMENT,520201,,,N,,,,,,,,,,,1
,JANET,,REBOLLAR AVILEZ,,900999705,N,20260801,,,,,,,,,,,,,,N,,,,,,,,,,,
,ALONDRA,L,ALVARADO ORTIZ,,901000608,N,20260801,,,,,,,,,,,,,,N,,,,,,,,,,,
,CARL,T,NAEFE,,901004491,N,20260801,,,,,,,,,,,,,,N,,,,,,,,,,,
,EMILY,M,COOPER,,901005187,Y,20260801,001598-00,UNIVERSITY OF GEORGIA,GA,4,Public,20260804,20261231,F,B,INTENDED ACCOUNTING,520301,,,N,,,,,,,,,,,1
,AMY,,HENRIQUES,,901014196,Y,20260801,001598-00,UNIVERSITY OF GEORGIA,GA,4,Public,20260804,20261231,F,B,MICROBIOLOGY,260502,,,N,,,,,,,,,,,1
,SAVANNAH,A,VICKERS,,901018972,N,20260801,,,,,,,,,,,,,,N,,,,,,,,,,,
,SOPHIA,W,JOHNSON,,901020021,Y,20260801,001598-00,UNIVERSITY OF GEORGIA,GA,4,Public,20260804,20261231,F,B,INTENDED MECHANICAL ENG,141901,,,N,,,,,,,,,,,1
,DARLA,L,SCHMIDT,,901006872,N,20260801,,,,,,,,,,,,,,N,,,,,,,,,,,
,SADIE,,SCHMIDT,,901012555,Y,20260801,021775-00,RIO SALADO COLLEGE,AZ,2,Public,20260831,20261024,L,N,MULTIPLE MCCCD ENROLLMENT,,,,N,,,,,,,,,,,1
,GABRIELA,A,ORTEGA POLANCO,,901014293,N,20260801,,,,,,,,,,,,,,N,,,,,,,,,,,
,YIRAN,,PAN,,901016744,N,20260801,,,,,,,,,,,,,,N,,,,,,,,,,,
,KENNEDY,R,FISCHER,,901017410,N,20260801,,,,,,,,,,,,,,N,,,,,,,,,,,
,LUKE,C,COOPER,,901020251,N,20260801,,,,,,,,,,,,,,N,,,,,,,,,,,
,RITHIKA,P,MAHEY,,901002240,Y,20260801,001598-00,UNIVERSITY OF GEORGIA,GA,4,Public,20260804,20261231,F,B,PSYCHOLOGY,420101,,,N,,,,,,,,,,,1
,JACK,M,WRIGHT,,901007358,N,20260801,,,,,,,,,,,,,,N,,,,,,,,,,,
,ELIZABETH,,SIMS,,901012545,Y,20260801,001009-00,AUBURN UNIVERSITY,AL,4,Public,20260817,20261211,F,B,ENG LANG ARTS ED UNDERGRADUATE,131305,,,N,,,,,,,,,,,1
,EMERSON,G,TAYLOR,,901016853,N,20260801,,,,,,,,,,,,,,N,,,,,,,,,,,
,LESLIE,C,CABRERA,,901019150,Y,20260801,001556-00,BRENAU UNIVERSITY,GA,4,Private,20260504,20260814,Q,J,FINANCE-BBA,520899,,,N,,,,,,,,,,,1
,LESLIE,C,CABRERA,,901019150,Y,20260801,001556-00,BRENAU UNIVERSITY,GA,4,Private,20260817,20261204,F,R,FINANCE-BBA,520899,,,N,,,,,,,,,,,1
,CHRISTOPHER,,CRUZ,,901020373,N,20260801,,,,,,,,,,,,,,N,,,,,,,,,,,
,HADLEY,C,WHITE,,901022235,Y,20260801,001598-00,UNIVERSITY OF GEORGIA,GA,4,Public,20260804,20261231,F,B,BIOLOGY,260101,,,N,,,,,,,,,,,1
,MICHELLE,N,TYMCHUK,,901035057,N,20260801,,,,,,,,,,,,,,N,,,,,,,,,,,
,ANNABETH,M,POOLE,,901005958,Y,20260801,001598-00,UNIVERSITY OF GEORGIA,GA,4,Public,20260804,20261231,F,B,MECHANICAL ENGINEERING,141901,,,N,,,,,,,,,,,1
,RYAN,M,HUBER,,901012746,N,20260801,,,,,,,,,,,,,,N,,,,,,,,,,,
,EMMA,R,GALLOWAY,,901013916,Y,20260801,002423-00,MISSISSIPPI STATE UNIVERSITY,MS,4,Public,20260819,20261210,F,B,KINESIOLOGY,310505,,,N,,,,,,,,,,,1
,JAYDEN,Q,PIERCE,,901001942,N,20260801,,,,,,,,,,,,,,N,,,,,,,,,,,
,CALEB,H,NORRELL,,901004616,N,20260801,,,,,,,,,,,,,,N,,,,,,,,,,,
,MAYA,J,HELLHAKE,,901013258,N,20260801,,,,,,,,,,,,,,N,,,,,,,,,,,
,VALENTINA,,ASCARRUNZ,,901019906,N,20260801,,,,,,,,,,,,,,N,,,,,,,,,,,
,EMILY,T,NGUYEN,,901020080,Y,20260801,001598-00,UNIVERSITY OF GEORGIA,GA,4,Public,20260512,20260803,F,B,BIOMEDICAL PHYSIOLOGY,260901,,,N,,,,,,,,,,,1
,EMILY,T,NGUYEN,,901020080,Y,20260801,001598-00,UNIVERSITY OF GEORGIA,GA,4,Public,20260804,20261231,F,B,BIOMEDICAL PHYSIOLOGY,260901,,,N,,,,,,,,,,,1
,OBIE,M,ESPINOZA,,901021202,Y,20260801,001577-00,KENNESAW STATE UNIVERSITY,GA,4,Public,20260824,20261214,H,B,MECHANICAL ENGINEERING,141901,,,N,,,,,,,,,,,1
,CALEB,M,NUNNS,,901003527,N,20260801,,,,,,,,,,,,,,N,,,,,,,,,,,
,AARON,H,SINN,,901004181,N,20260801,,,,,,,,,,,,,,N,,,,,,,,,,,
,ELIZABETH,M,ELDER,,901002517,Y,20260801,001572-00,GEORGIA SOUTHERN UNIVERSITY,GA,4,Public,20260819,20261205,F,B,SPECIAL EDUCATION,131001,,,N,,,,,,,,,,,1
,BLAKE,P,DARBY,,901016102,Y,20260801,001009-00,AUBURN UNIVERSITY,AL,4,Public,20260817,20261211,F,B,FINANCE,520801,,,N,,,,,,,,,,,1
,HANNAH,J,NOLAND,,901017613,Y,20260801,001598-00,UNIVERSITY OF GEORGIA,GA,4,Public,20260804,20261231,F,B,BIOCHEMICAL ENGINEERING,144301,,,N,,,,,,,,,,,1
,CARLYN,C,MORTON,,901017668,N,20260801,,,,,,,,,,,,,,N,,,,,,,,,,,
,AIDAN ALEXANDRA,,WASHINGTON,,901017924,Y,20260801,001598-00,UNIVERSITY OF GEORGIA,GA,4,Public,20260804,20261231,F,B,AVIAN BIOLOGY,010907,BIOLOGICAL SCIENCE,300101,N,,,,,,,,,,,1
,AILYN,D,SILVA RUBIO,,901023594,Y,20260801,001585-00,UNIVERSITY OF NORTH GEORGIA,GA,4,Public,20260810,20261204,Q,B,HEALTH INFORMATICS ADM,510706,,,N,,,,,,,,,,,1
,EMILY,K,BECKER,,901024919,Y,20260801,001051-00,UNIVERSITY OF ALABAMA,AL,4,Public,20260819,20261211,F,B,LOWER DIVISION MIS,521201,,,N,,,,,,,,,,,1
,MARGARET,C,ANDERSON,,901005172,Y,20260801,001598-00,UNIVERSITY OF GEORGIA,GA,4,Public,20260512,20260803,H,B,ART,500701,,,N,,,,,,,,,,,1
,MARGARET,C,ANDERSON,,901005172,Y,20260801,001598-00,UNIVERSITY OF GEORGIA,GA,4,Public,20260804,20261231,F,B,ART,500701,,,N,,,,,,,,,,,1
,KINSEY,D,YOUNGBLOOD,,901019513,N,20260801,,,,,,,,,,,,,,N,,,,,,,,,,,
,MARY,C,STRICKLAND,,901014426,Y,20260801,001009-00,AUBURN UNIVERSITY,AL,4,Public,20260817,20261211,F,B,SPEECH LANGUAGE HEARING SC,510204,,,N,,,,,,,,,,,1
,SKYLER,R,MURPHY,,901017382,N,20260801,,,,,,,,,,,,,,N,,,,,,,,,,,
,IAN,B,HYLTON,,901019543,N,20260801,,,,,,,,,,,,,,N,,,,,,,,,,,
,ROSA,M,CASTILLO,,901019884,N,20260801,,,,,,,,,,,,,,N,,,,,,,,,,,
,BETHANY,F,WOOD,,901022213,N,20260801,,,,,,,,,,,,,,N,,,,,,,,,,,
,ZOE,,KENNEDY,,901023097,N,20260801,,,,,,,,,,,,,,N,,,,,,,,,,,
,NATALIE,,COCHRAN,,901027427,Y,20260801,003448-00,UNIVERSITY OF SOUTH CAROLINA,SC,4,Public,20260816,20261214,F,J,CARDIOVASCULAR TECHNOLOGY,510901,,,N,,,,,,,,,,,1
,JOSE,L,RODRIGUEZ,,901029021,N,20260801,,,,,,,,,,,,,,N,,,,,,,,,,,
,CHARLOTTE,A,SCHREML,,901025475,N,20260801,,,,,,,,,,,,,,N,,,,,,,,,,,
,HARSHAA,,BALAJI,,901030801,N,20260801,,,,,,,,,,,,,,N,,,,,,,,,,,
,LANCE,A,HACKER,,901031811,N,20260801,,,,,,,,,,,,,,N,,,,,,,,,,,
,MAYA,,ZHANG,,901032562,N,20260801,,,,,,,,,,,,,,N,,,,,,,,,,,
,ANNSLEE,,HUNTER,,901019526,N,20260801,,,,,,,,,,,,,,N,,,,,,,,,,,
,CONNER,J,HAMMOND,,901020252,Y,20260801,001598-00,UNIVERSITY OF GEORGIA,GA,4,Public,20260804,20261231,F,B,EXERCISE AND SPORT SCIENCE,310505,,,N,,,,,,,,,,,1
,MATTHEW,L,STEWART,,901027254,N,20260801,,,,,,,,,,,,,,N,,,,,,,,,,,
,ZACHARY,M,SIMMONS,,901028243,N,20260801,,,,,,,,,,,,,,N,,,,,,,,,,,
,DIANA,P,TOVAR,,901028800,Y,20260801,001598-00,UNIVERSITY OF GEORGIA,GA,4,Public,20260804,20261231,F,B,CRIMINAL JUSTICE,430103,,,N,,,,,,,,,,,1
,AMY,,ANTONIO,,901029574,Y,20260801,001598-00,UNIVERSITY OF GEORGIA,GA,4,Public,20260804,20261231,F,B,INTENDED MGMT INFO SYSTEMS,521201,INTENDED INTERNATIONAL BUS,521101,N,,,,,,,,,,,1
,AZZA,M,ABBAS,,901031239,Y,20260801,001434-00,AMERICAN UNIVERSITY,DC,4,Private,20260511,20260715,W,M,TEACHING,131202,,,N,,,,,,,,,,,1
,WILLIAM,T,WOOD,,901032398,N,20260801,,,,,,,,,,,,,,N,,,,,,,,,,,
,AVA,M,TILT,,901035458,N,20260801,,,,,,,,,,,,,,N,,,,,,,,,,,
,RAHINI,,PATEL,,901029106,N,20260801,,,,,,,,,,,,,,N,,,,,,,,,,,
,GABRIELLA,J,CARD,,901034302,Y,20260801,001598-00,UNIVERSITY OF GEORGIA,GA,4,Public,20260804,20261231,F,B,INTENDED INTERNATIONAL BUS,521101,INTENDED MARKETING,521401,N,,,,,,,,,,,1
,NICKLAUS,H,HARKINS,,901038022,Y,20260801,001598-00,UNIVERSITY OF GEORGIA,GA,4,Public,20260804,20261231,F,B,AGRIBUSINESS,010102,,,N,,,,,,,,,,,1
,JAXON,E,BARLOGA,,901040162,N,20260801,,,,,,,,,,,,,,N,,,,,,,,,,,
,GRACE,E,MCABEE,,901042858,N,20260801,,,,,,,,,,,,,,N,,,,,,,,,,,
,MEGAN,N,TAYLOR,,901017016,Y,20260801,001598-00,UNIVERSITY OF GEORGIA,GA,4,Public,20260512,20260803,F,B,BIOLOGICAL SCIENCE,300101,,,N,,,,,,,,,,,1
,MEGAN,N,TAYLOR,,901017016,Y,20260801,001598-00,UNIVERSITY OF GEORGIA,GA,4,Public,20260804,20261231,F,B,BIOLOGICAL SCIENCE,300101,,,N,,,,,,,,,,,1
,CHANLEY,E,BOX,,901021406,N,20260801,,,,,,,,,,,,,,N,,,,,,,,,,,
,CRUZ,D,PEREZ-BLANCO,,901024700,N,20260801,,,,,,,,,,,,,,N,,,,,,,,,,,
,KENNEDY,R,CROCKETT,,901028867,N,20260801,,,,,,,,,,,,,,N,,,,,,,,,,,
,CLAYTON,A,BEINE,,901030238,Y,20260801,001598-00,UNIVERSITY OF GEORGIA,GA,4,Public,20260804,20261231,F,B,MECHANICAL ENGINEERING,141901,,,N,,,,,,,,,,,1
,JENNIFER,,VARGAS,,901019015,N,20260801,,,,,,,,,,,,,,N,,,,,,,,,,,
,REBECCA,L,BECERRA-MACHADO,,901023777,N,20260801,,,,,,,,,,,,,,N,,,,,,,,,,,
,CRISTHOPHER,A,GARCIA ORTIZ,,901027623,N,20260801,,,,,,,,,,,,,,N,,,,,,,,,,,
,JORDAN,L,GRAMLING,,901039496,Y,20260801,001577-00,KENNESAW STATE UNIVERSITY,GA,4,Public,20260824,20261214,Q,B,MARKETING INTEREST,521401,,,N,,,,,,,,,,,1
,ADDISON,C,ENGLISH,,901040556,N,20260801,,,,,,,,,,,,,,N,,,,,,,,,,,
,MADELINE,E,SLIDER,,901002855,Y,20260801,001598-00,UNIVERSITY OF GEORGIA,GA,4,Public,20260804,20261231,F,B,DANCE,500301,ENGLISH,230101,N,,,,,,,,,,,1
,MICHAEL,A,MCCORMACK,,901015423,N,20260801,,,,,,,,,,,,,,N,,,,,,,,,,,
,JAN,E,BRATAN,,901021990,Y,20260801,002011-00,LOUISIANA STATE UNIVERSITY AT ALEXANDRIA,LA,4,Public,20260511,20260816,Q,S,MODERN BIOLOGY,260101,,,N,,,,,,,,,,,1
,CAROLINE,A,HICKS,,901022937,Y,20260801,001598-00,UNIVERSITY OF GEORGIA,GA,4,Public,20260512,20260803,L,B,HORTICULTURE,011103,,,N,,,,,,,,,,,1
,CAROLINE,A,HICKS,,901022937,Y,20260801,001598-00,UNIVERSITY OF GEORGIA,GA,4,Public,20260804,20261231,F,B,HORTICULTURE,011103,,,N,,,,,,,,,,,1
,TATUM,S,HIX,,901023501,Y,20260801,001598-00,UNIVERSITY OF GEORGIA,GA,4,Public,20260804,20261231,F,B,PSYCHOLOGY,420101,,,N,,,,,,,,,,,1
,CHLOE,E,SULLIVAN,,901033483,Y,20260801,001598-00,UNIVERSITY OF GEORGIA,GA,4,Public,20260804,20261231,F,B,BIOLOGY,260101,,,N,,,,,,,,,,,1
,ABBY,C,TAYLOR,,901033487,N,20260801,,,,,,,,,,,,,,N,,,,,,,,,,,
,EDUARDO,,ZAMORA,,901035350,N,20260801,,,,,,,,,,,,,,N,,,,,,,,,,,
,AVA,J,CRIBB,,901038408,Y,20260801,001572-00,GEORGIA SOUTHERN UNIVERSITY,GA,4,Public,20260819,20261205,F,B,PSYCHOLOGY,420101,,,N,,,,,,,,,,,1
,PIPER,A,HAWORTH,,901015234,Y,20260801,001598-00,UNIVERSITY OF GEORGIA,GA,4,Public,20260512,20260803,H,B,HEALTH PROMOTION,512207,,,N,,,,,,,,,,,1
,PIPER,A,HAWORTH,,901015234,Y,20260801,001598-00,UNIVERSITY OF GEORGIA,GA,4,Public,20260804,20261231,F,B,HEALTH PROMOTION,512207,,,N,,,,,,,,,,,1
,ASHLEY,M,KNOWLES,,901021481,N,20260801,,,,,,,,,,,,,,N,,,,,,,,,,,
,MADELINE,N,PARKER,,901023217,N,20260801,,,,,,,,,,,,,,N,,,,,,,,,,,
,HAYDEN,R,BRAUTIGAN,,901025204,N,20260801,,,,,,,,,,,,,,N,,,,,,,,,,,
,NATALY,,TIRADO,,901027669,N,20260801,,,,,,,,,,,,,,N,,,,,,,,,,,
,MAXWELL,A,GREENE,,901027629,Y,20260801,001598-00,UNIVERSITY OF GEORGIA,GA,4,Public,20260804,20261231,F,B,INTENDED MECHANICAL ENG,141901,,,N,,,,,,,,,,,1
,BREE,N,TYNER,,901028839,N,20260801,,,,,,,,,,,,,,N,,,,,,,,,,,
,SARAH,M,MILLER,,901032448,N,20260801,,,,,,,,,,,,,,N,,,,,,,,,,,
,ELISE,C,RABIN,,901038697,N,20260801,,,,,,,,,,,,,,N,,,,,,,,,,,
,ALLISON,M,HENNELLY,,901039724,N,20260801,,,,,,,,,,,,,,N,,,,,,,,,,,
,LUKE,J,BRITT,,901040580,Y,20260801,002440-00,UNIVERSITY OF MISSISSIPPI,MS,4,Public,20260824,20261204,F,S,INTEGRATED MARKETING COMMUNICA,090702,,,N,,,,,,,,,,,1
,DANELL,M,MASON,,901042275,Y,20260801,001009-00,AUBURN UNIVERSITY,AL,4,Public,20260817,20261211,F,B,ACCOUNTANCY,520301,,,N,,,,,,,,,,,1
,ADHITHIYA,,PAPPINISSERY,,901043089,Y,20260801,001598-00,UNIVERSITY OF GEORGIA,GA,4,Public,20260804,20261231,F,B,ELECTRICAL AND ELECTRONICS ENG,141001,,,N,,,,,,,,,,,1
,JOSHUA,K,HAMMOND,,901022231,N,20260801,,,,,,,,,,,,,,N,,,,,,,,,,,
,WYATT,U,DASHER,,901023575,Y,20260801,001598-00,UNIVERSITY OF GEORGIA,GA,4,Public,20260804,20261231,Q,B,CRIMINAL JUSTICE,430103,POLITICAL SCIENCE,451001,N,,,,,,,,,,,1
,MICAYLA,A,PETERS,,901033809,N,20260801,,,,,,,,,,,,,,N,,,,,,,,,,,
,JEFFREY,J,HERNANDEZ,,901035638,Y,20260801,001577-00,KENNESAW STATE UNIVERSITY,GA,4,Public,20260824,20261214,F,B,CIVIL ENGINEERING,140801,,,N,,,,,,,,,,,1
,NATHAN,L,KING,,901038790,N,20260801,,,,,,,,,,,,,,N,,,,,,,,,,,
,KOLBY,W,LEE,,901049770,Y,20260801,001572-00,GEORGIA SOUTHERN UNIVERSITY,GA,4,Public,20260819,20261205,F,B,WORLD LANGUAGES AND CULTURES,169999,,,N,,,,,,,,,,,1
,RYAN,R,NEIKIRK,,901050714,N,20260801,,,,,,,,,,,,,,N,,,,,,,,,,,
,ARTHUR,F,FULLER,,901051161,Y,20260801,001598-00,UNIVERSITY OF GEORGIA,GA,4,Public,20260804,20261231,F,,LAW,220201,,,N,,,,,,,,,,,1
,VERONICA,G,COOPER,,901020532,Y,20260801,001598-00,UNIVERSITY OF GEORGIA,GA,4,Public,20260804,20261231,F,B,ANIMAL AND DAIRY SCIENCE,010901,,,N,,,,,,,,,,,1
,CLARA,A,CHRISMAN,,901027849,Y,20260801,001598-00,UNIVERSITY OF GEORGIA,GA,4,Public,20260512,20260803,F,B,INTERNATIONAL AFFAIRS,450901,,,N,,,,,,,,,,,1
,CLARA,A,CHRISMAN,,901027849,Y,20260801,001598-00,UNIVERSITY OF GEORGIA,GA,4,Public,20260804,20261231,F,B,INTERNATIONAL AFFAIRS,450901,,,N,,,,,,,,,,,1
,MALLORY,K,MENDENHALL,,901028331,Y,20260801,001598-00,UNIVERSITY OF GEORGIA,GA,4,Public,20260512,20260803,F,B,BIOLOGICAL SCIENCE,300101,CERT INFECTIOUS DISEASES,261309,N,,,,,,,,,,,1
,MALLORY,K,MENDENHALL,,901028331,Y,20260801,001598-00,UNIVERSITY OF GEORGIA,GA,4,Public,20260804,20261231,F,B,BIOLOGICAL SCIENCE,300101,CERT INFECTIOUS DISEASES,261309,N,,,,,,,,,,,1
,ELISHA,G,MITCHELL,,901033903,Y,20260801,001598-00,UNIVERSITY OF GEORGIA,GA,4,Public,20260804,20261231,F,B,NUTRITIONAL SCIENCES,301901,,,N,,,,,,,,,,,1
,MADISON,L,MEREDITH,,901036575,Y,20260801,001598-00,UNIVERSITY OF GEORGIA,GA,4,Public,20260804,20261231,F,B,INTENDED JOURNALISM,090401,,,N,,,,,,,,,,,1
,MICHELLE,T,PHAM,,901038452,Y,20260801,001598-00,UNIVERSITY OF GEORGIA,GA,4,Public,20260804,20261231,F,B,BIOLOGY,260101,,,N,,,,,,,,,,,1
,MADISON,V,PITCHFORD,,901042344,Y,20260801,001598-00,UNIVERSITY OF GEORGIA,GA,4,Public,20260804,20261231,F,B,PSYCHOLOGY,420101,,,N,,,,,,,,,,,1
,KAYLEE,E,WALLACE,,901013887,N,20260801,,,,,,,,,,,,,,N,,,,,,,,,,,
,MIGUEL,,NAVARRETE,,901028519,Y,20260801,001598-00,UNIVERSITY OF GEORGIA,GA,4,Public,20260512,20260803,H,B,GEOGRAPHY,304401,ATMOSPHERIC SCIENCES,400401,N,,,,,,,,,,,1
,MIGUEL,,NAVARRETE,,901028519,Y,20260801,001598-00,UNIVERSITY OF GEORGIA,GA,4,Public,20260804,20261231,F,B,GEOGRAPHY,304401,ATMOSPHERIC SCIENCES,400401,N,,,,,,,,,,,1
,JACKSON,P,FLYNN,,901030303,Y,20260801,001598-00,UNIVERSITY OF GEORGIA,GA,4,Public,20260804,20261231,Q,B,TURFGRASS MANAGEMENT,010607,,,N,,,,,,,,,,,1
,JACOB,T,NELSON,,901030857,Y,20260801,001598-00,UNIVERSITY OF GEORGIA,GA,4,Public,20260804,20261231,F,B,INTENDED MARKETING,521401,,,N,,,,,,,,,,,1
,KATHERINE,A,DUNAGAN,,901031816,N,20260801,,,,,,,,,,,,,,N,,,,,,,,,,,
,PARKER,J,KIELTYKA,,901034420,Y,20260801,001598-00,UNIVERSITY OF GEORGIA,GA,4,Public,20260804,20261231,F,B,INTENDED EXERCISE AND SPORT SC,310505,,,N,,,,,,,,,,,1
,RYAN,A,LOETSCHER,,901035909,N,20260801,,,,,,,,,,,,,,N,,,,,,,,,,,
,CADEN,T,GERALD,,901039167,N,20260801,,,,,,,,,,,,,,N,,,,,,,,,,,
,CLARA,A,CHERRY,,901039503,N,20260801,,,,,,,,,,,,,,N,,,,,,,,,,,
,COLLIN,B,MCGAVIN,,901039764,Y,20260801,001598-00,UNIVERSITY OF GEORGIA,GA,4,Public,20260804,20261231,F,B,HOSPITALITY FOOD INDUST MGMT,520901,INTENDED MGMT INFO SYSTEMS,521201,N,,,,,,,,,,,1
,KYLE,T,JOHNSTON,,901040737,N,20260801,,,,,,,,,,,,,,N,,,,,,,,,,,
,SLOAN,M,TAYLOR,,901043113,N,20260801,,,,,,,,,,,,,,N,,,,,,,,,,,
,KARIYAUNA,,GREEN,,901043126,Y,20260801,001577-00,KENNESAW STATE UNIVERSITY,GA,4,Public,20260824,20261214,Q,B,BIOLOGY,260101,,,N,,,,,,,,,,,1
,SHEL'BE,M,JOHNSON,,901043360,N,20260801,,,,,,,,,,,,,,N,,,,,,,,,,,
,LIBBY,M,WELCH,,901031323,N,20260801,,,,,,,,,,,,,,N,,,,,,,,,,,
,SARVIKA,,SARAVANAN,,901034115,Y,20260801,001569-00,GEORGIA INSTITUTE OF TECHNOLOGY,GA,4,Public,20260518,20260806,L,B,INDUSTRIAL ENGINEERING,143501,INDUSTRIAL ENGINEERING,143501,N,,,,,,,,,,,1
,CAITLIN,B,PHENGDARA,,901047047,Y,20260801,001598-00,UNIVERSITY OF GEORGIA,GA,4,Public,20260804,20261231,F,B,INTENDED ACCOUNTING,520301,,,N,,,,,,,,,,,1
,DARIAN,J,MECHE,,901039284,N,20260801,,,,,,,,,,,,,,N,,,,,,,,,,,
,DALIA,C,PADILLA-BETANCOURT,,901021527,Y,20260801,001598-00,UNIVERSITY OF GEORGIA,GA,4,Public,20260512,20260714,W,B,BIOCHEM AND MOLECULAR BIOLOGY,260210,,,N,,,,,,,,,,,1
,DALIA,C,PADILLA-BETANCOURT,,901021527,Y,20260801,001598-00,UNIVERSITY OF GEORGIA,GA,4,Public,20260804,20261231,F,B,BIOMEDICAL PHYSIOLOGY,260901,,,N,,,,,,,,,,,1
,SOFIA,M,CANCEL,,901022575,N,20260801,,,,,,,,,,,,,,N,,,,,,,,,,,
,BRYSON,,STRIPLING,,901034916,N,20260801,,,,,,,,,,,,,,N,,,,,,,,,,,
,CONNOR,F,BRIDGERS,,901043862,Y,20260801,001577-00,KENNESAW STATE UNIVERSITY,GA,4,Public,20260824,20261214,F,B,MECHANICAL ENGINEERING,141901,,,N,,,,,,,,,,,1
,THO MINH,H,PHAM,,901040827,Y,20260801,001598-00,UNIVERSITY OF GEORGIA,GA,4,Public,20260804,20261231,F,B,INTENDED MGMT INFO SYSTEMS,521201,,,N,,,,,,,,,,,1
,ANNA,M,MCLANAHAN,,901044866,N,20260801,,,,,,,,,,,,,,N,,,,,,,,,,,
,JOCELYN,A,LEAL,,901051186,Y,20260801,001577-00,KENNESAW STATE UNIVERSITY,GA,4,Public,20260824,20261214,F,B,POLITICAL SCIENCE,451001,,,N,,,,,,,,,,,1
,LUKE,,MITCHELL,,901051214,N,20260801,,,,,,,,,,,,,,N,,,,,,,,,,,
,LUCAS,M,BLANKENSHIP,,901046528,Y,20260801,001598-00,UNIVERSITY OF GEORGIA,GA,4,Public,20260804,20261231,F,B,INTENDED MANAGEMENT,520201,,,N,,,,,,,,,,,1
,EMMA,K,FOX,,901048429,Y,20260801,001598-00,UNIVERSITY OF GEORGIA,GA,4,Public,20260804,20261231,F,B,BIOLOGY,260101,,,N,,,,,,,,,,,1
,CHASE,M,GREEN,,901028172,Y,20260801,001598-00,UNIVERSITY OF GEORGIA,GA,4,Public,20260804,20261231,F,B,INTENDED FINANCE,520801,,,N,,,,,,,,,,,1
,EVA,L,HOFFMAN,,901028604,N,20260801,,,,,,,,,,,,,,N,,,,,,,,,,,
,CARMEN,E,OSORTO,,901032693,N,20260801,,,,,,,,,,,,,,N,,,,,,,,,,,
,MATTHEW,A,MCMORRIS,,901038773,N,20260801,,,,,,,,,,,,,,N,,,,,,,,,,,
,MILES,M,GAUDE,,901039835,Y,20260801,001598-00,UNIVERSITY OF GEORGIA,GA,4,Public,20260804,20261231,F,B,INTENDED MGMT INFO SYSTEMS,521201,,,N,,,,,,,,,,,1
,CAROLINE,E,BREWER,,901041926,Y,20260801,001598-00,UNIVERSITY OF GEORGIA,GA,4,Public,20260804,20261231,F,B,GEOGRAPHY,450701,,,N,,,,,,,,,,,1
,ZETA,N,KING,,901033032,N,20260801,,,,,,,,,,,,,,N,,,,,,,,,,,
,ANIYAH,,AUSTIN,,901040381,Y,20260801,042295-00,TEXAS A&M UNIVERSITY- CENTRAL TEXAS,TX,4,Public,20260824,20261211,F,B,ACCOUNTING,520301,,,N,,,,,,,,,,,1
,THOMAS,B,CALLAHAN,,901041932,Y,20260801,001598-00,UNIVERSITY OF GEORGIA,GA,4,Public,20260804,20261231,F,B,INTENDED REAL ESTATE,521501,,,N,,,,,,,,,,,1
,NATALIE,,DELGADO,,901045430,N,20260801,,,,,,,,,,,,,,N,,,,,,,,,,,
,BHRETT,L,KAMINSKI,,901046070,Y,20260801,001598-00,UNIVERSITY OF GEORGIA,GA,4,Public,20260804,20261231,F,B,AGRISCIENCE AND ENVIRON SYS,010000,,,N,,,,,,,,,,,1
,AMY,J,VALLADARES,,901046593,N,20260801,,,,,,,,,,,,,,N,,,,,,,,,,,
,CATHERINE,R,SHORT,,901047001,N,20260801,,,,,,,,,,,,,,N,,,,,,,,,,,
,AREMONI,,TORRES,,901054251,N,20260801,,,,,,,,,,,,,,N,,,,,,,,,,,
,KENNEDY,E,PORTIS,,901054899,N,20260801,,,,,,,,,,,,,,N,,,,,,,,,,,
,EVAN,S,ROBERTSON,,901055543,Y,20260801,001598-00,UNIVERSITY OF GEORGIA,GA,4,Public,20260804,20261231,H,B,INTENDED RISK MGMT INSUR,521701,,,N,,,,,,,,,,,1
,SAVANNA,P,BARTON,,901041270,N,20260801,,,,,,,,,,,,,,N,,,,,,,,,,,
,CONNOR,A,PATERSON,,901043186,Y,20260801,002423-00,MISSISSIPPI STATE UNIVERSITY,MS,4,Public,20260819,20261210,F,B,BUSINESS ADMINISTRATION,520201,,,N,,,,,,,,,,,1
,DANYLO,V,PYNZENYK,,901043402,Y,20260801,001598-00,UNIVERSITY OF GEORGIA,GA,4,Public,20260804,20261231,F,B,INTENDED COMPUTER SCIENCE,110701,,,N,,,,,,,,,,,1
,EMMA,R,CHAMPER,,901044291,Y,20260801,001577-00,KENNESAW STATE UNIVERSITY,GA,4,Public,20260824,20261214,Q,B,MANAGEMENT INTEREST,520201,,,N,,,,,,,,,,,1
,EMILY,,YOUNGBLOOD,,901049314,N,20260801,,,,,,,,,,,,,,N,,,,,,,,,,,
,MARGARET,M,NELSON,,901050565,N,20260801,,,,,,,,,,,,,,N,,,,,,,,,,,
,CHARLIZE,,MORGAN,,901038923,Y,20260801,003431-00,CONVERSE UNIVERSITY,SC,4,Private,20260812,20261123,F,S,BA - BUSINESS ADMINISTRATION,520201,,,N,,,,,,,,,,,1
,ALYVIA,,BOOTH,,901041927,Y,20260801,001598-00,UNIVERSITY OF GEORGIA,GA,4,Public,20260804,20261231,F,B,INTENDED MANAGEMENT,520201,,,N,,,,,,,,,,,1
,GARRETT,T,MAERZ,,901042234,Y,20260801,001598-00,UNIVERSITY OF GEORGIA,GA,4,Public,20260804,20261231,F,B,CIVIL ENGINEERING,140801,,,N,,,,,,,,,,,1
,JAKE,R,JAMES,,901051854,Y,20260801,002440-00,UNIVERSITY OF MISSISSIPPI,MS,4,Public,20260824,20261204,F,S,MANAGEMENT,520201,,,N,,,,,,,,,,,1
,MALLORY,E,HENDERSON,,901054816,N,20260801,,,,,,,,,,,,,,N,,,,,,,,,,,
,JOEY,,NI,,901039486,Y,20260801,001598-00,UNIVERSITY OF GEORGIA,GA,4,Public,20260804,20261231,F,B,INTENDED MECHANICAL ENG,141901,,,N,,,,,,,,,,,1
,COLIN,M,NICHOLS,,901039556,N,20260801,,,,,,,,,,,,,,N,,,,,,,,,,,
,REED,M,MIDDLETON,,901039803,Y,20260801,001558-00,COLLEGE OF COASTAL GEORGIA,GA,4,Public,20260817,20261210,F,S,ENVIRONMENTAL SCIENCES,030103,,,N,,,,,,,,,,,1
,JESSE,C,STEWART,,901041669,Y,20260801,001585-00,UNIVERSITY OF NORTH GEORGIA,GA,4,Public,20260810,20261204,F,B,CYBERSECURITY,111003,,,N,,,,,,,,,,,1
,AIDAN,L,SLATEN,,901042267,Y,20260801,003484-00,COVENANT COLLEGE,GA,4,Private,20260827,20261209,F,B,BIOLOGY,260101,,,N,,,,,,,,,,,1
,EMMA,B,WRIGHT,,901047135,Y,20260801,003448-00,UNIVERSITY OF SOUTH CAROLINA,SC,4,Public,20260816,20261214,F,J,CARDIOVASCULAR TECHNOLOGY,510901,,,N,,,,,,,,,,,1
,ALEY,A,FATHALLA,,901047444,N,20260801,,,,,,,,,,,,,,N,,,,,,,,,,,
,SOPHIA,,ALEXANDER,,901052151,N,20260801,,,,,,,,,,,,,,N,,,,,,,,,,,
,RAYYAN,,MISSAOUI,,901055033,Y,20260801,001598-00,UNIVERSITY OF GEORGIA,GA,4,Public,20260804,20261231,F,B,PHARM AND BIOMEDICAL SCIENCES,512010,,,N,,,,,,,,,,,1
,CAROLINA,,NANEZ,,901041433,Y,20260801,001598-00,UNIVERSITY OF GEORGIA,GA,4,Public,20260804,20261231,F,B,ELEMENTARY EDUCATION,131202,,,N,,,,,,,,,,,1
,HANNAH,C,WILLIS,,901044090,N,20260801,,,,,,,,,,,,,,N,,,,,,,,,,,
,SOPHIA,A,RODRIGUEZ,,901047150,N,20260801,,,,,,,,,,,,,,N,,,,,,,,,,,
,RYLEE,M,KING,,901043627,N,20260801,,,,,,,,,,,,,,N,,,,,,,,,,,
,MACKENZIE,D,WARD,,901051254,N,20260801,,,,,,,,,,,,,,N,,,,,,,,,,,
,SOPHIA,I,YORK,,901054501,Y,20260801,001598-00,UNIVERSITY OF GEORGIA,GA,4,Public,20260804,20261231,F,B,INTENDED ELEMENTARY EDUCATION,131202,,,N,,,,,,,,,,,1
,KATHRYN,S,WOODMAN,,901055243,Y,20260801,001598-00,UNIVERSITY OF GEORGIA,GA,4,Public,20260804,20261231,F,B,BIOMEDICAL PHYSIOLOGY,260901,,,N,,,,,,,,,,,1
,KAYLI,T,MIRANDA,,901044556,N,20260801,,,,,,,,,,,,,,N,,,,,,,,,,,
,ANDREW,H,WHITTLE,,901057441,N,20260801,,,,,,,,,,,,,,N,,,,,,,,,,,
,LIZBETH,,CATALAN,,901045373,N,20260801,,,,,,,,,,,,,,N,,,,,,,,,,,
,WILLIAM,T,JETT,,901047286,Y,20260801,001598-00,UNIVERSITY OF GEORGIA,GA,4,Public,20260804,20261231,F,B,FINANCIAL PLANNING,190401,,,N,,,,,,,,,,,1
,NOAH,R,THOMAS,,901049308,Y,20260801,001585-00,UNIVERSITY OF NORTH GEORGIA,GA,4,Public,20260810,20261204,Q,A,ENGINEERING REP PATHWAY,240101,,,N,,,,,,,,,,,1
,SAMUEL,H,WRIGHT,,901051929,N,20260801,,,,,,,,,,,,,,N,,,,,,,,,,,
,LUCAS,,SANDERS,,901053873,Y,20260801,003450-00,UNIVERSITY OF SOUTH CAROLINA BEAUFORT,SC,4,Public,20260816,20261214,F,S,ELEMENTARY EDUCATION,131202,,,N,,,,,,,,,,,1
,ESTELLA,,CAMPOS RODRIGUEZ,,901051578,Y,20260801,001577-00,KENNESAW STATE UNIVERSITY,GA,4,Public,20260824,20261214,F,B,ACCOUNTING INTEREST,520301,,,N,,,,,,,,,,,1
,OWEN,E,KELLY,,901052091,Y,20260801,001598-00,UNIVERSITY OF GEORGIA,GA,4,Public,20260804,20261231,F,B,INTENDED ACCOUNTING,520301,,,N,,,,,,,,,,,1
,MADISON,E,STOKES,,901055726,Y,20260801,001009-00,AUBURN UNIVERSITY,AL,4,Public,20260817,20261211,F,B,PRE BUSINESS,520201,,,N,,,,,,,,,,,1
,VICTOR,,DUTRA BARBOSA,,901050368,Y,20260801,001585-00,UNIVERSITY OF NORTH GEORGIA,GA,4,Public,20260810,20261204,L,B,FINANCE,520801,,,N,,,,,,,,,,,1
,GENEVIEVE,C,WHITFIELD,,901057762,N,20260801,,,,,,,,,,,,,,N,,,,,,,,,,,
,HALLIANEK,,ESCORCIA,,901057973,N,20260801,,,,,,,,,,,,,,N,,,,,,,,,,,
,KALEY,E,WOOD,,901059948,Y,20260801,004509-00,UNIVERSITY OF COLORADO COLORADO SPRINGS,CO,4,Public,20260824,20261219,F,S,IELM-BA,131202,,,N,,,,,,,,,,,1
,SOPHIA,B,STONE,,901051230,N,20260801,,,,,,,,,,,,,,N,,,,,,,,,,,
,MOLLY,,SANTILLANO,,901053394,Y,20260801,001556-00,BRENAU UNIVERSITY,GA,4,Private,20260504,20260814,H,J,PSYCHOLOGY-UGRAD,420101,,,N,,,,,,,,,,,1
,MOLLY,,SANTILLANO,,901053394,Y,20260801,001556-00,BRENAU UNIVERSITY,GA,4,Private,20260817,20261204,F,J,PSYCHOLOGY-UGRAD,420101,,,N,,,,,,,,,,,1
,JADON,L,ALLEN,,901056871,Y,20260801,001598-00,UNIVERSITY OF GEORGIA,GA,4,Public,20260804,20261231,F,B,INTENDED MGMT INFO SYSTEMS,521201,,,N,,,,,,,,,,,1
,ALVIN,D,ASIEDU,,901059050,Y,20260801,001577-00,KENNESAW STATE UNIVERSITY,GA,4,Public,20260824,20261214,H,B,COMPUTER SCIENCE,110701,,,N,,,,,,,,,,,1
,ELLIE,W,MIZE,,901040405,Y,20260801,001598-00,UNIVERSITY OF GEORGIA,GA,4,Public,20260804,20261231,F,B,GENETICS,260801,,,N,,,,,,,,,,,1
,KEEGAN,P,STOVER,,901043970,N,20260801,,,,,,,,,,,,,,N,,,,,,,,,,,
,MASON,T,DODD,,901044183,N,20260801,,,,,,,,,,,,,,N,,,,,,,,,,,
,KAREN,L,AGUILAR,,901045528,N,20260801,,,,,,,,,,,,,,N,,,,,,,,,,,
,KAMDEN,D,MUNSAYAC,,901050307,Y,20260801,001598-00,UNIVERSITY OF GEORGIA,GA,4,Public,20260512,20260803,H,B,EXERCISE AND SPORT SCIENCE,310505,,,N,,,,,,,,,,,1
,KAMDEN,D,MUNSAYAC,,901050307,Y,20260801,001598-00,UNIVERSITY OF GEORGIA,GA,4,Public,20260804,20261231,F,B,EXERCISE AND SPORT SCIENCE,310505,,,N,,,,,,,,,,,1
,CONNOR,S,MITCHELL,,901041453,N,20260801,,,,,,,,,,,,,,N,,,,,,,,,,,
,MELANIE,,LUVIANO,,901046904,Y,20260801,001598-00,UNIVERSITY OF GEORGIA,GA,4,Public,20260804,20261231,H,B,FASHION MERCHANDISING,521902,,,N,,,,,,,,,,,1
,OLGUER,C,HERAS BOADA,,901053456,N,20260801,,,,,,,,,,,,,,N,,,,,,,,,,,
,YAHIR,,GONZALEZ,,901068099,N,20260801,,,,,,,,,,,,,,N,,,,,,,,,,,
,CHANDLER,T,DEMORE,,901055697,N,20260801,,,,,,,,,,,,,,N,,,,,,,,,,,
,ALINA,,MIRTOV,,901056590,Y,20260801,001598-00,UNIVERSITY OF GEORGIA,GA,4,Public,20260804,20261231,F,B,PSYCHOLOGY,420101,,,N,,,,,,,,,,,1
,DYLAN,M,PATEL,,901061327,Y,20260801,001598-00,UNIVERSITY OF GEORGIA,GA,4,Public,20260804,20261231,F,B,INTENDED RISK MGMT INSUR,521701,,,N,,,,,,,,,,,1
,JOSEPHINE,V,BONG,,901050800,N,20260801,,,,,,,,,,,,,,N,,,,,,,,,,,
,REESE,E,GARCIA,,901053380,N,20260801,,,,,,,,,,,,,,N,,,,,,,,,,,
,PEYTON,T,SARTAIN,,901053817,N,20260801,,,,,,,,,,,,,,N,,,,,,,,,,,
,MAXIMO,,SCOPPA,,901056391,N,20260801,,,,,,,,,,,,,,N,,,,,,,,,,,
,BOWEN,L,LITTLE,,901057197,Y,20260801,001598-00,UNIVERSITY OF GEORGIA,GA,4,Public,20260804,20261231,F,B,INTENDED MARKETING,521401,,,N,,,,,,,,,,,1
,MICHAEL,R,BANYAS,,901064266,N,20260801,,,,,,,,,,,,,,N,,,,,,,,,,,
,BLAKE,E,THOMAS,,901059503,Y,20260801,001598-00,UNIVERSITY OF GEORGIA,GA,4,Public,20260804,20261231,F,B,INTENDED SOCIAL STUDIES EDUC,131318,,,N,,,,,,,,,,,1
,GEORGIA,K,LUCAS,,901069835,Y,20260801,001009-00,AUBURN UNIVERSITY,AL,4,Public,20260817,20261211,F,B,PRE NURSING SCIENCE,513801,,,N,,,,,,,,,,,1
,ANGELITA,,ROSENBERG,,901071038,Y,20260801,001598-00,UNIVERSITY OF GEORGIA,GA,4,Public,20260804,20261231,F,B,PSYCHOLOGY,420101,,,N,,,,,,,,,,,1
,PATRICK,D,ROCHE,,901073904,Y,20260801,001598-00,UNIVERSITY OF GEORGIA,GA,4,Public,20260804,20261231,F,B,INTENDED ACCOUNTING,520301,,,N,,,,,,,,,,,1
,VRAJ,V,THAKKAR,,901056488,Y,20260801,001598-00,UNIVERSITY OF GEORGIA,GA,4,Public,20260804,20261231,F,B,FINANCIAL PLANNING,190401,,,N,,,,,,,,,,,1
,JOCELYN,,ALEJO-BERNAL,,901062334,N,20260801,,,,,,,,,,,,,,N,,,,,,,,,,,
,AARON,M,VARGA,,901064695,N,20260801,,,,,,,,,,,,,,N,,,,,,,,,,,
,AUBRIE,,AKINS,,901071857,Y,20260801,001580-00,MERCER UNIVERSITY,GA,4,Private,20260510,20260810,H,J,,260101,,,N,,,,,,,,,,,1
,MADISYN,B,QUEEN,,901072831,N,20260801,,,,,,,,,,,,,,N,,,,,,,,,,,
,JAZMIN,,LOPEZ,,901054151,Y,20260801,001598-00,UNIVERSITY OF GEORGIA,GA,4,Public,20260804,20261231,F,B,INTENDED COMPUTER SCIENCE,110701,,,N,,,,,,,,,,,1
,NICHOLAS,D,RELJAC,,901054557,Y,20260801,001598-00,UNIVERSITY OF GEORGIA,GA,4,Public,20260804,20261231,F,B,INTENDED MECHANICAL ENG,141901,,,N,,,,,,,,,,,1
,NOAH,I,MIMS,,901054965,Y,20260801,001598-00,UNIVERSITY OF GEORGIA,GA,4,Public,20260804,20261231,F,B,INTENDED FINANCE,520801,,,N,,,,,,,,,,,1
,FAVOUR,,EZENWIWE,,901057953,Y,20260801,001598-00,UNIVERSITY OF GEORGIA,GA,4,Public,20260512,20260803,F,B,MECHANICAL ENGINEERING,141901,,,N,,,,,,,,,,,1
,FAVOUR,,EZENWIWE,,901057953,Y,20260801,001598-00,UNIVERSITY OF GEORGIA,GA,4,Public,,,,,,,,,Y,20260803,BACHELOR OF SCIENCE IN MECHANICAL ENGINEERING,MECHANICAL ENGINEERING,,,,,,,,1
,FAVOUR,,EZENWIWE,,901057953,Y,20260801,001598-00,UNIVERSITY OF GEORGIA,GA,4,Public,,,,,,,,,Y,20260803,BACH OF SCI MECHANICAL ENGR,MECHANICAL ENGINEERING,141901,,,,,,,1
,ANDERSON,R,LINSLEY,,901051994,Y,20260801,001574-00,GEORGIA STATE UNIVERSITY,GA,4,Public,20260824,20261215,F,J,PRE MANAGEMENT,520201,,,N,,,,,,,,,,,1
,AVA,G,BOBO,,901058698,Y,20260801,001009-00,AUBURN UNIVERSITY,AL,4,Public,20260817,20261211,F,B,PRE BUSINESS,520201,,,N,,,,,,,,,,,1
,SARA,,DULCE,,901069155,N,20260801,,,,,,,,,,,,,,N,,,,,,,,,,,
,JAQUELIN,,TINOCO,,901047455,N,20260801,,,,,,,,,,,,,,N,,,,,,,,,,,
,ALEX,,CAPOGROSSI,,901071313,Y,20260801,001572-00,GEORGIA SOUTHERN UNIVERSITY,GA,4,Public,20260819,20261205,F,B,MARKETING,521401,,,N,,,,,,,,,,,1
,BENJAMIN,A,POSNER,,901072871,Y,20260801,001598-00,UNIVERSITY OF GEORGIA,GA,4,Public,20260804,20261231,F,B,INTENDED FINANCE,520801,,,N,,,,,,,,,,,1
,ISABELLA,,ARCHUNDIA,,901060118,Y,20260801,001598-00,UNIVERSITY OF GEORGIA,GA,4,Public,20260804,20261231,F,B,INTENDED MANAGEMENT,520201,,,N,,,,,,,,,,,1
,ELIJAH,R,EARHART,,901062097,N,20260801,,,,,,,,,,,,,,N,,,,,,,,,,,
,AUSTIN,L,MOCK,,901062241,N,20260801,,,,,,,,,,,,,,N,,,,,,,,,,,
,ANDREW,J,STEWART,,901063867,Y,20260801,001598-00,UNIVERSITY OF GEORGIA,GA,4,Public,20260804,20261231,F,B,INTENDED FINANCE,520801,,,N,,,,,,,,,,,1
,EDUARDO,E,ORTEGA,,901070432,Y,20260801,001598-00,UNIVERSITY OF GEORGIA,GA,4,Public,20260804,20261231,F,B,AGRICULTURAL AND APPLIED ECON,010103,,,N,,,,,,,,,,,1
,ISABELLA,,MUCCI,,901080744,Y,20260801,001574-06,GEORGIA STATE UNIVERSITY- PERIMETER COLLEGE,GA,2,Public,20260824,20261215,Q,F,BUSINESS ADMINISTRATION,240101,,,N,,,,,,,,,,,1
,AUDRA,M,O'CLAIR,,901080958,Y,20260801,001598-00,UNIVERSITY OF GEORGIA,GA,4,Public,,,,,,,,,Y,20260803,BACHELOR OF SCIENCE,PHARM AND BIOMEDICAL SCIENCES,512010,,,,,,,1
,ALEXANDER,,GODINEZ,,901078495,N,20260801,,,,,,,,,,,,,,N,,,,,,,,,,,
,AUSTIN,P,DEHELEAN,,901071568,Y,20260801,001598-00,UNIVERSITY OF GEORGIA,GA,4,Public,20260804,20261231,F,B,PSYCHOLOGY,420101,,,N,,,,,,,,,,,1
,SERGIO,A,CAMACHO,,901072235,N,20260801,,,,,,,,,,,,,,N,,,,,,,,,,,
,ASHLYN,E,MORELAND,,901063863,N,20260801,,,,,,,,,,,,,,N,,,,,,,,,,,
,SOPHIA,G,FISHER,,901068308,N,20260801,,,,,,,,,,,,,,N,,,,,,,,,,,
,LIAM,M,FLORCZAK,,901052636,Y,20260801,006951-00,UNIVERSITY OF SOUTH CAROLINA UPSTATE,SC,4,Public,20260816,20261214,Q,S,BUSINESS ADMINISTRATION,520201,,,N,,,,,,,,,,,1
,RYAN,,ANTHONY,,901055571,Y,20260801,001598-00,UNIVERSITY OF GEORGIA,GA,4,Public,20260804,20261231,F,B,INTENDED PUBLIC RELATIONS,090902,,,N,,,,,,,,,,,1
,AIDAN,N,KEARNEY,,901071936,N,20260801,,,,,,,,,,,,,,N,,,,,,,,,,,
,LEAH,M,ROSE,,901072603,N,20260801,,,,,,,,,,,,,,N,,,,,,,,,,,
,PARKER,,STEVENS,,901074242,N,20260801,,,,,,,,,,,,,,N,,,,,,,,,,,
,ANNA,M,MOORE,,901074292,Y,20260801,001604-00,YOUNG HARRIS COLLEGE,GA,4,Private,20260817,20261211,F,,,,,,N,,,,,,,,,,,1
,NICHOLAS,E,WOODWARD,,901075626,Y,20260801,001598-00,UNIVERSITY OF GEORGIA,GA,4,Public,20260804,20261231,F,B,INTENDED FINANCE,520801,,,N,,,,,,,,,,,1
,SILAS,J,BENTLEY,,901076124,N,20260801,,,,,,,,,,,,,,N,,,,,,,,,,,
,CARSON,L,EZELL,,901079693,Y,20260801,001051-00,UNIVERSITY OF ALABAMA,AL,4,Public,20260819,20261211,F,B,CYBER SECURITY,111003,,,N,,,,,,,,,,,1
,SAAHAS,,NALABHOTU,,901085290,Y,20260801,001574-06,GEORGIA STATE UNIVERSITY- PERIMETER COLLEGE,GA,2,Public,20260511,20260803,L,F,UNDECLARED,240102,,,N,,,,,,,,,,,1
,SAAHAS,,NALABHOTU,,901085290,Y,20260801,001574-06,GEORGIA STATE UNIVERSITY- PERIMETER COLLEGE,GA,2,Public,20260824,20261215,H,F,UNDECLARED,240102,,,N,,,,,,,,,,,1
,ZOIE,,ST JOHN,,901074730,N,20260801,,,,,,,,,,,,,,N,,,,,,,,,,,
,AVA,E,WARD,,901075081,Y,20260801,001051-00,UNIVERSITY OF ALABAMA,AL,4,Public,20260819,20261211,F,B,LOWER DIVISION GB,520101,,,N,,,,,,,,,,,1
,SYDNEY,E,POWELL,,901081284,N,20260801,,,,,,,,,,,,,,N,,,,,,,,,,,
,KAYDEN,D,WISHAM,,901082600,Y,20260801,001598-00,UNIVERSITY OF GEORGIA,GA,4,Public,20260804,20261231,F,B,INTENDED NURSING,513801,,,N,,,,,,,,,,,1
,SIDNEY,S,HAN,,901082948,N,20260801,,,,,,,,,,,,,,N,,,,,,,,,,,
,BREANNA,E,PATRICK,,901072204,Y,20260801,001598-00,UNIVERSITY OF GEORGIA,GA,4,Public,20260804,20261231,F,B,CHEMISTRY,400501,BIOLOGY,260101,N,,,,,,,,,,,1
,JETT,E,LARSON,,901082440,Y,20260801,001598-00,UNIVERSITY OF GEORGIA,GA,4,Public,20260804,20261231,F,B,REAL ESTATE,521501,FINANCE,520801,N,,,,,,,,,,,1
,RIDDHI,,GOENKA,,901082887,Y,20260801,001569-00,GEORGIA INSTITUTE OF TECHNOLOGY,GA,4,Public,20260518,20260806,L,B,BUSINESS ADMINISTRATION,520201,,,N,,,,,,,,,,,1
,AUSTIN,B,SUMMERLIN,,901070694,N,20260801,,,,,,,,,,,,,,N,,,,,,,,,,,
,CATERINE,,BARRERA TORO,,901078154,N,20260801,,,,,,,,,,,,,,N,,,,,,,,,,,
,ROBERT,B,PARRISH,,901072636,Y,20260801,001598-00,UNIVERSITY OF GEORGIA,GA,4,Public,20260804,20261231,F,B,INTENDED FINANCE,520801,,,N,,,,,,,,,,,1
,OLIVER,O,WILLIAMS,,901075009,N,20260801,,,,,,,,,,,,,,N,,,,,,,,,,,
,PAPA KOJO,,OWUSU OTOO,,901077262,N,20260801,,,,,,,,,,,,,,N,,,,,,,,,,,
,CALAH,,MILEY,,901057949,Y,20260801,001598-00,UNIVERSITY OF GEORGIA,GA,4,Public,20260804,20261231,F,B,BIOMEDICAL PHYSIOLOGY,260901,,,N,,,,,,,,,,,1
,REBECA,J,ROCHA TRUJILLO,,901058411,N,20260801,,,,,,,,,,,,,,N,,,,,,,,,,,
,KAMRYN,,SMITH,,901081095,N,20260801,,,,,,,,,,,,,,N,,,,,,,,,,,
,KAMEN,M,SPRINGER,,901082493,Y,20260801,001577-00,KENNESAW STATE UNIVERSITY,GA,4,Public,20260824,20261214,F,B,CYBERSECURITY,430404,,,N,,,,,,,,,,,1
,ELIZABETH,R,GREGORY,,901083070,N,20260801,,,,,,,,,,,,,,N,,,,,,,,,,,
,ANDREW,D,NORVILLE,,901085299,Y,20260801,041429-00,GEORGIA GWINNETT COLLEGE,GA,4,Public,20260810,20261208,F,B,GENERAL BUS FINANCE CONC,520101,,,N,,,,,,,,,,,1
,SALEM,,LARICEY,,901083033,N,20260801,,,,,,,,,,,,,,N,,,,,,,,,,,
,DIEGO,A,BRICENO,,901083286,N,20260801,,,,,,,,,,,,,,N,,,,,,,,,,,
,HARRISON,T,LUKE,,901084329,N,20260801,,,,,,,,,,,,,,N,,,,,,,,,,,
,NICOLE,E,HALTRICH,,901084617,N,20260801,,,,,,,,,,,,,,N,,,,,,,,,,,
,JOELL,D,BENNETT,,901087658,N,20260801,,,,,,,,,,,,,,N,,,,,,,,,,,
,CHRISTIAN,A,MARTIN MONTES,,901067201,N,20260801,,,,,,,,,,,,,,N,,,,,,,,,,,
,GABRIEL,W,JOHNSON,,901073020,Y,20260801,001598-00,UNIVERSITY OF GEORGIA,GA,4,Public,20260804,20261231,F,B,INTENDED ACCOUNTING,520301,,,N,,,,,,,,,,,1
,CHRISTOPHER,,HERNANDEZ-GONZALEZ,,901073440,N,20260801,,,,,,,,,,,,,,N,,,,,,,,,,,
,WILLIAM,M,BLAKE,,901076123,Y,20260801,001598-00,UNIVERSITY OF GEORGIA,GA,4,Public,20260804,20261231,F,B,INTENDED MECHANICAL ENG,141901,,,N,,,,,,,,,,,1
,GABRIEL,A,KADERLI,,901081619,N,20260801,,,,,,,,,,,,,,N,,,,,,,,,,,
,BRADEN,C,MIKESELL,,901064265,Y,20260801,012015-00,AUSTIN COMMUNITY COLLEGE DISTRICT,TX,2,Public,20260824,20261213,,,,141901,,240102,N,,,,,,,,,,,1
,CAMERON,,NADLER,,901070476,Y,20260801,003636-00,TEXAS CHRISTIAN UNIVERSITY,TX,4,Private,20260824,20261218,,S,BUSINESS,520101,,,N,,,,,,,,,,,1
,TAYLA,M,PAYNE,,901075206,N,20260801,,,,,,,,,,,,,,N,,,,,,,,,,,
,SKYLAR,,FORTNER,,901079680,Y,20260801,008976-00,CLAYTON STATE UNIVERSITY,GA,4,Public,20260808,20261208,F,S,BIOLOGY,260101,,,N,,,,,,,,,,,1
,CONNER,O,BENTLEY,,901081365,Y,20260801,001598-00,UNIVERSITY OF GEORGIA,GA,4,Public,20260804,20261231,F,B,INTENDED ACCOUNTING,520301,,,N,,,,,,,,,,,1
,GERARDO,,BAEZA-CRUZ,,901084602,N,20260801,,,,,,,,,,,,,,N,,,,,,,,,,,
,EMMA,C,EARLY,,901074050,Y,20260801,001598-00,UNIVERSITY OF GEORGIA,GA,4,Public,20260804,20261231,F,B,INTENDED ENGLISH EDUCATION,131305,,,N,,,,,,,,,,,1
,BROOKE,L,STOUT,,901074564,N,20260801,,,,,,,,,,,,,,N,,,,,,,,,,,
,ADALYN,R,DEFOREST,,901075434,N,20260801,,,,,,,,,,,,,,N,,,,,,,,,,,
,REBECCA,G,SALVANERA,,901075898,Y,20260801,001051-00,UNIVERSITY OF ALABAMA,AL,4,Public,20260819,20261211,F,B,LOWER DIVISION AC,520301,,,N,,,,,,,,,,,1
,JARED,,JOHNSA,,901082918,N,20260801,,,,,,,,,,,,,,N,,,,,,,,,,,
,PRANAV,,AGNIHOTHRAM,,901084493,N,20260801,,,,,,,,,,,,,,N,,,,,,,,,,,
,BIANCA,S,ANTON,,901084914,N,20260801,,,,,,,,,,,,,,N,,,,,,,,,,,
,HOLLIS,L,WEISS,,901083280,Y,20260801,001598-00,UNIVERSITY OF GEORGIA,GA,4,Public,20260804,20261231,F,B,INTENDED SPORT MANAGEMENT,310504,,,N,,,,,,,,,,,1
,MAHEK,,MOMIN,,901083818,N,20260801,,,,,,,,,,,,,,N,,,,,,,,,,,
,CLAIRE,A,LABREC,,901070854,Y,20260801,001598-00,UNIVERSITY OF GEORGIA,GA,4,Public,20260804,20261231,F,B,CIVIL ENGINEERING,140801,,,N,,,,,,,,,,,1
,DENISSE,A,HERRERA,,901071551,N,20260801,,,,,,,,,,,,,,N,,,,,,,,,,,
,ETAI,,BEN-SIMON,,901071737,Y,20260801,001598-00,UNIVERSITY OF GEORGIA,GA,4,Public,20260804,20261231,F,B,PHILOSOPHY,380101,CERT AI LANG MINDS MACHINES,302501,N,,,,,,,,,,,1
,ADIA,L,HOLCOMBE,,901073448,Y,20260801,001598-00,UNIVERSITY OF GEORGIA,GA,4,Public,20260804,20261231,F,B,INTENDED MANAGEMENT,520201,,,N,,,,,,,,,,,1
,PYPER,A,HICKS,,901073965,Y,20260801,001598-00,UNIVERSITY OF GEORGIA,GA,4,Public,20260804,20261231,F,B,INTENDED MANAGEMENT,520201,,,N,,,,,,,,,,,1
,HAILEY,,HODGE,,901074993,N,20260801,,,,,,,,,,,,,,N,,,,,,,,,,,
,TUCKER,T,HAWKINS,,901081642,N,20260801,,,,,,,,,,,,,,N,,,,,,,,,,,
,LUKE,,SANTY,,901088809,N,20260801,,,,,,,,,,,,,,N,,,,,,,,,,,
,KATIA,E,ISAKBAYEV,,901091359,N,20260801,,,,,,,,,,,,,,N,,,,,,,,,,,
,AKSHITA,,YAMEE,,901091523,N,20260801,,,,,,,,,,,,,,N,,,,,,,,,,,
,HALIMAT,O,ODEDINA,,901095049,N,20260801,,,,,,,,,,,,,,N,,,,,,,,,,,
,TUCKER,R,OGLESBY,,901081565,Y,20260801,001598-00,UNIVERSITY OF GEORGIA,GA,4,Public,20260804,20261231,F,B,TURFGRASS MANAGEMENT,010607,,,N,,,,,,,,,,,1
,CHLOE,X,SCHWITZ,,901083167,N,20260801,,,,,,,,,,,,,,N,,,,,,,,,,,
,AMY,E,WILLIAMS,,901084528,N,20260801,,,,,,,,,,,,,,N,,,,,,,,,,,
,EMMA,,DEATON,,901087466,Y,20260801,001051-00,UNIVERSITY OF ALABAMA,AL,4,Public,20260819,20261211,F,B,KINESIOLOGY,310505,,,N,,,,,,,,,,,1
,JOHN,O,DOE,,901094708,N,20260801,,,,,,,,,,,,,,N,,,,,,,,,,,
,WILDER,R,BOND,,901072373,Y,20260801,001598-00,UNIVERSITY OF GEORGIA,GA,4,Public,20260804,20261231,F,B,INTENDED BUSINESS UNSPECIFIED,520101,,,N,,,,,,,,,,,1
,JAMES,D,COMBEE,,901073381,Y,20260801,001598-00,UNIVERSITY OF GEORGIA,GA,4,Public,20260804,20261231,F,B,INTENDED MANAGEMENT,520201,,,N,,,,,,,,,,,1
,JONAS,L,LEWIS-CAPO,,901075072,N,20260801,,,,,,,,,,,,,,N,,,,,,,,,,,
,CHELSEA,,BRADSHAW,,901081710,N,20260801,,,,,,,,,,,,,,N,,,,,,,,,,,
,CAMPBELL,J,NEEL,,901081011,N,20260801,,,,,,,,,,,,,,N,,,,,,,,,,,
,ANITH,,SASCYDHARAN,,901089393,N,20260801,,,,,,,,,,,,,,N,,,,,,,,,,,
,MIA,K,TRAMMELL,,901095129,Y,20260801,002440-00,UNIVERSITY OF MISSISSIPPI,MS,4,Public,20260824,20261204,F,S,EXERCISE SCIENCE,310505,,,N,,,,,,,,,,,1
,ANDREW,J,COLLINS,,901104260,N,20260801,,,,,,,,,,,,,,N,,,,,,,,,,,
,MADISON,F,HANCHEY,,901105320,Y,20260801,001009-00,AUBURN UNIVERSITY,AL,4,Public,20260817,20261211,F,B,REHAB DISABILITY STUDIES,131099,,,N,,,,,,,,,,,1
,SARA-CLAIRE,L,CUMMINGS,,901084054,N,20260801,,,,,,,,,,,,,,N,,,,,,,,,,,
,GRIFFIN,R,LANE,,901070684,N,20260801,,,,,,,,,,,,,,N,,,,,,,,,,,
,CHARLES,H,FARNELL,,901073407,Y,20260801,001598-00,UNIVERSITY OF GEORGIA,GA,4,Public,20260804,20261231,F,B,INTENDED FINANCE,520801,,,N,,,,,,,,,,,1
,YOSHIKO,,WOOD,,901074652,N,20260801,,,,,,,,,,,,,,N,,,,,,,,,,,
,BELLARAE,L,NEWBY,,901075480,N,20260801,,,,,,,,,,,,,,N,,,,,,,,,,,
,MARGARET,K,SMITH,,901077955,N,20260801,,,,,,,,,,,,,,N,,,,,,,,,,,
,GEORGIA,C,POWELL,,901085391,Y,20260801,001598-00,UNIVERSITY OF GEORGIA,GA,4,Public,20260512,20260803,H,B,COMMUNICATION STUDIES,090101,,,N,,,,,,,,,,,1
,GEORGIA,C,POWELL,,901085391,Y,20260801,001598-00,UNIVERSITY OF GEORGIA,GA,4,Public,20260804,20261231,F,B,COMMUNICATION STUDIES,090101,,,N,,,,,,,,,,,1
,BROOKE,E,SACCO,,901087251,N,20260801,,,,,,,,,,,,,,N,,,,,,,,,,,
,FRANCIS,,KAJUMBA,,901091952,N,20260801,,,,,,,,,,,,,,N,,,,,,,,,,,
,MARESHAH,,OWUSU-YAW,,901090625,N,20260801,,,,,,,,,,,,,,N,,,,,,,,,,,
,ALESSANDRA,,RENEAU,,901090671,N,20260801,,,,,,,,,,,,,,N,,,,,,,,,,,
,BRADLEY,A,WAGES,,901086816,N,20260801,,,,,,,,,,,,,,N,,,,,,,,,,,
,ERICA,F,SMITH,,901092716,Y,20260801,001585-00,UNIVERSITY OF NORTH GEORGIA,GA,4,Public,20260810,20261204,F,B,ELEMENTARY SPECIAL EDUCATION,131202,,,N,,,,,,,,,,,1
,CHRISTOPHER,,GOSS,,901094188,N,20260801,,,,,,,,,,,,,,N,,,,,,,,,,,
,MAYRA,,CORONA,,901098989,N,20260801,,,,,,,,,,,,,,N,,,,,,,,,,,
,ADDISYN,K,BARR,,901104137,Y,20260801,001479-00,EMBRY-RIDDLE AERONAUTICAL UNIVERSITY - DAYTONA,FL,4,Private,20260824,20261209,F,S,BACHELOR OF SCIENCE IN AERONAUTICS,490101,,,N,,,,,,,,,,,1
,LILLIAN,,TILLMAN,,901104559,N,20260801,,,,,,,,,,,,,,N,,,,,,,,,,,
,JOHN,A,WIGBELS,,901083496,N,20260801,,,,,,,,,,,,,,N,,,,,,,,,,,
,MADISON,A,AIKEN,,901080993,Y,20260801,001598-00,UNIVERSITY OF GEORGIA,GA,4,Public,20260804,20261231,F,B,BIOLOGY,260101,,,N,,,,,,,,,,,1
,SAMUEL,,AVELLANEDA PACHON,,901085627,N,20260801,,,,,,,,,,,,,,N,,,,,,,,,,,
,MARY,E,SMITH,,901090439,N,20260801,,,,,,,,,,,,,,N,,,,,,,,,,,
,BROCK,M,HACKER,,901091154,Y,20260801,001598-00,UNIVERSITY OF GEORGIA,GA,4,Public,20260804,20261231,F,B,INTENDED FINANCE,520801,,,N,,,,,,,,,,,1
,KALE,A,SMITH,,901096241,N,20260801,,,,,,,,,,,,,,N,,,,,,,,,,,
,JUSTIN,W,SMITH,,901082758,Y,20260801,001598-00,UNIVERSITY OF GEORGIA,GA,4,Public,20260804,20261231,F,B,AGRIBUSINESS,010102,AGRICULTURAL AND APPLIED ECON,010103,N,,,,,,,,,,,1
,JOSHUA,T,OBLEN,,901083089,Y,20260801,001598-00,UNIVERSITY OF GEORGIA,GA,4,Public,20260804,20261231,F,B,INTENDED MANAGEMENT,520201,,,N,,,,,,,,,,,1
,ZOEY,L,WELLS,,901086760,N,20260801,,,,,,,,,,,,,,N,,,,,,,,,,,
,MATTHEW,P,MAHONEY,,901089565,N,20260801,,,,,,,,,,,,,,N,,,,,,,,,,,
,ALYZZA,,MILLAN,,901087740,N,20260801,,,,,,,,,,,,,,N,,,,,,,,,,,
,EDEN,D,CARNEY-FRIEDMAN,,901089858,Y,20260801,001009-00,AUBURN UNIVERSITY,AL,4,Public,20260817,20261211,F,B,EXERCISE SCIENCE UNDERGRADUATE,260908,,,N,,,,,,,,,,,1
,JOHN,Y,LEE,,901091099,N,20260801,,,,,,,,,,,,,,N,,,,,,,,,,,
,AYUSH,,VYAS,,901091163,N,20260801,,,,,,,,,,,,,,N,,,,,,,,,,,
,LUISA,,MARTE DIAZ,,901077214,N,20260801,,,,,,,,,,,,,,N,,,,,,,,,,,
,LEXIE,,ENTWISTLE,,901080901,N,20260801,,,,,,,,,,,,,,N,,,,,,,,,,,
,GISELLE,,CANALES DIEGO,,901087690,N,20260801,,,,,,,,,,,,,,N,,,,,,,,,,,
,THOMAS,L,CHAFIN,,901090696,Y,20260801,001598-00,UNIVERSITY OF GEORGIA,GA,4,Public,20260512,20260803,F,B,ANIMAL AND DAIRY SCIENCE,010901,,,N,,,,,,,,,,,1
,THOMAS,L,CHAFIN,,901090696,Y,20260801,001598-00,UNIVERSITY OF GEORGIA,GA,4,Public,20260804,20261231,F,B,INTENDED FINANCE,520801,,,N,,,,,,,,,,,1
,TANISHA,,MANI,,901092669,N,20260801,,,,,,,,,,,,,,N,,,,,,,,,,,
,YANDEL,,REYES,,901095641,N,20260801,,,,,,,,,,,,,,N,,,,,,,,,,,
,BERNICE,A,APPIAH,,901098824,N,20260801,,,,,,,,,,,,,,N,,,,,,,,,,,
,VANESSA,,GONZALEZ-ARELLANO,,901099366,N,20260801,,,,,,,,,,,,,,N,,,,,,,,,,,
,ANSLEY,C,MITCHELL,,901100862,Y,20260801,001598-00,UNIVERSITY OF GEORGIA,GA,4,Public,20260512,20260803,H,B,BIOMEDICAL PHYSIOLOGY,260901,,,N,,,,,,,,,,,1
,ANSLEY,C,MITCHELL,,901100862,Y,20260801,001598-00,UNIVERSITY OF GEORGIA,GA,4,Public,20260804,20261231,F,B,BIOMEDICAL PHYSIOLOGY,260901,,,N,,,,,,,,,,,1
,OLIVIA,,VARNER,,901104376,N,20260801,,,,,,,,,,,,,,N,,,,,,,,,,,
,LANE,S,SCEALS,,901108333,Y,20260801,001544-00,ALBANY STATE UNIVERSITY,GA,4,Public,20260817,20261210,F,F,MANAGEMENT,520201,,,N,,,,,,,,,,,1
,HAMPTON,G,GROSCH,,901109170,Y,20260801,001598-00,UNIVERSITY OF GEORGIA,GA,4,Public,20260804,20261231,F,B,INTENDED FINANCE,520801,,,N,,,,,,,,,,,1
,ZY'DESHA,A,BIRDETTE,,901112520,Y,20260801,001585-00,UNIVERSITY OF NORTH GEORGIA,GA,4,Public,20260810,20261204,F,B,MARKETING,521401,,,N,,,,,,,,,,,1
,REBECCA,K,YOO,,901118308,Y,20260801,001598-00,UNIVERSITY OF GEORGIA,GA,4,Public,20260804,20261231,F,B,INTENDED MECHANICAL ENG,141901,,,N,,,,,,,,,,,1
,BRYN,R,LAHART,,901086113,Y,20260801,009226-00,FRANCIS MARION UNIVERSITY,SC,4,Public,20260824,20261215,F,,,,,,N,,,,,,,,,,,1
,CHURCHILL,G,HARRIS,,901087653,Y,20260801,001598-00,UNIVERSITY OF GEORGIA,GA,4,Public,20260804,20261231,F,B,BIOLOGICAL SCIENCE,300101,,,N,,,,,,,,,,,1
,NATHAN,E,ROBERSON,,901088753,Y,20260801,001598-00,UNIVERSITY OF GEORGIA,GA,4,Public,20260804,20261231,L,B,INTENDED BUSINESS UNSPECIFIED,520101,,,N,,,,,,,,,,,1
,JOSHUA,M,CAUSLAND,,901091192,Y,20260801,001598-00,UNIVERSITY OF GEORGIA,GA,4,Public,20260512,20260803,F,B,COMMUNICATION STUDIES,090101,CERT SPORTS MEDIA,090906,N,,,,,,,,,,,1
,JOSHUA,M,CAUSLAND,,901091192,Y,20260801,001598-00,UNIVERSITY OF GEORGIA,GA,4,Public,20260804,20261231,F,B,COMMUNICATION STUDIES,090101,CERT SPORTS MEDIA,090906,N,,,,,,,,,,,1
,ALBERT,,ESQUIVEL-LOPEZ,,901094337,Y,20260801,001598-00,UNIVERSITY OF GEORGIA,GA,4,Public,20260804,20261231,F,B,INTENDED MARKETING,521401,,,N,,,,,,,,,,,1
,LIAM,,RAMIN STEENKAMP,,901088944,N,20260801,,,,,,,,,,,,,,N,,,,,,,,,,,
,NAQASH,N,GAJWANI,,901091235,N,20260801,,,,,,,,,,,,,,N,,,,,,,,,,,
,JESSICA,S,DECATREL,,901093766,N,20260801,,,,,,,,,,,,,,N,,,,,,,,,,,
,ALLISON,S,IVESTER,,901109144,N,20260801,,,,,,,,,,,,,,N,,,,,,,,,,,
,ALEXIS,,MCCONE,,901116290,N,20260801,,,,,,,,,,,,,,N,,,,,,,,,,,
,CALEB,M,ROBINSON,,901116982,Y,20260801,001598-00,UNIVERSITY OF GEORGIA,GA,4,Public,20260804,20261231,Q,B,HEALTH PROMOTION,512207,,,N,,,,,,,,,,,1
,AUDREY,K,DECKERS,,901118320,N,20260801,,,,,,,,,,,,,,N,,,,,,,,,,,
,VERITY,E,GRIER,,901118754,N,20260801,,,,,,,,,,,,,,N,,,,,,,,,,,
,RYDER,M,RACINELLI,,901120390,Y,20260801,001051-00,UNIVERSITY OF ALABAMA,AL,4,Public,20260819,20261211,F,B,CIVIL ENGINEERING,140801,,,N,,,,,,,,,,,1
,DEUK HYUN,,PARK,,901086981,N,20260801,,,,,,,,,,,,,,N,,,,,,,,,,,
,ANVI,,SHIRKHEDKAR,,901092306,N,20260801,,,,,,,,,,,,,,N,,,,,,,,,,,
,SYDNEY,T,SUNTHONTHIP,,901092486,Y,20260801,001598-00,UNIVERSITY OF GEORGIA,GA,4,Public,20260804,20261231,F,B,INTENDED PUBLIC RELATIONS,090902,,,N,,,,,,,,,,,1
,RUTH,E,STOIA,,901110232,Y,20260801,001598-00,UNIVERSITY OF GEORGIA,GA,4,Public,20260804,20261231,F,B,BIOCHEM AND MOLECULAR BIOLOGY,260210,CERT INFECTIOUS DISEASES,261309,N,,,,,,,,,,,1
,RACHEL,A,AMADEO,,901117203,N,20260801,,,,,,,,,,,,,,N,,,,,,,,,,,
,VIRGINIA,G,BREWER,,901119046,Y,20260801,001598-00,UNIVERSITY OF GEORGIA,GA,4,Public,20260512,20260803,F,B,PSYCHOLOGY,420101,,,N,,,,,,,,,,,1
,VIRGINIA,G,BREWER,,901119046,Y,20260801,001598-00,UNIVERSITY OF GEORGIA,GA,4,Public,20260804,20261231,F,B,PSYCHOLOGY,420101,,,N,,,,,,,,,,,1
,ELIZABETH,G,HOBACK,,901095449,Y,20260801,001577-00,KENNESAW STATE UNIVERSITY,GA,4,Public,20260824,20261214,F,B,BIOLOGY,260101,,,N,,,,,,,,,,,1
,QUINTEN,K,LEMOINE,,901101197,Y,20260801,001569-00,GEORGIA INSTITUTE OF TECHNOLOGY,GA,4,Public,20260518,20260806,L,B,COMPUTER SCIENCE,110101,,,N,,,,,,,,,,,1
,LILLIANA,,MAHLKE,,901104733,Y,20260801,001569-00,GEORGIA INSTITUTE OF TECHNOLOGY,GA,4,Public,20260518,20260806,H,B,INDUSTRIAL ENGINEERING,143501,,,N,,,,,,,,,,,1
,SIMRA,,SIDDIQUE,,901110304,N,20260801,,,,,,,,,,,,,,N,,,,,,,,,,,
,APRIL,R,CHAMBERS,,901114200,N,20260801,,,,,,,,,,,,,,N,,,,,,,,,,,
,SEAN,,ESIRI,,901117938,Y,20260801,001598-00,UNIVERSITY OF GEORGIA,GA,4,Public,20260804,20261231,F,B,ECONOMICS,520601,,,N,,,,,,,,,,,1
,AKEELA,,TATE,,901122285,Y,20260801,001569-00,GEORGIA INSTITUTE OF TECHNOLOGY,GA,4,Public,20260518,20260806,H,B,CIVIL ENGINEERING,140801,,,N,,,,,,,,,,,1
,AARAV,S,KUSHWAHA,,901090057,N,20260801,,,,,,,,,,,,,,N,,,,,,,,,,,
,PRESTON,,RATLIFF,,901102805,Y,20260801,001598-00,UNIVERSITY OF GEORGIA,GA,4,Public,20260804,20261231,F,B,FINANCIAL PLANNING,190401,,,N,,,,,,,,,,,1
,TIYA,Y,PADGAOKAR,,901091047,N,20260801,,,,,,,,,,,,,,N,,,,,,,,,,,
,LUCY,,AULTMAN,,901094033,Y,20260801,001598-00,UNIVERSITY OF GEORGIA,GA,4,Public,20260804,20261231,F,B,DIETETICS,301901,,,N,,,,,,,,,,,1
,DAISY,,MEJIA,,901105981,Y,20260801,001585-00,UNIVERSITY OF NORTH GEORGIA,GA,4,Public,20260810,20261204,Q,B,FINANCE,520801,,,N,,,,,,,,,,,1
,KELLAN,M,FRENELLE,,901106205,Y,20260801,001598-00,UNIVERSITY OF GEORGIA,GA,4,Public,20260804,20261231,F,B,MECHANICAL ENGINEERING,141901,,,N,,,,,,,,,,,1
,KAITLYN,R,BARROWS,,901114140,N,20260801,,,,,,,,,,,,,,N,,,,,,,,,,,
,NIVEDH,,JAYAKANTH,,901116660,N,20260801,,,,,,,,,,,,,,N,,,,,,,,,,,
,ANDREW,J,SCHULTZ,,901116678,Y,20260801,001598-00,UNIVERSITY OF GEORGIA,GA,4,Public,20260804,20261231,F,B,INTENDED REAL ESTATE,521501,,,N,,,,,,,,,,,1
,JAI,H,PATEL,,901121332,N,20260801,,,,,,,,,,,,,,N,,,,,,,,,,,
,CARMEN,H,PHAM,,901121366,Y,20260801,001569-00,GEORGIA INSTITUTE OF TECHNOLOGY,GA,4,Public,20260518,20260806,F,B,INDUSTRIAL ENGINEERING,143501,,,N,,,,,,,,,,,1
,KAYAL,T,SUBRAMANIAN,,901122316,N,20260801,,,,,,,,,,,,,,N,,,,,,,,,,,
,JAMES,L,MCGOVERN,,901118901,N,20260801,,,,,,,,,,,,,,N,,,,,,,,,,,
,JOHANNA,F,ADENIRAN,,901107495,N,20260801,,,,,,,,,,,,,,N,,,,,,,,,,,
,LANCE,,PITTS,,901114410,N,20260801,,,,,,,,,,,,,,N,,,,,,,,,,,
,NICHOLAS,P,YATH,,901117210,Y,20260801,001598-00,UNIVERSITY OF GEORGIA,GA,4,Public,20260512,20260803,H,B,ACCOUNTING,520301,FINANCE,520801,N,,,,,,,,,,,1
,NICHOLAS,P,YATH,,901117210,Y,20260801,001598-00,UNIVERSITY OF GEORGIA,GA,4,Public,20260804,20261231,F,B,ACCOUNTING,520301,FINANCE,520801,N,,,,,,,,,,,1
,ANA JULIA,,BLEEKER,,901117415,Y,20260801,001598-00,UNIVERSITY OF GEORGIA,GA,4,Public,20260804,20261231,H,B,MECHANICAL ENGINEERING,141901,,,N,,,,,,,,,,,1
,DANIEL,C,SAFRIT,,901118259,Y,20260801,001598-00,UNIVERSITY OF GEORGIA,GA,4,Public,20260804,20261231,F,B,BIOMEDICAL PHYSIOLOGY,260901,,,N,,,,,,,,,,,1
,GIRISMA,,BHUMIREDDY,,901119350,N,20260801,,,,,,,,,,,,,,N,,,,,,,,,,,
,AZA,,TESFA,,901121893,N,20260801,,,,,,,,,,,,,,N,,,,,,,,,,,
,MICHAEL,,APOLINSKY,,901122047,Y,20260801,001598-00,UNIVERSITY OF GEORGIA,GA,4,Public,20260804,20261231,F,B,INTENDED FINANCE,520801,,,N,,,,,,,,,,,1
,ASHLEY,Q,PIERRE,,901122901,N,20260801,,,,,,,,,,,,,,N,,,,,,,,,,,
,TRAYVON,,THOMAS,,901116717,N,20260801,,,,,,,,,,,,,,N,,,,,,,,,,,
,AIDEN,,PEDERSON,,901116854,N,20260801,,,,,,,,,,,,,,N,,,,,,,,,,,
,HALEY,A,WERNER,,901118969,Y,20260801,001598-00,UNIVERSITY OF GEORGIA,GA,4,Public,20260804,20261231,F,B,ANIMAL AND DAIRY SCIENCE,010901,,,N,,,,,,,,,,,1
,SOHAM,,KHURANA,,901121557,N,20260801,,,,,,,,,,,,,,N,,,,,,,,,,,
,JONATHAN,R,HOLLAND,,901120757,N,20260801,,,,,,,,,,,,,,N,,,,,,,,,,,
,JANIYA,B,WOODS,,901121027,Y,20260801,001598-00,UNIVERSITY OF GEORGIA,GA,4,Public,20260512,20260803,F,B,PSYCHOLOGY,420101,,,N,,,,,,,,,,,1
,JANIYA,B,WOODS,,901121027,Y,20260801,001598-00,UNIVERSITY OF GEORGIA,GA,4,Public,20260804,20261231,F,B,PSYCHOLOGY,420101,,,N,,,,,,,,,,,1
,WILSON,J,REAGAN,,901121768,Y,20260801,001554-00,BERRY COLLEGE,GA,4,Private,20260824,20261211,F,S,BIOLOGY,260101,,,N,,,,,,,,,,,1
,IZABELA,O,SIERDZINSKA,,901121862,Y,20260801,001569-00,GEORGIA INSTITUTE OF TECHNOLOGY,GA,4,Public,20260518,20260806,H,B,INDUSTRIAL ENGINEERING,143501,,,N,,,,,,,,,,,1
,GABRIELE,,VULPITTA,,901122929,N,20260801,,,,,,,,,,,,,,N,,,,,,,,,,,
,FINLEY,P,EDWARDS,,901084063,N,20260801,,,,,,,,,,,,,,N,,,,,,,,,,,
,DEREK,S,CHAO,,901121296,Y,20260801,003753-00,VIRGINIA MILITARY INSTITUTE,VA,4,Public,20260825,20261217,,S,COMPUTER SCIENCE,110701,,,N,,,,,,,,,,,1
,CORY,J,KIM,,901114612,N,20260801,,,,,,,,,,,,,,N,,,,,,,,,,,
,MEGAN,K,SEARS,,901117823,N,20260801,,,,,,,,,,,,,,N,,,,,,,,,,,
,THOMAS,C,BEVERLY,,901119345,Y,20260801,001009-00,AUBURN UNIVERSITY,AL,4,Public,20260817,20261211,F,B,BUSINESS ADMINISTRATION,520201,,,N,,,,,,,,,,,1
,KATHERINE,B,ANDREWS,,901120255,N,20260801,,,,,,,,,,,,,,N,,,,,,,,,,,
,DYLAN,B,LOFT,,901120584,Y,20260801,001598-00,UNIVERSITY OF GEORGIA,GA,4,Public,20260804,20261231,F,B,INTENDED FINANCE,520801,,,N,,,,,,,,,,,1
,DANILO,B,WILLIAMS,,901121396,N,20260801,,,,,,,,,,,,,,N,,,,,,,,,,,
,VINCENT BONTEMPO,,BONTEMPO,,901121177,Y,20260801,001569-00,GEORGIA INSTITUTE OF TECHNOLOGY,GA,4,Public,20260518,20260806,L,B,INDUSTRIAL ENGINEERING,143501,,,N,,,,,,,,,,,1
,GABRIELLE,L,STANLEY,,901122217,Y,20260801,001598-00,UNIVERSITY OF GEORGIA,GA,4,Public,20260512,20260803,H,B,INTENDED FINANCE,520801,,,N,,,,,,,,,,,1
,GABRIELLE,L,STANLEY,,901122217,Y,20260801,001598-00,UNIVERSITY OF GEORGIA,GA,4,Public,20260804,20261231,F,B,INTENDED FINANCE,520801,,,N,,,,,,,,,,,1
,EMILY,A,KNAUSS,,901123084,Y,20260801,001569-00,GEORGIA INSTITUTE OF TECHNOLOGY,GA,4,Public,20260518,20260806,Q,B,INDUSTRIAL ENGINEERING,143501,,,N,,,,,,,,,,,1
,ARYAA,,SHAH,,901123013,Y,20260801,001598-00,UNIVERSITY OF GEORGIA,GA,4,Public,20260512,20260803,H,B,INTENDED FINANCE,520801,,,N,,,,,,,,,,,1
,BERLIN,K,PERKINS,,901123144,Y,20260801,001009-00,AUBURN UNIVERSITY,AL,4,Public,20260817,20261211,F,B,AGRICULTURAL BUSINESS ECON,010103,,,N,,,,,,,,,,,1
,WILLIAM,C,MANCINI,,901123570,Y,20260801,001598-00,UNIVERSITY OF GEORGIA,GA,4,Public,20260512,20260803,F,B,INTENDED MECHANICAL ENG,141901,,,N,,,,,,,,,,,1
,WILLIAM,C,MANCINI,,901123570,Y,20260801,001598-00,UNIVERSITY OF GEORGIA,GA,4,Public,20260804,20261231,F,B,INTENDED MECHANICAL ENG,141901,,,N,,,,,,,,,,,1
,ELLIOT,J,WOODBURN,,901123694,N,20260801,,,,,,,,,,,,,,N,,,,,,,,,,,
,CODY,M,NEIBER,,901103262,Y,20260801,001598-00,UNIVERSITY OF GEORGIA,GA,4,Public,20260804,20261231,F,,PHARMACY,512001,,,N,,,,,,,,,,,1
,ESHWAR,R,THAMMINENI,,901115703,Y,20260801,001598-00,UNIVERSITY OF GEORGIA,GA,4,Public,20260804,20261231,F,B,INTENDED ELECTRCL ELECTRON ENG,141001,,,N,,,,,,,,,,,1
,AVA,G,TREILOBS,,901107654,Y,20260801,001598-00,UNIVERSITY OF GEORGIA,GA,4,Public,20260804,20261231,F,B,INTENDED BUSINESS UNSPECIFIED,520101,,,N,,,,,,,,,,,1
,OPAL,I,KELLER,,901111006,N,20260801,,,,,,,,,,,,,,N,,,,,,,,,,,
,ASHLEY,N,JOHNSON,,901112110,N,20260801,,,,,,,,,,,,,,N,,,,,,,,,,,
,AYANA,,NIVEDIDA PARTHIBAN,,901117827,N,20260801,,,,,,,,,,,,,,N,,,,,,,,,,,
,JAKE,D,BARRAS,,901122878,Y,20260801,001598-00,UNIVERSITY OF GEORGIA,GA,4,Public,20260804,20261231,F,B,INTENDED FINANCE,520801,,,N,,,,,,,,,,,1
,ISAIAH,J,PARK,,901117929,Y,20260801,001598-00,UNIVERSITY OF GEORGIA,GA,4,Public,20260804,20261231,F,B,EXERCISE AND SPORT SCIENCE,310505,,,N,,,,,,,,,,,1
,MARGARET,G,REILLY,,901118832,Y,20260801,001051-00,UNIVERSITY OF ALABAMA,AL,4,Public,20260819,20261211,F,B,LOWER DIVISION GB,520101,,,N,,,,,,,,,,,1
,CANDACE,P,LUO,,901119816,N,20260801,,,,,,,,,,,,,,N,,,,,,,,,,,
,SAMANTHA,N,SIMMONS,,901121799,Y,20260801,001598-00,UNIVERSITY OF GEORGIA,GA,4,Public,20260804,20261231,H,B,HORTICULTURE,011103,,,N,,,,,,,,,,,1
,MILEY,A,AFEDI,,901122013,N,20260801,,,,,,,,,,,,,,N,,,,,,,,,,,
,LAWSON,M,LUCKIE,,901123323,Y,20260801,001598-00,UNIVERSITY OF GEORGIA,GA,4,Public,20260512,20260803,F,B,COMMUNICATION STUDIES,090101,,,N,,,,,,,,,,,1
,LAWSON,M,LUCKIE,,901123323,Y,20260801,001598-00,UNIVERSITY OF GEORGIA,GA,4,Public,20260804,20261231,F,B,COMMUNICATION STUDIES,090101,,,N,,,,,,,,,,,1
,LINDSAY,,LIST,,901123958,Y,20260801,001598-00,UNIVERSITY OF GEORGIA,GA,4,Public,20260512,20260803,H,B,INTENDED FINANCE,520801,,,N,,,,,,,,,,,1
,LINDSAY,,LIST,,901123958,Y,20260801,001598-00,UNIVERSITY OF GEORGIA,GA,4,Public,20260804,20261231,F,B,ACCOUNTING,520301,FINANCE,520801,N,,,,,,,,,,,1
,VARNIKA,,KANAGALA,,901122998,Y,20260801,001569-00,GEORGIA INSTITUTE OF TECHNOLOGY,GA,4,Public,20260518,20260806,L,B,BIOMEDICAL ENGINEERING,140501,,,N,,,,,,,,,,,1
,ADRIEL,S,KOLA,,901123173,Y,20260801,001574-06,GEORGIA STATE UNIVERSITY- PERIMETER COLLEGE,GA,2,Public,20260824,20261215,Q,F,UNDECLARED,240102,,,N,,,,,,,,,,,1
,KEION,A,WATSON,,901124476,N,20260801,,,,,,,,,,,,,,N,,,,,,,,,,,
,YASH,Y,KAREER,,901124580,Y,20260801,001574-06,GEORGIA STATE UNIVERSITY- PERIMETER COLLEGE,GA,2,Public,20260824,20261215,H,F,UNDECLARED,240102,,,N,,,,,,,,,,,1
,EMMA,H,STEEL,,901124718,Y,20260801,001598-00,UNIVERSITY OF GEORGIA,GA,4,Public,20260512,20260803,F,B,CHEMISTRY,400501,,,N,,,,,,,,,,,1
,EMMA,H,STEEL,,901124718,Y,20260801,001598-00,UNIVERSITY OF GEORGIA,GA,4,Public,20260804,20261231,F,B,CHEMISTRY,400501,,,N,,,,,,,,,,,1
,UMAIR,,IRSHAD,,901126276,N,20260801,,,,,,,,,,,,,,N,,,,,,,,,,,
,AMARTYA,,KALLINGAL,,901118246,Y,20260801,001569-00,GEORGIA INSTITUTE OF TECHNOLOGY,GA,4,Public,20260518,20260806,F,B,COMPUTER SCIENCE,110101,,,N,,,,,,,,,,,1
,SYDNEY,J,HICKS,,901121045,N,20260801,,,,,,,,,,,,,,N,,,,,,,,,,,
,RAGHAV,R,PARTHASARATHY,,901122110,N,20260801,,,,,,,,,,,,,,N,,,,,,,,,,,
,STEELE,R,SMITH,,901122911,Y,20260801,001009-00,AUBURN UNIVERSITY,AL,4,Public,20260817,20261211,F,B,ACCOUNTANCY,520301,,,N,,,,,,,,,,,1
,ELIZABETH,B,KATZ,,901123310,N,20260801,,,,,,,,,,,,,,N,,,,,,,,,,,
,NOAH,,JOHNSTON,,901123771,Y,20260801,001598-00,UNIVERSITY OF GEORGIA,GA,4,Public,20260804,20261231,F,B,INTENDED SPORT MANAGEMENT,310504,,,N,,,,,,,,,,,1
,AUDREY,M,EGAN,,901118842,Y,20260801,001598-00,UNIVERSITY OF GEORGIA,GA,4,Public,20260512,20260803,F,B,INTENDED MARKETING,521401,,,N,,,,,,,,,,,1
,AUDREY,M,EGAN,,901118842,Y,20260801,001598-00,UNIVERSITY OF GEORGIA,GA,4,Public,20260804,20261231,F,B,INTENDED MARKETING,521401,,,N,,,,,,,,,,,1
,ADITYA,S,MEDURI,,901123004,N,20260801,,,,,,,,,,,,,,N,,,,,,,,,,,
,ESTHER,B,CHAPMAN,,901120510,N,20260801,,,,,,,,,,,,,,N,,,,,,,,,,,
,JI'REH,E,CHAVEZ,,901121712,N,20260801,,,,,,,,,,,,,,N,,,,,,,,,,,
,WILLIAM,H,BOTELER,,901122160,N,20260801,,,,,,,,,,,,,,N,,,,,,,,,,,
,JAMES,C,COX,,901122530,Y,20260801,001598-00,UNIVERSITY OF GEORGIA,GA,4,Public,20260512,20260803,H,B,BIOLOGICAL SCIENCE,300101,,,N,,,,,,,,,,,1
,JAMES,C,COX,,901122530,Y,20260801,001598-00,UNIVERSITY OF GEORGIA,GA,4,Public,20260804,20261231,F,B,BIOLOGICAL SCIENCE,300101,,,N,,,,,,,,,,,1
,ELIZABETH,C,NAWROCKI,,901122634,Y,20260801,001598-00,UNIVERSITY OF GEORGIA,GA,4,Public,20260804,20261231,F,B,INTENDED PUBLIC RELATIONS,090902,COMMUNICATION STUDIES,090101,N,,,,,,,,,,,1
,WILLLIAM,,GLISSON,,901122986,Y,20260801,001598-00,UNIVERSITY OF GEORGIA,GA,4,Public,20260804,20261231,F,B,INTENDED ECONOMICS,520601,,,N,,,,,,,,,,,1
,ANNA,C,SMITH,,901123097,Y,20260801,003448-00,UNIVERSITY OF SOUTH CAROLINA,SC,4,Public,20260816,20261214,F,R,PUBLIC HEALTH,512201,,,N,,,,,,,,,,,1
,SAISRIHITHA,,PENDELA,,901123171,N,20260801,,,,,,,,,,,,,,N,,,,,,,,,,,
,ELIZABETH,A,STEWART,,901093100,Y,20260801,001598-00,UNIVERSITY OF GEORGIA,GA,4,Public,20260512,20260803,H,B,MANAGEMENT INFORMATION SYSTEMS,521201,FINANCE,520801,N,,,,,,,,,,,1
,ELIZABETH,A,STEWART,,901093100,Y,20260801,001598-00,UNIVERSITY OF GEORGIA,GA,4,Public,20260804,20261231,F,B,MANAGEMENT INFORMATION SYSTEMS,521201,FINANCE,520801,N,,,,,,,,,,,1
,COLLIER,E,WILLIAMS,,901094771,N,20260801,,,,,,,,,,,,,,N,,,,,,,,,,,
,ANDREW,,MULKEY,,901096470,N,20260801,,,,,,,,,,,,,,N,,,,,,,,,,,
,SHALIN,,BHATIA,,901112194,Y,20260801,001569-00,GEORGIA INSTITUTE OF TECHNOLOGY,GA,4,Public,20260518,20260806,F,B,INDUSTRIAL ENGINEERING,143501,,,N,,,,,,,,,,,1
,GRAHAM,W,SHEPARD,,901114677,Y,20260801,001569-00,GEORGIA INSTITUTE OF TECHNOLOGY,GA,4,Public,20260518,20260806,L,B,MECHANICAL ENGINEERING,141901,,,N,,,,,,,,,,,1
,ANDREW,L,BULLER,,901114919,Y,20260801,001051-00,UNIVERSITY OF ALABAMA,AL,4,Public,20260819,20261211,F,B,MECHANICAL ENGINEERING,141901,,,N,,,,,,,,,,,1
,ASHVITHA,,SWAROOP,,901116962,N,20260801,,,,,,,,,,,,,,N,,,,,,,,,,,
,NICHOLAS,K,BALDIZON-ISMODES,,901120488,N,20260801,,,,,,,,,,,,,,N,,,,,,,,,,,
,WILLIAM,A,REED,,901120959,N,20260801,,,,,,,,,,,,,,N,,,,,,,,,,,
,ALEXANDRA,,ROSE,,901121102,Y,20260801,001598-00,UNIVERSITY OF GEORGIA,GA,4,Public,20260804,20261231,F,B,MANAGEMENT INFORMATION SYSTEMS,521201,CERT PERSONAL AND ORG LEADER,520213,N,,,,,,,,,,,1
,BELLA,,VAN NOSTRAN,,901122487,N,20260801,,,,,,,,,,,,,,N,,,,,,,,,,,
,CLARA,M,GREGSON,,901122888,Y,20260801,001598-00,UNIVERSITY OF GEORGIA,GA,4,Public,20260804,20261231,F,B,RELIGION,380201,PSYCHOLOGY,420101,N,,,,,,,,,,,1
,TRANG,T,DOAN,,901123300,Y,20260801,001569-00,GEORGIA INSTITUTE OF TECHNOLOGY,GA,4,Public,20260518,20260806,L,B,CIVIL ENGINEERING,140801,,,N,,,,,,,,,,,1
,THOMAS,M,SCHWENINGER,,901123343,N,20260801,,,,,,,,,,,,,,N,,,,,,,,,,,
,LANDON,,DENKER,,901123558,Y,20260801,001598-00,UNIVERSITY OF GEORGIA,GA,4,Public,20260804,20261231,F,B,MANAGEMENT INFORMATION SYSTEMS,521201,,,N,,,,,,,,,,,1
,EVELYN,G,JACKSON,,901122673,N,20260801,,,,,,,,,,,,,,N,,,,,,,,,,,
,EMMA,,BRYSON,,901123630,Y,20260801,001598-00,UNIVERSITY OF GEORGIA,GA,4,Public,20260512,20260803,L,B,INTENDED COMM SCI AND DISORDER,510201,,,N,,,,,,,,,,,1
,EMMA,,BRYSON,,901123630,Y,20260801,001598-00,UNIVERSITY OF GEORGIA,GA,4,Public,20260804,20261231,F,B,INTENDED COMM SCI AND DISORDER,510201,,,N,,,,,,,,,,,1
,TIRRELL,C,BENNETT,,901123813,Y,20260801,008976-00,CLAYTON STATE UNIVERSITY,GA,4,Public,20260808,20261208,F,R,INFORMATION TECHNOLOGY,110103,INFORMATION TECHNOLOGY,110401,N,,,,,,,,,,,1
,ELLIE,A,SWEARINGEN,,901123818,Y,20260801,001051-00,UNIVERSITY OF ALABAMA,AL,4,Public,20260819,20261211,F,B,PSYCHOLOGY,420101,,,N,,,,,,,,,,,1
,CALEB,M,KINNEER,,901123302,N,20260801,,,,,,,,,,,,,,N,,,,,,,,,,,
,SIDDHARTH,,SABARISH,,901123346,N,20260801,,,,,,,,,,,,,,N,,,,,,,,,,,
,ISABELLA,M,ALBRIGHT,,901124000,Y,20260801,001598-00,UNIVERSITY OF GEORGIA,GA,4,Public,20260804,20261231,Q,B,BIOMEDICAL PHYSIOLOGY,260901,,,N,,,,,,,,,,,1
,ROSIE,N,DINH,,901095916,N,20260801,,,,,,,,,,,,,,N,,,,,,,,,,,
,DANIEL,,URSHANSKY,,901101972,Y,20260801,001569-00,GEORGIA INSTITUTE OF TECHNOLOGY,GA,4,Public,20260518,20260806,F,B,INDUSTRIAL ENGINEERING,143501,,,N,,,,,,,,,,,1
,ZOE,,BEAN,,901105125,Y,20260801,001598-00,UNIVERSITY OF GEORGIA,GA,4,Public,20260512,20260803,F,B,HORTICULTURE,011103,,,N,,,,,,,,,,,1
,ZOE,,BEAN,,901105125,Y,20260801,001598-00,UNIVERSITY OF GEORGIA,GA,4,Public,20260804,20261231,F,B,HORTICULTURE,011103,,,N,,,,,,,,,,,1
,MADILYN,E,MORROW,,901109937,N,20260801,,,,,,,,,,,,,,N,,,,,,,,,,,
,CHEYENNE,S,JORDAN,,901110281,Y,20260801,003435-00,LANDER UNIVERSITY,SC,4,Public,20260817,20261204,F,S,NURSING,513801,,,N,,,,,,,,,,,1
,MAKENSY,,RANGEL,,901124475,N,20260801,,,,,,,,,,,,,,N,,,,,,,,,,,
,CAMARIA,J,BROWN,,901125982,N,20260801,,,,,,,,,,,,,,N,,,,,,,,,,,
,CHAEWON,,PARK,,901122125,N,20260801,,,,,,,,,,,,,,N,,,,,,,,,,,
,MADISON,E,WINFREY,,901122130,N,20260801,,,,,,,,,,,,,,N,,,,,,,,,,,
,ETHAN,,LIN,,901122433,Y,20260801,001598-00,UNIVERSITY OF GEORGIA,GA,4,Public,20260804,20261231,F,B,INTENDED COMP SYS ENGINEERING,140901,,,N,,,,,,,,,,,1
,VIVIEN,G,HOANG,,901123054,Y,20260801,001580-00,MERCER UNIVERSITY,GA,4,Private,20260510,20260810,H,R,,420101,,,N,,,,,,,,,,,1
,RANDI,,ROELLING,,901123790,Y,20260801,001598-00,UNIVERSITY OF GEORGIA,GA,4,Public,20260804,20261231,F,B,AGRIBUSINESS,010102,,,N,,,,,,,,,,,1
,KIMBERLY,M,HERNANDEZ,,901124483,N,20260801,,,,,,,,,,,,,,N,,,,,,,,,,,
,VIR,Y,KAREER,,901124581,Y,20260801,001574-06,GEORGIA STATE UNIVERSITY- PERIMETER COLLEGE,GA,2,Public,20260824,20261215,H,F,UNDECLARED,240102,,,N,,,,,,,,,,,1
,MAHALAKSHMI,,YOGARAJ,,901122029,N,20260801,,,,,,,,,,,,,,N,,,,,,,,,,,
,NAVYA,,KUMAR,,901123179,N,20260801,,,,,,,,,,,,,,N,,,,,,,,,,,
,BENNETT,C,SLAUGHTER,,901123743,N,20260801,,,,,,,,,,,,,,N,,,,,,,,,,,
,EVAN,L,GREENE,,901124468,N,20260801,,,,,,,,,,,,,,N,,,,,,,,,,,
,JACOB,C,BRAND,,901102429,Y,20260801,001598-00,UNIVERSITY OF GEORGIA,GA,4,Public,20260512,20260803,F,B,INTENDED ELECTRCL ELECTRON ENG,141001,,,N,,,,,,,,,,,1
,JACOB,C,BRAND,,901102429,Y,20260801,001598-00,UNIVERSITY OF GEORGIA,GA,4,Public,20260804,20261231,F,B,ELECTRICAL AND ELECTRONICS ENG,141001,,,N,,,,,,,,,,,1
,ANDY,A,PERALTA,,901103428,Y,20260801,001598-00,UNIVERSITY OF GEORGIA,GA,4,Public,20260512,20260803,H,B,BIOMEDICAL PHYSIOLOGY,260901,,,N,,,,,,,,,,,1
,HANNAH,R,SUNDAR,,901118020,N,20260801,,,,,,,,,,,,,,N,,,,,,,,,,,
,LIBBY,C,COLEMAN,,901122628,Y,20260801,001598-00,UNIVERSITY OF GEORGIA,GA,4,Public,20260804,20261231,F,B,INTENDED ACCOUNTING,520301,,,N,,,,,,,,,,,1
,MACKINLEY,W,VICK,,901123024,Y,20260801,001598-00,UNIVERSITY OF GEORGIA,GA,4,Public,20260804,20261231,F,B,INTENDED EXERCISE AND SPORT SC,310505,,,N,,,,,,,,,,,1
,KATHRYN,L,WINANS,,901123106,N,20260801,,,,,,,,,,,,,,N,,,,,,,,,,,
,CAROLINE,J,SMITH,,901123194,N,20260801,,,,,,,,,,,,,,N,,,,,,,,,,,
,REBECCA,A,JOSE,,901125976,N,20260801,,,,,,,,,,,,,,N,,,,,,,,,,,
,MADELINE,,MAY,,901124500,Y,20260801,001535-00,UNIVERSITY OF FLORIDA,FL,4,Public,20260511,20260807,H,R,ARCHITECTURE,040201,,,N,,,,,,,,,,,1
,MADELINE,,MAY,,901124500,Y,20260801,001535-00,UNIVERSITY OF FLORIDA,FL,4,Public,20260820,20261202,F,R,ARCHITECTURE,040201,,,N,,,,,,,,,,,1
,TESS,A,KROMENHOEK,,901124002,Y,20260801,001598-00,UNIVERSITY OF GEORGIA,GA,4,Public,20260804,20261231,F,B,BIOLOGY,260101,,,N,,,,,,,,,,,1
,ISAAC,J,DANIELS,,901123326,N,20260801,,,,,,,,,,,,,,N,,,,,,,,,,,
,ANSLEY,M,BALOSE,,901119931,Y,20260801,001598-00,UNIVERSITY OF GEORGIA,GA,4,Public,20260804,20261231,F,B,INTENDED FINANCE,520801,,,N,,,,,,,,,,,1
,CHLOE,,CHENG,,901122746,Y,20260801,001569-00,GEORGIA INSTITUTE OF TECHNOLOGY,GA,4,Public,20260518,20260806,L,B,INDUSTRIAL ENGINEERING,143501,,,N,,,,,,,,,,,1
,SIYA,,PATEL,,901125189,Y,20260801,001574-00,GEORGIA STATE UNIVERSITY,GA,4,Public,20260511,20260803,L,R,REAL ESTATE,521501,,,N,,,,,,,,,,,1
,ANNA,G,BOLGER,,901127056,N,20260801,,,,,,,,,,,,,,N,,,,,,,,,,,
,JOSHUA,,POHL,,901123769,Y,20260801,001598-00,UNIVERSITY OF GEORGIA,GA,4,Public,20260804,20261231,F,B,INTENDED RISK MGMT INSUR,521701,,,N,,,,,,,,,,,1
,HANNELORE,S,ROBERTSON,,901123969,Y,20260801,001051-00,UNIVERSITY OF ALABAMA,AL,4,Public,20260819,20261211,F,B,ELEMENTARY EDUCATION,131202,,,N,,,,,,,,,,,1
,VIVIAN,T,CHAU,,901123990,Y,20260801,001598-00,UNIVERSITY OF GEORGIA,GA,4,Public,20260804,20261231,F,B,BIOMEDICAL PHYSIOLOGY,260901,ANIMAL BIOSCIENCES,260701,N,,,,,,,,,,,1
,JOHN,C,SKEEN,,901125150,N,20260801,,,,,,,,,,,,,,N,,,,,,,,,,,
,MADISON,J,WINSKIE,,900529015,N,20260801,,,,,,,,,,,,,,N,,,,,,,,,,,
,JAMES,,PARK,,901126498,N,20260801,,,,,,,,,,,,,,N,,,,,,,,,,,
,ACHYUT,K,VENKATESH,,901126577,Y,20260801,001569-00,GEORGIA INSTITUTE OF TECHNOLOGY,GA,4,Public,20260518,20260806,L,B,COMPUTER ENGINEERING,140901,,,N,,,,,,,,,,,1
,ALEXANDRA,M,GRAY,,901122111,N,20260801,,,,,,,,,,,,,,N,,,,,,,,,,,
,AMELIA,,MCCARTHY,,901122517,N,20260801,,,,,,,,,,,,,,N,,,,,,,,,,,
,JESSE,E,MAYS,,901123289,Y,20260801,001598-00,UNIVERSITY OF GEORGIA,GA,4,Public,20260512,20260803,H,B,INTENDED ENVIRONMENTAL ENG,141401,,,N,,,,,,,,,,,1
,JESSE,E,MAYS,,901123289,Y,20260801,001598-00,UNIVERSITY OF GEORGIA,GA,4,Public,20260804,20261231,F,B,INTENDED ENVIRONMENTAL ENG,141401,,,N,,,,,,,,,,,1
,HAYDEN,W,MEYERS,,901123568,Y,20260801,001598-00,UNIVERSITY OF GEORGIA,GA,4,Public,20260804,20261231,F,B,INTENDED FINANCE,520801,,,N,,,,,,,,,,,1
,KATHRYN,M,MOORE,,901124603,N,20260801,,,,,,,,,,,,,,N,,,,,,,,,,,
,MATTHEW,S,GAULDIN,,901126333,N,20260801,,,,,,,,,,,,,,N,,,,,,,,,,,
,JORDAN,,HALL,,901123753,Y,20260801,001598-00,UNIVERSITY OF GEORGIA,GA,4,Public,20260512,20260803,F,B,CONSUMER ECONOMICS,190402,CERT LEARNING DESIGN TECH,130501,N,,,,,,,,,,,1
,JORDAN,,HALL,,901123753,Y,20260801,001598-00,UNIVERSITY OF GEORGIA,GA,4,Public,20260804,20261231,F,B,CONSUMER ECONOMICS,190402,CERT LEARNING DESIGN TECH,130501,N,,,,,,,,,,,1
,JORDAN,,HALL,,901123753,Y,20260801,001598-00,UNIVERSITY OF GEORGIA,GA,4,Public,,,,,,,,,Y,20260803,BACH SCI FAMILY AND CONS SCI,CONSUMER ECONOMICS,190402,,,,,,,1
,BERNARD,P,BLEVINS,,900654580,N,20260801,,,,,,,,,,,,,,N,,,,,,,,,,,
,XIOMARA,I,MAGANA,,900658781,N,20260801,,,,,,,,,,,,,,N,,,,,,,,,,,
,JOHN,K,REEVES,,900967786,N,20260801,,,,,,,,,,,,,,N,,,,,,,,,,,
,VICTOR,G,MOLINA-RUELA,,900883213,Y,20260801,001574-00,GEORGIA STATE UNIVERSITY,GA,4,Public,20260824,20261215,F,S,EXPLORATORY,240102,,,N,,,,,,,,,,,1
,JUDE,T,DOUGLAS,,900993166,N,20260801,,,,,,,,,,,,,,N,,,,,,,,,,,
,JACKSON,E,COOKE,,900980819,N,20260801,,,,,,,,,,,,,,N,,,,,,,,,,,
,MACY,A,MCGINNIS,,900984577,N,20260801,,,,,,,,,,,,,,N,,,,,,,,,,,
,MACKENZIE,,MORGAN,,901004553,N,20260801,,,,,,,,,,,,,,N,,,,,,,,,,,
,BRANDON,M,HALL,,900987495,N,20260801,,,,,,,,,,,,,,N,,,,,,,,,,,
,ALEXANDER,,KUZNETSOV,,901026297,Y,20260801,001598-00,UNIVERSITY OF GEORGIA,GA,4,Public,20260804,20261231,F,B,INTENDED MANAGEMENT,520201,,,N,,,,,,,,,,,1
,COURTNEY,A,MENDOZA,,900538327,N,20260801,,,,,,,,,,,,,,N,,,,,,,,,,,
,DEVIN,P,MALONE,,900744973,N,20260801,,,,,,,,,,,,,,N,,,,,,,,,,,
,JEFFREY,,MATTHEWS,,900704385,N,20260801,,,,,,,,,,,,,,N,,,,,,,,,,,
,SAMMY,M,SHEPARD,,900919790,Y,20260801,001585-00,UNIVERSITY OF NORTH GEORGIA,GA,4,Public,20260810,20261204,L,B,MANAGEMENT,520201,,,N,,,,,,,,,,,1
,MATTHEW,J,MINOR,,900930198,Y,20260801,001598-00,UNIVERSITY OF GEORGIA,GA,4,Public,20260512,20260803,L,B,AGRISCIENCE AND ENVIRON SYS,010000,,,N,,,,,,,,,,,1
,MATTHEW,J,MINOR,,900930198,Y,20260801,001598-00,UNIVERSITY OF GEORGIA,GA,4,Public,,,,,,,,,Y,20260803,BACHELOR OF SCI IN AGRICULTURE,AGRISCIENCE AND ENVIRON SYS,010000,,,,,,,1
,LISA,,TIAMTISACK,,900991272,N,20260801,,,,,,,,,,,,,,N,,,,,,,,,,,
,KRISTEN,D,DAVIS,,900978939,N,20260801,,,,,,,,,,,,,,N,,,,,,,,,,,
,MEGAN,A,MCCARTHY,,900999150,N,20260801,,,,,,,,,,,,,,N,,,,,,,,,,,
,CATHERINE,E,CRAWFORD,,900889303,N,20260801,,,,,,,,,,,,,,N,,,,,,,,,,,
,LILLY,,RUNAAS,,901026739,N,20260801,,,,,,,,,,,,,,N,,,,,,,,,,,
,ROBERT,A,ARENDS,,901027779,Y,20260801,001009-00,AUBURN UNIVERSITY,AL,4,Public,20260817,20261211,F,B,PROFESSIONAL FLIGHT,490102,AVIATION MANAGEMENT,490104,N,,,,,,,,,,,1
,WILLIAM,J,CAPSTICK,,901031273,Y,20260801,001598-00,UNIVERSITY OF GEORGIA,GA,4,Public,20260804,20261231,F,B,INTENDED FINANCE,520801,,,N,,,,,,,,,,,1
,AVA,G,UPTON,,901056712,Y,20260801,001598-00,UNIVERSITY OF GEORGIA,GA,4,Public,20260804,20261231,F,B,INTENDED NURSING,513801,,,N,,,,,,,,,,,1
,BENJAMIN,E,MONTGOMERY,,901017941,N,20260801,,,,,,,,,,,,,,N,,,,,,,,,,,
,AUDREY,E,GRAY,,901059159,Y,20260801,004033-00,ASHEVILLE-BUNCOMBE TECHNICAL COMMUNITY COLLEGE,NC,2,Public,20260824,20261219,L,,,,,,N,,,,,,,,,,,1
,SKYLER,J,THELLMAN,,901065011,N,20260801,,,,,,,,,,,,,,N,,,,,,,,,,,
,BRANDON,,VELAZQUEZ,,901035198,N,20260801,,,,,,,,,,,,,,N,,,,,,,,,,,
,SAMUEL,A,CAVES,,901070470,Y,20260801,001598-00,UNIVERSITY OF GEORGIA,GA,4,Public,20260512,20260803,H,B,BIOLOGICAL SCIENCE,300101,,,N,,,,,,,,,,,1
,SAMUEL,A,CAVES,,901070470,Y,20260801,001598-00,UNIVERSITY OF GEORGIA,GA,4,Public,20260804,20261231,F,B,BIOLOGICAL SCIENCE,300101,,,N,,,,,,,,,,,1
,BENJAMIN,S,BLOCH,,901005609,N,20260801,,,,,,,,,,,,,,N,,,,,,,,,,,
,KARLY,A,PETTY,,901027939,N,20260801,,,,,,,,,,,,,,N,,,,,,,,,,,
,SARAH,C,CARMONA,,901053223,Y,20260801,002506-00,SAINT LOUIS UNIVERSITY,MO,4,Private,20260518,20260807,Q,S,BIOMEDICAL ENGINEERING,140501,,,N,,,,,,,,,,,1
,SARAH,C,CARMONA,,901053223,Y,20260801,002506-00,SAINT LOUIS UNIVERSITY,MO,4,Private,20260819,20261211,F,J,BIOMEDICAL ENGINEERING,140501,,,N,,,,,,,,,,,1
,ANSLEY,N,NASH,,901029432,N,20260801,,,,,,,,,,,,,,N,,,,,,,,,,,
,CHAPMAN,E,JAMES,,901029883,N,20260801,,,,,,,,,,,,,,N,,,,,,,,,,,
,SAMUEL,M,EDWARDS,,901030856,Y,20260801,001598-00,UNIVERSITY OF GEORGIA,GA,4,Public,20260804,20261231,F,B,ENTERTAINMENT MEDIA STUDIES,090702,INTENDED JOURN MASS COM UNSP,090401,N,,,,,,,,,,,1
,EROS,A,HERNANDEZ,,900906572,N,20260801,,,,,,,,,,,,,,N,,,,,,,,,,,
,SOPHIA,M,BOMBARD,,901058127,Y,20260801,003448-00,UNIVERSITY OF SOUTH CAROLINA,SC,4,Public,20260816,20261214,F,J,BIOLOGICAL SCIENCES,260101,,,N,,,,,,,,,,,1
,HANNA,M,ROBERTS,,901069432,Y,20260801,001577-00,KENNESAW STATE UNIVERSITY,GA,4,Public,20260824,20261214,F,B,CIVIL ENGINEERING,140801,,,N,,,,,,,,,,,1
,KYLIE,A,MOSS,,901071087,N,20260801,,,,,,,,,,,,,,N,,,,,,,,,,,
,MICHELLE,,ZHANG,,901086653,N,20260801,,,,,,,,,,,,,,N,,,,,,,,,,,
,NIA,V,MENDONCA,,901087402,Y,20260801,001574-06,GEORGIA STATE UNIVERSITY- PERIMETER COLLEGE,GA,2,Public,20260824,20261215,H,F,UNDECLARED,240102,,,N,,,,,,,,,,,1
,NATALIE,M,GJEKAJ,,901040071,Y,20260801,001598-00,UNIVERSITY OF GEORGIA,GA,4,Public,20260512,20260803,H,B,MARKETING,521401,,,N,,,,,,,,,,,1
,NATALIE,M,GJEKAJ,,901040071,Y,20260801,001598-00,UNIVERSITY OF GEORGIA,GA,4,Public,20260804,20261231,F,B,MARKETING,521401,,,N,,,,,,,,,,,1
,JULIA,E,MAHONEY,,901043044,Y,20260801,001598-00,UNIVERSITY OF GEORGIA,GA,4,Public,20260804,20261231,F,B,INTENDED ACCOUNTING,520301,,,N,,,,,,,,,,,1
,MATTHEW,R,LOVE,,901043988,Y,20260801,001598-00,UNIVERSITY OF GEORGIA,GA,4,Public,20260804,20261231,F,B,INTENDED ELECTRCL ELECTRON ENG,141001,CERT AEROSPACE ENGINEERING,140201,N,,,,,,,,,,,1
,NAYA,,SINGAL,,901123557,N,20260801,,,,,,,,,,,,,,N,,,,,,,,,,,
,TYLER,S,CRONAN,,901124703,Y,20260801,001598-00,UNIVERSITY OF GEORGIA,GA,4,Public,20260804,20261231,F,B,INTENDED FINANCE,520801,SPORT MANAGEMENT,310504,N,,,,,,,,,,,1
,ROBERT,D,BOLZ,,901126141,Y,20260801,001585-00,UNIVERSITY OF NORTH GEORGIA,GA,4,Public,20260810,20261204,H,,EDUCATION,131206,,,N,,,,,,,,,,,1
,ALEXANDER,J,GRAY,,901072027,N,20260801,,,,,,,,,,,,,,N,,,,,,,,,,,
,JACOB,B,UNDERWOOD,,901075087,N,20260801,,,,,,,,,,,,,,N,,,,,,,,,,,
,OM,,SHAH,,901099362,N,20260801,,,,,,,,,,,,,,N,,,,,,,,,,,
,REECE,W,TIFFANY,,901120543,Y,20260801,001598-00,UNIVERSITY OF GEORGIA,GA,4,Public,20260804,20261231,F,B,INTENDED FINANCE,520801,,,N,,,,,,,,,,,1
,HANNAH,C,FOLLIARD,,901122955,Y,20260801,001598-00,UNIVERSITY OF GEORGIA,GA,4,Public,20260804,20261231,F,B,INTENDED EXERCISE AND SPORT SC,310505,,,N,,,,,,,,,,,1
,CARTER,K,PROCTOR,,901123307,Y,20260801,001569-00,GEORGIA INSTITUTE OF TECHNOLOGY,GA,4,Public,20260518,20260806,L,B,MECHANICAL ENGINEERING,141901,,,N,,,,,,,,,,,1
,DOROTHY,W,LUCAS,,901123862,Y,20260801,001598-00,UNIVERSITY OF GEORGIA,GA,4,Public,20260804,20261231,F,B,FINANCE,520801,REAL ESTATE,521501,N,,,,,,,,,,,1
,TERESA,C,HA,,901052136,Y,20260801,001598-00,UNIVERSITY OF GEORGIA,GA,4,Public,20260512,20260803,H,B,INTENDED ELECTRCL ELECTRON ENG,141001,,,N,,,,,,,,,,,1
,TERESA,C,HA,,901052136,Y,20260801,001598-00,UNIVERSITY OF GEORGIA,GA,4,Public,20260804,20261231,F,B,INTENDED ELECTRCL ELECTRON ENG,141001,,,N,,,,,,,,,,,1
,JARED,A,FLORES-MELO,,901052274,Y,20260801,001598-00,UNIVERSITY OF GEORGIA,GA,4,Public,20260512,20260803,F,B,CELLULAR BIOLOGY,260401,NEUROSCIENCE,261501,N,,,,,,,,,,,1
,JARED,A,FLORES-MELO,,901052274,Y,20260801,001598-00,UNIVERSITY OF GEORGIA,GA,4,Public,20260804,20261231,F,B,INTENDED BIOCHEM ENGINEERING,144301,,,N,,,,,,,,,,,1
,SYDNEY,H,MARLER,,901052573,Y,20260801,001598-00,UNIVERSITY OF GEORGIA,GA,4,Public,20260804,20261231,F,B,INTENDED MARKETING,521401,,,N,,,,,,,,,,,1
,SOPHIA,M,HEO,,901127296,Y,20260801,001580-00,MERCER UNIVERSITY,GA,4,Private,20260510,20260810,H,S,,240101,,,N,,,,,,,,,,,1
,KRISTEN,M,SIMPSON,,901121361,N,20260801,,,,,,,,,,,,,,N,,,,,,,,,,,
,ISABELLA,L,CARTER,,901121652,N,20260801,,,,,,,,,,,,,,N,,,,,,,,,,,
,AINSLEY,E,ODLE,,901122318,Y,20260801,001598-00,UNIVERSITY OF GEORGIA,GA,4,Public,20260512,20260803,F,B,INTENDED EXERCISE AND SPORT SC,310505,,,N,,,,,,,,,,,1
,AINSLEY,E,ODLE,,901122318,Y,20260801,001598-00,UNIVERSITY OF GEORGIA,GA,4,Public,20260804,20261231,F,B,INTENDED EXERCISE AND SPORT SC,310505,,,N,,,,,,,,,,,1
,KA HYE,,YANG,,900482977,Y,20260801,001574-00,GEORGIA STATE UNIVERSITY,GA,4,Public,20260824,20261215,L,J,MUSIC,500903,,,N,,,,,,,,,,,1
,JOSHUA,E,GARCIA,,900914642,N,20260801,,,,,,,,,,,,,,N,,,,,,,,,,,
,CASSIDY,G,HOFER,,900803708,N,20260801,,,,,,,,,,,,,,N,,,,,,,,,,,
,LATAVIA,N,JACKSON,,900831120,N,20260801,,,,,,,,,,,,,,N,,,,,,,,,,,
,TYLER,J,WILSON,,900940696,N,20260801,,,,,,,,,,,,,,N,,,,,,,,,,,
,ADELYN,R,BRASWELL,,901124463,N,20260801,,,,,,,,,,,,,,N,,,,,,,,,,,
,EMILY,C,HOLMES,,901125297,Y,20260801,001051-00,UNIVERSITY OF ALABAMA,AL,4,Public,20260819,20261211,F,B,NURSING,513801,,,N,,,,,,,,,,,1
,ELLIOT,C,SULLIVAN,,901126506,Y,20260801,002927-00,ELON UNIVERSITY,NC,4,Private,20260825,20261215,F,R,MUSIC THEATRE,500509,ARTS ADMINISTRATION,501001,N,,,,,,,,,,,1
,ALEX,T,CRANDALL,,900533549,N,20260801,,,,,,,,,,,,,,N,,,,,,,,,,,
,JOSHUA,B,KINARD,,900729834,N,20260801,,,,,,,,,,,,,,N,,,,,,,,,,,
,GABRIELA,,SEPULVEDA,,900665687,N,20260801,,,,,,,,,,,,,,N,,,,,,,,,,,
,NATHAN,D,RIRIE,,900957918,N,20260801,,,,,,,,,,,,,,N,,,,,,,,,,,
,CASSIE,M,FLOWERS,,900959780,Y,20260801,001604-00,YOUNG HARRIS COLLEGE,GA,4,Private,20260817,20261211,F,,,,,,N,,,,,,,,,,,1
,DANIELA,,VARGAS,,900939976,N,20260801,,,,,,,,,,,,,,N,,,,,,,,,,,
,MATTHEW,C,ZHUN,,900971942,N,20260801,,,,,,,,,,,,,,N,,,,,,,,,,,
,MOHAMMED ABDULLAH,A,RASHID,,900951193,N,20260801,,,,,,,,,,,,,,N,,,,,,,,,,,
,KENSLEY,L,BURKE,,901023931,Y,20260801,001051-00,UNIVERSITY OF ALABAMA,AL,4,Public,20260819,20261211,F,B,CHEMICAL ENGINEERING,140701,,,N,,,,,,,,,,,1
,SARA,M,BOLEWARE,,901001468,Y,20260801,001009-00,AUBURN UNIVERSITY,AL,4,Public,20260817,20261211,F,B,PRE NURSING SCIENCE,513801,,,N,,,,,,,,,,,1
,LOLA,G,MOONEY,,900987426,N,20260801,,,,,,,,,,,,,,N,,,,,,,,,,,
,ANDREW,J,HILL,,901015736,N,20260801,,,,,,,,,,,,,,N,,,,,,,,,,,
,CHLOE,,COLE,,901030028,Y,20260801,001598-00,UNIVERSITY OF GEORGIA,GA,4,Public,20260804,20261231,F,B,HORTICULTURE,011103,,,N,,,,,,,,,,,1
,TAYLOR,B,MATTHEWS,,901063169,N,20260801,,,,,,,,,,,,,,N,,,,,,,,,,,
,EMMA,E,BUSBEE,,901069138,Y,20260801,001598-00,UNIVERSITY OF GEORGIA,GA,4,Public,20260804,20261231,F,B,BIOMEDICAL PHYSIOLOGY,260901,,,N,,,,,,,,,,,1
,CHRISTOPHER,M,NGO,,900963575,N,20260801,,,,,,,,,,,,,,N,,,,,,,,,,,
,MADELYN,M,BULLWINKLE,,900876929,N,20260801,,,,,,,,,,,,,,N,,,,,,,,,,,
,LLEYTON,W,BEASLEY,,901024326,Y,20260801,001598-00,UNIVERSITY OF GEORGIA,GA,4,Public,20260804,20261231,F,B,INTENDED FINANCE,520801,,,N,,,,,,,,,,,1
,SOPHIE,,PETERS,,901003399,N,20260801,,,,,,,,,,,,,,N,,,,,,,,,,,
,CECELIA,D,BORATYN,,900982426,N,20260801,,,,,,,,,,,,,,N,,,,,,,,,,,
,ALEXIS,R,WAUGH,,900984818,N,20260801,,,,,,,,,,,,,,N,,,,,,,,,,,
,VICTORIA,R,BOST,,901028930,N,20260801,,,,,,,,,,,,,,N,,,,,,,,,,,
,KRISTINE,L,KIENAST,,901029512,N,20260801,,,,,,,,,,,,,,N,,,,,,,,,,,
,BRETT,A,KIMSEY,,901057654,Y,20260801,001598-00,UNIVERSITY OF GEORGIA,GA,4,Public,20260804,20261231,F,B,INTENDED CIVIL ENGINEERING,140801,,,N,,,,,,,,,,,1
,QUINLAN,S,BENNETT,,901059809,N,20260801,,,,,,,,,,,,,,N,,,,,,,,,,,
,ALEXA,V,WOLFEL,,901063735,N,20260801,,,,,,,,,,,,,,N,,,,,,,,,,,
,LAUREN,A,SANDERS,,901033053,Y,20260801,001598-00,UNIVERSITY OF GEORGIA,GA,4,Public,20260512,20260803,F,B,INTENDED RISK MGMT INSUR,521701,,,N,,,,,,,,,,,1
,LAUREN,A,SANDERS,,901033053,Y,20260801,001598-00,UNIVERSITY OF GEORGIA,GA,4,Public,20260804,20261231,F,B,MANAGEMENT,520201,INTENDED RISK MGMT INSUR,521701,N,,,,,,,,,,,1
,ZAINE,O,CORRONA,,901033172,Y,20260801,001598-00,UNIVERSITY OF GEORGIA,GA,4,Public,20260512,20260803,F,B,INTENDED HEALTH PROMOTION,512207,,,N,,,,,,,,,,,1
,ZAINE,O,CORRONA,,901033172,Y,20260801,001598-00,UNIVERSITY OF GEORGIA,GA,4,Public,20260804,20261231,L,B,INTENDED HEALTH PROMOTION,512207,,,N,,,,,,,,,,,1
,RILEY,,KING,,901084227,Y,20260801,001596-00,UNIVERSITY OF TOCCOA FALLS,GA,4,Private,20260824,20261211,F,,ELEMENTARY EDUCATION,131202,,,N,,,,,,,,,,,1
,MELISSA,,GARCIA MARTINEZ,,900910166,N,20260801,,,,,,,,,,,,,,N,,,,,,,,,,,
,MORGAN,N,ROYSDEN,,901071202,N,20260801,,,,,,,,,,,,,,N,,,,,,,,,,,
,KIMBERLY,R,MANTURUK,,901087893,Y,20260801,011644-00,UNIVERSITY OF MARYLAND GLOBAL CAMPUS,MD,4,Public,20260812,20261208,L,M,MS STRATEGIC COMMUNICATIONS,090902,NOT APPLICABLE,,N,,,,,,,,,,,1
,SANTIAGO,A,BOTTINI AZUGARAY,,901032366,Y,20260801,001598-00,UNIVERSITY OF GEORGIA,GA,4,Public,20260804,20261231,F,B,ECONOMICS,450601,POLITICAL SCIENCE,451001,N,,,,,,,,,,,1
,CATHERINE,,NAVROTSKI,,901090750,N,20260801,,,,,,,,,,,,,,N,,,,,,,,,,,
,KAYLEE,E,PURVIS,,901119385,Y,20260801,001563-00,EMMANUEL UNIVERSITY,GA,4,Private,20260812,20261119,F,S,BS-AGRICULTURAL EDUCATION,131301,,,N,,,,,,,,,,,1
,LINDSEY,A,KIDD,,901119638,N,20260801,,,,,,,,,,,,,,N,,,,,,,,,,,
,CHARLES,B,WILSON,,901047152,Y,20260801,001598-00,UNIVERSITY OF GEORGIA,GA,4,Public,20260804,20261231,F,B,INTENDED FINANCE,520801,,,N,,,,,,,,,,,1
,SARAI,,PEREZ-HERNANDEZ,,901078957,N,20260801,,,,,,,,,,,,,,N,,,,,,,,,,,
,MORGAN,A,SALTERS,,901048659,N,20260801,,,,,,,,,,,,,,N,,,,,,,,,,,
,SUSHANTH,R,PUNURU,,901123549,Y,20260801,001569-00,GEORGIA INSTITUTE OF TECHNOLOGY,GA,4,Public,20260518,20260806,L,N,SPECIAL NON DEGREE,240102,,,N,,,,,,,,,,,1
,NATHANIEL,J,IVESTER,,901052582,Y,20260801,001598-00,UNIVERSITY OF GEORGIA,GA,4,Public,20260804,20261231,F,B,INTENDED SPORT MANAGEMENT,310504,,,N,,,,,,,,,,,1
,HARRIET,L,BARTELL,,901089947,Y,20260801,002440-00,UNIVERSITY OF MISSISSIPPI,MS,4,Public,20260824,20261204,F,F,MARKETING,521401,,,N,,,,,,,,,,,1
,AARON,M,DOUDS,,901090753,N,20260801,,,,,,,,,,,,,,N,,,,,,,,,,,
,DENNIS,J,DALTON,,901090918,N,20260801,,,,,,,,,,,,,,N,,,,,,,,,,,
,ADDYSON,N,UPTON,,901074492,Y,20260801,001598-00,UNIVERSITY OF GEORGIA,GA,4,Public,20260804,20261231,F,B,ADVERTISING,090903,,,N,,,,,,,,,,,1
,SAMUEL,T,SPENCER,,901041000,Y,20260801,001598-00,UNIVERSITY OF GEORGIA,GA,4,Public,20260804,20261231,F,B,INTENDED RISK MGMT INSUR,521701,,,N,,,,,,,,,,,1
,ABIGAIL,O,MEADOWS,,901091183,N,20260801,,,,,,,,,,,,,,N,,,,,,,,,,,
,TOBY,A,PARKER,,901042777,Y,20260801,001577-00,KENNESAW STATE UNIVERSITY,GA,4,Public,20260824,20261214,F,B,MARKETING INTEREST,521401,,,N,,,,,,,,,,,1
,RAHUL,,KOTHAGUNDU,,901077020,Y,20260801,001598-00,UNIVERSITY OF GEORGIA,GA,4,Public,20260804,20261231,F,B,INTENDED MANAGEMENT,520201,,,N,,,,,,,,,,,1
,RONIN,A,MAGUIGAN,,901077599,N,20260801,,,,,,,,,,,,,,N,,,,,,,,,,,
,SYDNEY,M,SUTTON,,901110357,N,20260801,,,,,,,,,,,,,,N,,,,,,,,,,,
,IVAN,M,PINO RODRIGUEZ,,900942385,N,20260801,,,,,,,,,,,,,,N,,,,,,,,,,,
,AMANDA,,ANDERSON,,900855326,N,20260801,,,,,,,,,,,,,,N,,,,,,,,,,,
,LACEY,L,LEWALLEN,,900994035,N,20260801,,,,,,,,,,,,,,N,,,,,,,,,,,
,CARSYN,M,BASSETT,,900978680,Y,20260801,001598-00,UNIVERSITY OF GEORGIA,GA,4,Public,20260804,20261231,F,,NUTRITIONAL SCIENCES,301901,,,N,,,,,,,,,,,1
,CARSYN,M,BASSETT,,900978680,Y,20260801,001598-00,UNIVERSITY OF GEORGIA,GA,4,Public,,,,,,,,,Y,20260803,BACH SCI FAMILY AND CONS SCI,DIETETICS,301901,,,,,,,1
,VI-ANNA,,KOTZE,,900999611,Y,20260801,001598-00,UNIVERSITY OF GEORGIA,GA,4,Public,20260804,20261231,F,,PHARMACY,512001,,,N,,,,,,,,,,,1
,BENJAMIN,O,STRICKLING,,901026863,Y,20260801,001577-00,KENNESAW STATE UNIVERSITY,GA,4,Public,20260824,20261214,F,B,COMPUTER ENGINEERING,140901,,,N,,,,,,,,,,,1
,PIPER,B,HILL,,900982123,N,20260801,,,,,,,,,,,,,,N,,,,,,,,,,,
,LON,K,CALLIS,,901000823,N,20260801,,,,,,,,,,,,,,N,,,,,,,,,,,
,GREYSON,,MADONIA,,901004328,Y,20260801,001598-00,UNIVERSITY OF GEORGIA,GA,4,Public,20260804,20261231,F,B,INTENDED MANAGEMENT,520201,,,N,,,,,,,,,,,1
,WYATT,B,WILSON,,900986370,Y,20260801,001598-00,UNIVERSITY OF GEORGIA,GA,4,Public,20260804,20261231,F,B,INTENDED ENVIRONMENTAL ENG,141401,,,N,,,,,,,,,,,1
,GRACE,,LACOURTE,,901012594,Y,20260801,012165-00,ATLANTA METROPOLITAN STATE COLLEGE,GA,4,Public,20260518,20260717,W,,,,,,N,,,,,,,,,,,1
,GRACE,,LACOURTE,,901012594,Y,20260801,001598-00,UNIVERSITY OF GEORGIA,GA,4,Public,20260804,20261231,F,B,PHARM AND BIOMEDICAL SCIENCES,512010,,,N,,,,,,,,,,,2
,JESUS,,PEREZ,,901054259,Y,20260801,001572-00,GEORGIA SOUTHERN UNIVERSITY,GA,4,Public,20260819,20261205,Q,B,COMMUNICATION STUDIES,090101,,,N,,,,,,,,,,,1
,MIA,I,WADE,,901014263,Y,20260801,001586-00,OGLETHORPE UNIVERSITY,GA,4,Private,20260518,20260807,H,J,INTERNATIONAL STUDIES,450901,,,N,,,,,,,,,,,1
,AKSHAR,M,PATEL,,901055114,N,20260801,,,,,,,,,,,,,,N,,,,,,,,,,,
,RYAN,S,TAYLOR,,901056185,N,20260801,,,,,,,,,,,,,,N,,,,,,,,,,,
,EMMA,M,MARTIN,,901015367,N,20260801,,,,,,,,,,,,,,N,,,,,,,,,,,
,MICHAEL,,CYPHER,,901057522,N,20260801,,,,,,,,,,,,,,N,,,,,,,,,,,
,MARIOJOSE,,AGUIRRE,,901058526,N,20260801,,,,,,,,,,,,,,N,,,,,,,,,,,
,EMILY,G,HLAVACEK,,901021141,N,20260801,,,,,,,,,,,,,,N,,,,,,,,,,,
,SHAVANI,O,PAGE,,901061464,N,20260801,,,,,,,,,,,,,,N,,,,,,,,,,,
,KATRINA,,ALI,,901070064,Y,20260801,001574-00,GEORGIA STATE UNIVERSITY,GA,4,Public,20260824,20261215,F,J,BIOLOGICAL SCIENCE,260101,,,N,,,,,,,,,,,1
,DYLAN,E,LAWSON,,901071233,Y,20260801,001598-00,UNIVERSITY OF GEORGIA,GA,4,Public,20260804,20261231,F,B,INTENDED FINANCE,520801,,,N,,,,,,,,,,,1
,JAIDEN,N,CASH,,901072560,N,20260801,,,,,,,,,,,,,,N,,,,,,,,,,,
,NEVAEH,M,SUMMERSETT,,901073452,Y,20260801,001577-00,KENNESAW STATE UNIVERSITY,GA,4,Public,20260824,20261214,F,B,INTEGRATED HEALTH SCIENCE,510000,,,N,,,,,,,,,,,1
,JAY,V,SHIVDASANI,,901089936,Y,20260801,001598-00,UNIVERSITY OF GEORGIA,GA,4,Public,20260512,20260803,F,B,MARKETING,521401,INTENDED FINANCE,520801,N,,,,,,,,,,,1
,JAY,V,SHIVDASANI,,901089936,Y,20260801,001598-00,UNIVERSITY OF GEORGIA,GA,4,Public,20260804,20261231,F,B,MARKETING,521401,INTENDED FINANCE,520801,N,,,,,,,,,,,1
,CHARLES,,WU,,901117062,Y,20260801,001569-00,GEORGIA INSTITUTE OF TECHNOLOGY,GA,4,Public,20260518,20260806,H,B,INDUSTRIAL ENGINEERING,143501,APPLIED LANG INTERCULTURAL ST,160101,N,,,,,,,,,,,1
,KRISTIN,M,ZIMMERMAN,,901126563,N,20260801,,,,,,,,,,,,,,N,,,,,,,,,,,
,JOCELYN,N,SIMPSON,,900728789,N,20260801,,,,,,,,,,,,,,N,,,,,,,,,,,
,SELCUK,,ERTEKIN,,900801171,N,20260801,,,,,,,,,,,,,,N,,,,,,,,,,,
,LYDIA,K,PILS,,900958689,N,20260801,,,,,,,,,,,,,,N,,,,,,,,,,,
,HANNAH,K,SIMPSON,,900959406,N,20260801,,,,,,,,,,,,,,N,,,,,,,,,,,
,BRYCE,A,PYLES,,900931288,N,20260801,,,,,,,,,,,,,,N,,,,,,,,,,,
,GRACE,A,ORTON,,900965785,N,20260801,,,,,,,,,,,,,,N,,,,,,,,,,,
,KYALA,O,SHABANI,,900966136,Y,20260801,001598-00,UNIVERSITY OF GEORGIA,GA,4,Public,20260804,20261231,F,,PHARMACY,512001,,,N,,,,,,,,,,,1
,BLAKE,A,WILSON,,900839285,N,20260801,,,,,,,,,,,,,,N,,,,,,,,,,,
,ADAH,,THOMPSON,,901041346,N,20260801,,,,,,,,,,,,,,N,,,,,,,,,,,
,JOY,,LI,,901092680,N,20260801,,,,,,,,,,,,,,N,,,,,,,,,,,
,JA'QUON,S,STEMBRIDGE,,901043918,N,20260801,,,,,,,,,,,,,,N,,,,,,,,,,,
,DAERIN,L,RICHARDSON,,901044417,N,20260801,,,,,,,,,,,,,,N,,,,,,,,,,,
,NIKHITA,J,DULLABH,,901121397,N,20260801,,,,,,,,,,,,,,N,,,,,,,,,,,
,CHARLES,J,BONE,,901049029,Y,20260801,001598-00,UNIVERSITY OF GEORGIA,GA,4,Public,20260804,20261231,F,B,INTENDED REAL ESTATE,521501,,,N,,,,,,,,,,,1
,CAYLENN,N,LEE,,901080703,Y,20260801,041429-00,GEORGIA GWINNETT COLLEGE,GA,4,Public,20260810,20261208,F,B,INFO TECH SOFTWARE DEV CONC,110103,,,N,,,,,,,,,,,1
,TAYLOR,N,KINDON,,901110343,Y,20260801,001598-00,UNIVERSITY OF GEORGIA,GA,4,Public,20260804,20261231,F,B,INTENDED MECHANICAL ENG,141901,,,N,,,,,,,,,,,1
,MADELEINE,H,WOLFE,,901115020,Y,20260801,001598-00,UNIVERSITY OF GEORGIA,GA,4,Public,20260804,20261231,F,B,INTENDED BUSINESS UNSPECIFIED,520101,,,N,,,,,,,,,,,1
,KRISTINA,F,PEACH,,901001394,Y,20260801,001556-00,BRENAU UNIVERSITY,GA,4,Private,20260504,20260814,H,R,BIOLOGY,260101,,,N,,,,,,,,,,,1
,KRISTINA,F,PEACH,,901001394,Y,20260801,001556-00,BRENAU UNIVERSITY,GA,4,Private,20260817,20261204,F,R,BIOLOGY,260101,,,N,,,,,,,,,,,1
,JULIAN,,NUTHMANN,,901013637,N,20260801,,,,,,,,,,,,,,N,,,,,,,,,,,
,SRI SAANVI,,KANKANALA,,901053406,N,20260801,,,,,,,,,,,,,,N,,,,,,,,,,,
,ALMA,M,MORALES-CONTRERAS,,901054139,N,20260801,,,,,,,,,,,,,,N,,,,,,,,,,,
,AVA,J,ALLGOOD,,901055526,Y,20260801,001598-00,UNIVERSITY OF GEORGIA,GA,4,Public,20260804,20261231,F,B,INTENDED ELEMENTARY EDUCATION,131202,CERT DYSLEXIA,131011,N,,,,,,,,,,,1
,ANDREW,J,ALLEN,,901030612,N,20260801,,,,,,,,,,,,,,N,,,,,,,,,,,
,DAVIS,M,WALKER,,901031205,Y,20260801,001598-00,UNIVERSITY OF GEORGIA,GA,4,Public,20260512,20260803,F,B,HISTORY,540101,,,N,,,,,,,,,,,1
,DAVIS,M,WALKER,,901031205,Y,20260801,001598-00,UNIVERSITY OF GEORGIA,GA,4,Public,20260804,20261231,F,B,HISTORY,540101,,,N,,,,,,,,,,,1
,ABBY,,WHITFIELD,,901021807,Y,20260801,003438-00,MEDICAL UNIV OF SOUTH CAROLINA,SC,4,Public,20260824,20261211,F,D,,512306,,,N,,,,,,,,,,,1
,CAYLA,S,EDGE,,901023709,N,20260801,,,,,,,,,,,,,,N,,,,,,,,,,,
,EMMA,G,MACDONALD,,901035191,N,20260801,,,,,,,,,,,,,,N,,,,,,,,,,,
,OLIVA,J,VEAL,,901091373,Y,20260801,001051-00,UNIVERSITY OF ALABAMA,AL,4,Public,20260819,20261211,F,B,PUBLIC RELATIONS,090902,,,N,,,,,,,,,,,1
,MELISSA,,ORTIZ-TORRES,,901117173,N,20260801,,,,,,,,,,,,,,N,,,,,,,,,,,
,MIA,F,BAIRD,,901103308,N,20260801,,,,,,,,,,,,,,N,,,,,,,,,,,
,COHEN,G,WHITLOCK,,901046041,N,20260801,,,,,,,,,,,,,,N,,,,,,,,,,,
,HENRY,T,COLVIN,,901120558,N,20260801,,,,,,,,,,,,,,N,,,,,,,,,,,
,JOELLE,M,COFFEY,,901121655,N,20260801,,,,,,,,,,,,,,N,,,,,,,,,,,
,JOHN,D,GAFFNEY,,901048299,Y,20260801,001598-00,UNIVERSITY OF GEORGIA,GA,4,Public,20260804,20261231,F,B,INTENDED MGMT INFO SYSTEMS,521201,,,N,,,,,,,,,,,1
,TERESA,A,GARCIA FLORES,,901050117,N,20260801,,,,,,,,,,,,,,N,,,,,,,,,,,
,CLAYTON,,HENDERSON,,901048451,N,20260801,,,,,,,,,,,,,,N,,,,,,,,,,,
,PEIRONG,,GAO,,901122767,Y,20260801,001569-00,GEORGIA INSTITUTE OF TECHNOLOGY,GA,4,Public,20260518,20260806,Q,B,INDUSTRIAL ENGINEERING,143501,,,N,,,,,,,,,,,1
,DANG KHOI,,NGO,,901051754,Y,20260801,001577-00,KENNESAW STATE UNIVERSITY,GA,4,Public,20260824,20261214,F,B,ACCOUNTING INTEREST,520301,,,N,,,,,,,,,,,1
,RORY,G,TERRY,,901051916,Y,20260801,001572-00,GEORGIA SOUTHERN UNIVERSITY,GA,4,Public,20260819,20261205,F,B,MANUFACTURING ENGINEERING,143601,,,N,,,,,,,,,,,1
,WILLIAM,,KARTOCHIAN,,901114780,Y,20260801,001598-00,UNIVERSITY OF GEORGIA,GA,4,Public,20260512,20260803,F,B,FINANCE,520801,,,N,,,,,,,,,,,1
,WILLIAM,,KARTOCHIAN,,901114780,Y,20260801,001598-00,UNIVERSITY OF GEORGIA,GA,4,Public,20260804,20261231,F,B,REAL ESTATE,521501,FINANCE,520801,N,,,,,,,,,,,1
,JAYDEN,,PUGH,,900971360,N,20260801,,,,,,,,,,,,,,N,,,,,,,,,,,
,MOLLIE,L,CORUM,,900882124,N,20260801,,,,,,,,,,,,,,N,,,,,,,,,,,
,CAROLINE,H,MOUCHET,,900993633,N,20260801,,,,,,,,,,,,,,N,,,,,,,,,,,
,MAGGIE,L,MITCHELL,,900886668,N,20260801,,,,,,,,,,,,,,N,,,,,,,,,,,
,THOMAS,C,CROW,,901114739,Y,20260801,001598-00,UNIVERSITY OF GEORGIA,GA,4,Public,20260512,20260803,F,B,INTENDED ELECTRCL ELECTRON ENG,141001,,,N,,,,,,,,,,,1
,THOMAS,C,CROW,,901114739,Y,20260801,001598-00,UNIVERSITY OF GEORGIA,GA,4,Public,20260804,20261231,F,B,INTENDED ELECTRCL ELECTRON ENG,141001,,,N,,,,,,,,,,,1
,MA'RYJAH,M,BESS,,901124823,N,20260801,,,,,,,,,,,,,,N,,,,,,,,,,,
,WALKER,L,GRANT,,900968354,N,20260801,,,,,,,,,,,,,,N,,,,,,,,,,,
,AVERY,J,DRAGIN,,900882420,N,20260801,,,,,,,,,,,,,,N,,,,,,,,,,,
,REBEKAH,L,JACKSON,,900949238,N,20260801,,,,,,,,,,,,,,N,,,,,,,,,,,
,KATELYN,A,GORHAM,,901001190,N,20260801,,,,,,,,,,,,,,N,,,,,,,,,,,
,VALERIA,,REYES,,901001878,N,20260801,,,,,,,,,,,,,,N,,,,,,,,,,,
,SAMUEL,M,BOEHRINGER,,901002011,Y,20260801,001598-00,UNIVERSITY OF GEORGIA,GA,4,Public,20260804,20261231,F,B,EXERCISE AND SPORT SCIENCE,310505,,,N,,,,,,,,,,,1
,EVAN,M,CASE,,900982308,N,20260801,,,,,,,,,,,,,,N,,,,,,,,,,,
,GARRETT,D,SOKOL,,901024589,N,20260801,,,,,,,,,,,,,,N,,,,,,,,,,,
,AYLA,R,GRIMES,,900984506,N,20260801,,,,,,,,,,,,,,N,,,,,,,,,,,
,YOSIRI,J,PEREZ-GUEL,,901006537,N,20260801,,,,,,,,,,,,,,N,,,,,,,,,,,
,CHARLES,R,BARANIECKI,,901054247,Y,20260801,001598-00,UNIVERSITY OF GEORGIA,GA,4,Public,20260804,20261231,F,B,HOSPITALITY FOOD INDUST MGMT,520901,,,N,,,,,,,,,,,1
,ADAM,L,FIFE,,901020136,N,20260801,,,,,,,,,,,,,,N,,,,,,,,,,,
,REAGAN,V,WAYCASTER,,901068470,N,20260801,,,,,,,,,,,,,,N,,,,,,,,,,,
,LUDMILLA,S,PIERRE-LOUIS,,901071436,N,20260801,,,,,,,,,,,,,,N,,,,,,,,,,,
,BRIGGS,,BAKER,,901071946,N,20260801,,,,,,,,,,,,,,N,,,,,,,,,,,
,SOFIA,C,RUEDA,,901092714,Y,20260801,001598-00,UNIVERSITY OF GEORGIA,GA,4,Public,20260804,20261231,F,B,PSYCHOLOGY,420101,,,N,,,,,,,,,,,1
,TYLER,B,VENSON,,900986719,N,20260801,,,,,,,,,,,,,,N,,,,,,,,,,,
,ETHAN,W,BISSELL,,901027409,Y,20260801,001577-00,KENNESAW STATE UNIVERSITY,GA,4,Public,20260824,20261214,Q,B,FINANCE INTEREST,520801,,,N,,,,,,,,,,,1
,ANNA,R,DRAPER,,901085017,N,20260801,,,,,,,,,,,,,,N,,,,,,,,,,,
,YIHAN,,XU,,901072788,N,20260801,,,,,,,,,,,,,,N,,,,,,,,,,,
,GRACE,M,BROCK,,901074553,N,20260801,,,,,,,,,,,,,,N,,,,,,,,,,,
,MAXWELL,A,SOKOLOFF,,901042766,Y,20260801,001598-00,UNIVERSITY OF GEORGIA,GA,4,Public,20260512,20260803,H,B,INTENDED SPORT MANAGEMENT,310504,,,N,,,,,,,,,,,1
,MAXWELL,A,SOKOLOFF,,901042766,Y,20260801,001598-00,UNIVERSITY OF GEORGIA,GA,4,Public,20260804,20261231,Q,B,INTENDED SPORT MANAGEMENT,310504,,,N,,,,,,,,,,,1
,CHELSEA,M,ALONZO-FRANCIS,,901092267,N,20260801,,,,,,,,,,,,,,N,,,,,,,,,,,
,EMILY,M,CROUCH,,901044800,N,20260801,,,,,,,,,,,,,,N,,,,,,,,,,,
,EMILY,M,SISSON,,901045517,N,20260801,,,,,,,,,,,,,,N,,,,,,,,,,,
,MICAH,D,HOOPER,,901044988,Y,20260801,001598-00,UNIVERSITY OF GEORGIA,GA,4,Public,20260804,20261231,F,B,INTENDED FINANCE,520801,,,N,,,,,,,,,,,1
,CARTER,T,REED,,901051141,Y,20260801,001577-00,KENNESAW STATE UNIVERSITY,GA,4,Public,20260824,20261214,F,B,SPORT MANAGEMENT INTEREST,310504,,,N,,,,,,,,,,,1
,VU HOANG ANH,,NGO,,901123860,N,20260801,,,,,,,,,,,,,,N,,,,,,,,,,,
,TIMOTHY,H,THOMAS,,901115007,N,20260801,,,,,,,,,,,,,,N,,,,,,,,,,,
,JAMES,B,BILLAC,,900647761,N,20260801,,,,,,,,,,,,,,N,,,,,,,,,,,
,YADIRA,L,MENDOZA,,900735760,N,20260801,,,,,,,,,,,,,,N,,,,,,,,,,,
,ALEXSANDRA,,VILLA,,900956335,N,20260801,,,,,,,,,,,,,,N,,,,,,,,,,,
,DEJONAE,,BRAHAM,,900928344,N,20260801,,,,,,,,,,,,,,N,,,,,,,,,,,
,ELLA,R,HEARD,,900961542,N,20260801,,,,,,,,,,,,,,N,,,,,,,,,,,
,EMILY,J,WALLACE,,901123195,Y,20260801,001051-00,UNIVERSITY OF ALABAMA,AL,4,Public,20260819,20261211,F,B,KINESIOLOGY,310505,,,N,,,,,,,,,,,1
,MATTHEW,J,FORTNER,,901052310,Y,20260801,001598-00,UNIVERSITY OF GEORGIA,GA,4,Public,20260804,20261231,Q,B,INTENDED MECHANICAL ENG,141901,,,N,,,,,,,,,,,1
,BRAYDEN,M,HUTTO,,901082171,N,20260801,,,,,,,,,,,,,,N,,,,,,,,,,,
,KENNA,H,BEAMAN,,900703053,N,20260801,,,,,,,,,,,,,,N,,,,,,,,,,,
,SELMA,,MUSIC,,900961516,N,20260801,,,,,,,,,,,,,,N,,,,,,,,,,,
,KATE,H,MAGANA,,900966552,N,20260801,,,,,,,,,,,,,,N,,,,,,,,,,,
,TABITHA,R,BARNES,,900994415,Y,20260801,001556-00,BRENAU UNIVERSITY,GA,4,Private,20260817,20261204,F,M,OCCUPATIONAL THERAPY,512306,,,N,,,,,,,,,,,1
,HUNTER,D,BELL,,900978055,N,20260801,,,,,,,,,,,,,,N,,,,,,,,,,,
,SAWYER,W,WISHON,,900982261,N,20260801,,,,,,,,,,,,,,N,,,,,,,,,,,
,KAYLA,,XIONG,,901003338,N,20260801,,,,,,,,,,,,,,N,,,,,,,,,,,
,OMRI,,PELED,,901029160,Y,20260801,001598-00,UNIVERSITY OF GEORGIA,GA,4,Public,20260804,20261231,F,B,INTENDED CIVIL ENGINEERING,140801,,,N,,,,,,,,,,,1
,CLAUDIA,C,RUSSELL,,900988259,N,20260801,,,,,,,,,,,,,,N,,,,,,,,,,,
,RILEY,N,ROBINSON,,901019595,N,20260801,,,,,,,,,,,,,,N,,,,,,,,,,,
,CALEB,E,GADDIS,,901065346,N,20260801,,,,,,,,,,,,,,N,,,,,,,,,,,
,RACHEL,M,BONG,,901035000,N,20260801,,,,,,,,,,,,,,N,,,,,,,,,,,
,KYNDAL,G,BRIDGES,,901069559,N,20260801,,,,,,,,,,,,,,N,,,,,,,,,,,
,SIOMARA,,ROSALES,,901039956,N,20260801,,,,,,,,,,,,,,N,,,,,,,,,,,
,JOSHUA,,ABRAHAM,,901118784,N,20260801,,,,,,,,,,,,,,N,,,,,,,,,,,
,AMY,E,ARELLANO,,900519542,N,20260801,,,,,,,,,,,,,,N,,,,,,,,,,,
,JASMINE,P,JOHNSON,,900627953,N,20260801,,,,,,,,,,,,,,N,,,,,,,,,,,
,SIENNA,J,CHANDLER,,900654070,N,20260801,,,,,,,,,,,,,,N,,,,,,,,,,,
,GIANNA-MARIA,N,HENKEL,,900962618,N,20260801,,,,,,,,,,,,,,N,,,,,,,,,,,
,ARIANNA,,HERNANDEZ LOPEZ,,900835813,N,20260801,,,,,,,,,,,,,,N,,,,,,,,,,,
,DANIELLE,A,HUBBARD,,900992187,N,20260801,,,,,,,,,,,,,,N,,,,,,,,,,,
,NATALIE,R,CARMICAL,,900971925,N,20260801,,,,,,,,,,,,,,N,,,,,,,,,,,
,SAMUEL,M,HUNSAKER,,900999628,N,20260801,,,,,,,,,,,,,,N,,,,,,,,,,,
,SARAH,E,LAMB,,901027260,N,20260801,,,,,,,,,,,,,,N,,,,,,,,,,,
,NICOLE,,MCCOMIC,,900988278,N,20260801,,,,,,,,,,,,,,N,,,,,,,,,,,
,ELIZABETH,R,BOYD,,901005912,N,20260801,,,,,,,,,,,,,,N,,,,,,,,,,,
,KERRIANN,M,PEART,,900989451,N,20260801,,,,,,,,,,,,,,N,,,,,,,,,,,
,ALIYAH,S,GOLDMAN,,901053929,N,20260801,,,,,,,,,,,,,,N,,,,,,,,,,,
,ABAGAIL,T,KIMBELL,,901013346,N,20260801,,,,,,,,,,,,,,N,,,,,,,,,,,
,CHARLOTTE,G,BARRY,,901055232,N,20260801,,,,,,,,,,,,,,N,,,,,,,,,,,
,ADDIE,M,HOWARD,,901055334,Y,20260801,001009-00,AUBURN UNIVERSITY,AL,4,Public,20260817,20261211,F,B,EXERCISE SCIENCE UNDERGRADUATE,260908,,,N,,,,,,,,,,,1
,ADDISON,Q,LINVILLE,,901055940,Y,20260801,001009-00,AUBURN UNIVERSITY,AL,4,Public,20260817,20261211,F,B,BIOMEDICAL SCIENCES,260102,,,N,,,,,,,,,,,1
,LILY,G,STOUGH,,901029221,N,20260801,,,,,,,,,,,,,,N,,,,,,,,,,,
,JORDAN,J,VAN UUM,,901029541,Y,20260801,001598-00,UNIVERSITY OF GEORGIA,GA,4,Public,20260804,20261231,F,B,HOUSING MANAGEMENT POLICY,190601,CERT CONSTRUCTION MANAGEMENT,522001,N,,,,,,,,,,,1
,ERIN,E,OVERBY,,901030390,N,20260801,,,,,,,,,,,,,,N,,,,,,,,,,,
,DOMINIC,J,ELAM,,901058644,N,20260801,,,,,,,,,,,,,,N,,,,,,,,,,,
,NATALIE,,HAMIL,,901064359,N,20260801,,,,,,,,,,,,,,N,,,,,,,,,,,
,ALEXANDRIA,S,GARDINER,,901068903,N,20260801,,,,,,,,,,,,,,N,,,,,,,,,,,
,TYLER,J,HARADON,,901085345,Y,20260801,001598-00,UNIVERSITY OF GEORGIA,GA,4,Public,20260804,20261231,F,B,INTENDED FINANCE,520801,,,N,,,,,,,,,,,1
,KEYLYN,,MERCADO,,901086210,N,20260801,,,,,,,,,,,,,,N,,,,,,,,,,,
,HALEY,L,CARTEY,,900912752,N,20260801,,,,,,,,,,,,,,N,,,,,,,,,,,
,CHLOE,L,HILTZHEIMER,,901039240,N,20260801,,,,,,,,,,,,,,N,,,,,,,,,,,
,DAVIDSON,L,EMBRY,,901073753,Y,20260801,001598-00,UNIVERSITY OF GEORGIA,GA,4,Public,20260804,20261231,F,B,INTENDED FINANCE,520801,INTENDED BUSINESS UNSPECIFIED,520101,N,,,,,,,,,,,1
,CRYSTAL,,HERNANDEZ,,901090785,N,20260801,,,,,,,,,,,,,,N,,,,,,,,,,,
,ELIZABETH,Z,SPICER,,901117052,Y,20260801,003991-00,GREENVILLE TECHNICAL COLLEGE,SC,2,Public,20260520,20260806,L,,,,,,N,,,,,,,,,,,1
,ELIZABETH,Z,SPICER,,901117052,Y,20260801,001598-00,UNIVERSITY OF GEORGIA,GA,4,Public,20260804,20261231,F,B,ELECTRICAL AND ELECTRONICS ENG,141001,,,N,,,,,,,,,,,2
,MARISOL,,NUNEZ,,901075705,N,20260801,,,,,,,,,,,,,,N,,,,,,,,,,,
,REECE,A,NEIDLINGER,,901042377,Y,20260801,001598-00,UNIVERSITY OF GEORGIA,GA,4,Public,20260804,20261231,F,B,GEOLOGY,400601,,,N,,,,,,,,,,,1
,JOSHUA,J,YOON,,901118087,N,20260801,,,,,,,,,,,,,,N,,,,,,,,,,,
,AMENDA,,KANG,,901118146,N,20260801,,,,,,,,,,,,,,N,,,,,,,,,,,
,WILLIAM,J,ROBERTS,,901092914,N,20260801,,,,,,,,,,,,,,N,,,,,,,,,,,
,CADEN,A,AYCOCK,,901120375,Y,20260801,002440-00,UNIVERSITY OF MISSISSIPPI,MS,4,Public,20260824,20261204,F,J,ACCOUNTANCY,520301,,,N,,,,,,,,,,,1
,MEGAN,E,SCHAEFER,,900962710,N,20260801,,,,,,,,,,,,,,N,,,,,,,,,,,
,NOLA,P,CHESTER,,900962809,N,20260801,,,,,,,,,,,,,,N,,,,,,,,,,,
,CINTHIA,Y,ACOSTA,,900875805,Y,20260801,001572-00,GEORGIA SOUTHERN UNIVERSITY,GA,4,Public,20260819,20261205,H,,ELEMENTARY EDUCATION,131202,,,N,,,,,,,,,,,1
,KARISSA,M,LONGO,,900968916,N,20260801,,,,,,,,,,,,,,N,,,,,,,,,,,
,KSENIIA,,KOROPOVA,,900993617,N,20260801,,,,,,,,,,,,,,N,,,,,,,,,,,
,SADIE,M,WATSON,,900973548,N,20260801,,,,,,,,,,,,,,N,,,,,,,,,,,
,HAYDEN,F,BLANZ,,900995994,N,20260801,,,,,,,,,,,,,,N,,,,,,,,,,,
,RYAN,C,CUNNINGHAM,,900979549,N,20260801,,,,,,,,,,,,,,N,,,,,,,,,,,
,SYDNEY GRACE,D,WRIGHT,,901025026,Y,20260801,001825-00,PURDUE UNIVERSITY - WEST LAFAYETTE,IN,4,Public,20260518,20260807,L,A,VET NURSING DIST LEARNING,018301,,,N,,,,,,,,,,,1
,SYDNEY GRACE,D,WRIGHT,,901025026,Y,20260801,001585-00,UNIVERSITY OF NORTH GEORGIA,GA,4,Public,20260810,20261204,L,B,BIOLOGY,260101,,,N,,,,,,,,,,,2
,GABRIEL,F,MORALES,,901004379,N,20260801,,,,,,,,,,,,,,N,,,,,,,,,,,
,RILEY,,BOGGESS,,901007126,Y,20260801,001597-00,TRUETT MCCONNELL UNIVERSITY,GA,4,Private,20260818,20261213,F,R,ELEMENTARY EDUCATION,131202,,,N,,,,,,,,,,,1
,CHARLIE,P,BRADSHAW,,901054794,Y,20260801,001598-00,UNIVERSITY OF GEORGIA,GA,4,Public,20260804,20261231,F,B,INTENDED MECHANICAL ENG,141901,,,N,,,,,,,,,,,1
,GRACE,C,STOKES,,901055678,Y,20260801,001009-00,AUBURN UNIVERSITY,AL,4,Public,20260817,20261211,F,B,PRE BUSINESS,520201,,,N,,,,,,,,,,,1
,DANIEL,J,ALLEN,,900906579,N,20260801,,,,,,,,,,,,,,N,,,,,,,,,,,
,MICAELA,V,DARU ROJAS,,901058527,Y,20260801,001598-00,UNIVERSITY OF GEORGIA,GA,4,Public,20260512,20260803,F,B,INTENDED HEALTH PROMOTION,512207,,,N,,,,,,,,,,,1
,MICAELA,V,DARU ROJAS,,901058527,Y,20260801,001598-00,UNIVERSITY OF GEORGIA,GA,4,Public,20260804,20261231,F,B,INTENDED HEALTH PROMOTION,512207,,,N,,,,,,,,,,,1
,DARA,N,CASIO,,901020525,Y,20260801,001598-00,UNIVERSITY OF GEORGIA,GA,4,Public,20260804,20261231,Q,B,PHARM AND BIOMEDICAL SCIENCES,512010,,,N,,,,,,,,,,,1
,KELLY,J,JORDAN,,901020570,Y,20260801,001569-00,GEORGIA INSTITUTE OF TECHNOLOGY,GA,4,Public,20260518,20260806,L,B,BUSINESS ADMINISTRATION,520201,,,N,,,,,,,,,,,1
,DENNISE,,PERALTA,,901063766,N,20260801,,,,,,,,,,,,,,N,,,,,,,,,,,
,IAN,T,CORMIER,,901046375,N,20260801,,,,,,,,,,,,,,N,,,,,,,,,,,
,MEGHAN,G,ROUNTREE,,901120086,Y,20260801,020530-00,LIBERTY UNIVERSITY,VA,4,Private,20260824,20261218,F,M,CERT MANAGEMENT LEADERSHIP,520201,,,N,,,,,,,,,,,1
,ROBERT,M,JACKSON,,901120630,Y,20260801,001598-00,UNIVERSITY OF GEORGIA,GA,4,Public,20260804,20261231,F,B,INTENDED FINANCE,520801,,,N,,,,,,,,,,,1
,SAHASRA,S,JEEDIGUNTA,,901122865,Y,20260801,001598-00,UNIVERSITY OF GEORGIA,GA,4,Public,20260804,20261231,F,B,INTENDED COMP SYS ENGINEERING,140901,,,N,,,,,,,,,,,1
,ISAAC,,ISGUR,,901124354,N,20260801,,,,,,,,,,,,,,N,,,,,,,,,,,
,TRENTON,J,PALMORE,,900780435,N,20260801,,,,,,,,,,,,,,N,,,,,,,,,,,
,KATELIN,E,BAUGH,,900123413,N,20260801,,,,,,,,,,,,,,N,,,,,,,,,,,
,LISA,J,RIOS,,900862402,N,20260801,,,,,,,,,,,,,,N,,,,,,,,,,,
,JAHAYRA,,VALDOVINOS,,900920824,N,20260801,,,,,,,,,,,,,,N,,,,,,,,,,,
,AIDEN,J,MOLINA,,901078969,N,20260801,,,,,,,,,,,,,,N,,,,,,,,,,,
,ERIN,M,WALKER,,901121333,Y,20260801,001598-00,UNIVERSITY OF GEORGIA,GA,4,Public,20260804,20261231,F,B,NUTRITIONAL SCIENCES,301901,,,N,,,,,,,,,,,1
,BRANDON,A,NORMAN,,901122096,N,20260801,,,,,,,,,,,,,,N,,,,,,,,,,,
,CARLY,M,DESROCHES,,901123375,Y,20260801,001598-00,UNIVERSITY OF GEORGIA,GA,4,Public,20260804,20261231,F,B,INTENDED MARKETING,521401,,,N,,,,,,,,,,,1
,GRAYER,M,HYATT,,901124692,Y,20260801,001598-00,UNIVERSITY OF GEORGIA,GA,4,Public,20260804,20261231,F,B,INTENDED ECONOMICS,520601,,,N,,,,,,,,,,,1
,REYNALDO,J,SANTANA,,900703310,N,20260801,,,,,,,,,,,,,,N,,,,,,,,,,,
,MATTHEW,W,ANDRADE,,900957066,N,20260801,,,,,,,,,,,,,,N,,,,,,,,,,,
,CHRISTINE,A,KIMBRO,,900827976,N,20260801,,,,,,,,,,,,,,N,,,,,,,,,,,
,MAKAILA,A,SAMUELS,,900963295,N,20260801,,,,,,,,,,,,,,N,,,,,,,,,,,
,KEVIN,,SANCHEZ,,901023259,N,20260801,,,,,,,,,,,,,,N,,,,,,,,,,,
,ADELINE,J,MOWRY,,901069752,Y,20260801,001598-00,UNIVERSITY OF GEORGIA,GA,4,Public,20260804,20261231,F,B,BIOLOGY,260101,INTENDED HEALTH PROMOTION,512207,N,,,,,,,,,,,1
,JACK,E,DAVIS,,901091084,Y,20260801,001585-00,UNIVERSITY OF NORTH GEORGIA,GA,4,Public,20260810,20261204,L,B,CRIMINAL JUSTICE,430104,,,N,,,,,,,,,,,1
,KAYLEE,J,ECHOLS,,901076052,N,20260801,,,,,,,,,,,,,,N,,,,,,,,,,,
,JADEN,N,GHORLEY,,901042458,N,20260801,,,,,,,,,,,,,,N,,,,,,,,,,,
,CAROLINE,G,ROTH,,901123146,Y,20260801,001051-00,UNIVERSITY OF ALABAMA,AL,4,Public,20260819,20261211,F,B,NURSING,513801,,,N,,,,,,,,,,,1
,SHAKTHI,,VIKRAM,,901123303,N,20260801,,,,,,,,,,,,,,N,,,,,,,,,,,
,ALANA,E,DAVIS,,901051030,Y,20260801,001598-00,UNIVERSITY OF GEORGIA,GA,4,Public,20260512,20260803,F,B,HEALTH PROMOTION,512207,,,N,,,,,,,,,,,1
,ALANA,E,DAVIS,,901051030,Y,20260801,001598-00,UNIVERSITY OF GEORGIA,GA,4,Public,20260804,20261231,F,B,HEALTH PROMOTION,512207,,,N,,,,,,,,,,,1
,ANDRES,F,GUERRERO,,900508823,N,20260801,,,,,,,,,,,,,,N,,,,,,,,,,,
,ANNA,C,GIBBS,,900943236,N,20260801,,,,,,,,,,,,,,N,,,,,,,,,,,
,RADHA,P,KHARA,,900949425,N,20260801,,,,,,,,,,,,,,N,,,,,,,,,,,
,MATTHEW,F,PHAGAN,,900996074,N,20260801,,,,,,,,,,,,,,N,,,,,,,,,,,
,LYDIA,L,ACKERET,,900998120,N,20260801,,,,,,,,,,,,,,N,,,,,,,,,,,
,DANIEL,H,SYX,,901001334,N,20260801,,,,,,,,,,,,,,N,,,,,,,,,,,
,LANEY,B,DAVIS,,901003088,Y,20260801,001598-00,UNIVERSITY OF GEORGIA,GA,4,Public,20260804,20261231,F,B,PSYCHOLOGY,420101,,,N,,,,,,,,,,,1
,NOAH,,ROWSEY,,900985195,N,20260801,,,,,,,,,,,,,,N,,,,,,,,,,,
,ANNA,C,LINES,,901054543,Y,20260801,001598-00,UNIVERSITY OF GEORGIA,GA,4,Public,20260512,20260803,L,B,EXERCISE AND SPORT SCIENCE,310505,,,N,,,,,,,,,,,1
,ANNA,C,LINES,,901054543,Y,20260801,001598-00,UNIVERSITY OF GEORGIA,GA,4,Public,20260804,20261231,F,B,EXERCISE AND SPORT SCIENCE,310505,,,N,,,,,,,,,,,1
,ANDREW,B,NGUYEN,,901054578,Y,20260801,001598-00,UNIVERSITY OF GEORGIA,GA,4,Public,20260804,20261231,F,B,INTENDED ART,500701,,,N,,,,,,,,,,,1
,ERICA,,PIZANO-HERNANDEZ,,900809639,N,20260801,,,,,,,,,,,,,,N,,,,,,,,,,,
,ANTHONY,I,ELLIOTT,,900959683,N,20260801,,,,,,,,,,,,,,N,,,,,,,,,,,
,JONAH,N,SELF,,900964133,N,20260801,,,,,,,,,,,,,,N,,,,,,,,,,,
,MACKENZIE,,GREGORY,,900965095,N,20260801,,,,,,,,,,,,,,N,,,,,,,,,,,
,SAMUEL,P,FISHER,,900876832,N,20260801,,,,,,,,,,,,,,N,,,,,,,,,,,
,EVAN,M,SMITHSON,,900991760,N,20260801,,,,,,,,,,,,,,N,,,,,,,,,,,
,SAMUEL,A,JOHNSON,,900995196,Y,20260801,001598-00,UNIVERSITY OF GEORGIA,GA,4,Public,20260804,20261231,F,B,CONSUMER ECONOMICS,190402,INTENDED FORESTRY,030501,N,,,,,,,,,,,1
,JONATHAN,,NAVARRO,,900951460,Y,20260801,001577-00,KENNESAW STATE UNIVERSITY,GA,4,Public,20260824,20261214,F,B,CONSTRUCTION MANAGEMENT,143301,,,N,,,,,,,,,,,1
,TINA,L,GARLAND,,900979999,N,20260801,,,,,,,,,,,,,,N,,,,,,,,,,,
,JOSEY,L,BARNES,,901022943,N,20260801,,,,,,,,,,,,,,N,,,,,,,,,,,
,DALLAS,,LOONUBON,,901023063,Y,20260801,001598-00,UNIVERSITY OF GEORGIA,GA,4,Public,20260512,20260803,L,B,INTENDED MECHANICAL ENG,141901,,,N,,,,,,,,,,,1
,DALLAS,,LOONUBON,,901023063,Y,20260801,001598-00,UNIVERSITY OF GEORGIA,GA,4,Public,20260804,20261231,F,B,INTENDED MECHANICAL ENG,141901,,,N,,,,,,,,,,,1
,JESSICA,A,DAWSON,,901032950,N,20260801,,,,,,,,,,,,,,N,,,,,,,,,,,
,KODI,P,MARTIN,,901035673,N,20260801,,,,,,,,,,,,,,N,,,,,,,,,,,
,WESLEY,H,KELLER,,901038834,N,20260801,,,,,,,,,,,,,,N,,,,,,,,,,,
,GABRIELA,M,SCHUELER,,901041376,Y,20260801,001009-00,AUBURN UNIVERSITY,AL,4,Public,20260518,20260807,L,B,COMPUTER SCIENCE,110101,CYBER DEFENSE,111003,N,,,,,,,,,,,1
,GABRIELA,M,SCHUELER,,901041376,Y,20260801,001009-00,AUBURN UNIVERSITY,AL,4,Public,20260817,20261211,F,B,COMPUTER SCIENCE,110101,CYBER DEFENSE,111003,N,,,,,,,,,,,1
,SAUL,,RUIZ,,901076504,N,20260801,,,,,,,,,,,,,,N,,,,,,,,,,,
,CARTER,R,HODGES,,901042959,Y,20260801,001598-00,UNIVERSITY OF GEORGIA,GA,4,Public,20260804,20261231,F,B,INTENDED RISK MGMT INSUR,521701,,,N,,,,,,,,,,,1
,OLIVIA,E,ZEPP,,901078531,N,20260801,,,,,,,,,,,,,,N,,,,,,,,,,,
,TANIJOLUWA,,ALOFE,,901105307,N,20260801,,,,,,,,,,,,,,N,,,,,,,,,,,
,THOMAS,M,STUMPFOLL,,901105888,N,20260801,,,,,,,,,,,,,,N,,,,,,,,,,,
,ELLA,C,OWENSBY,,901107137,N,20260801,,,,,,,,,,,,,,N,,,,,,,,,,,
,SHARANYA,,VATS,,901121977,N,20260801,,,,,,,,,,,,,,N,,,,,,,,,,,
,EMMA,P,DYER,,901122943,N,20260801,,,,,,,,,,,,,,N,,,,,,,,,,,
,MOHANA,S,MEDURI,,901123200,N,20260801,,,,,,,,,,,,,,N,,,,,,,,,,,
,CHARLES,S,NEELY-ETHERIDGE,,901123866,N,20260801,,,,,,,,,,,,,,N,,,,,,,,,,,
,GRACE,E,CHAMBERS,,901124608,Y,20260801,001051-00,UNIVERSITY OF ALABAMA,AL,4,Public,20260819,20261211,F,B,LOWER DIVISION MARKETING,521401,,,N,,,,,,,,,,,1
,REESE,M,NIXON,,901051886,Y,20260801,001598-00,UNIVERSITY OF GEORGIA,GA,4,Public,20260804,20261231,F,B,INTENDED MANAGEMENT,520201,,,N,,,,,,,,,,,1
,RYAN,S,ANEST,,900980409,N,20260801,,,,,,,,,,,,,,N,,,,,,,,,,,
,JAMES,G,CARTER,,900985491,Y,20260801,001598-00,UNIVERSITY OF GEORGIA,GA,4,Public,20260804,20261231,L,B,HISTORY,540101,,,N,,,,,,,,,,,1
,ABIGAIL,M,SHIELDS,,901053877,N,20260801,,,,,,,,,,,,,,N,,,,,,,,,,,
,JENNIFER,,READY,,901055924,N,20260801,,,,,,,,,,,,,,N,,,,,,,,,,,
,AUBREY,P,CULLINAN,,901083906,Y,20260801,001572-00,GEORGIA SOUTHERN UNIVERSITY,GA,4,Public,20260819,20261205,F,B,HEALTH SCIENCE,510000,,,N,,,,,,,,,,,1
,ELIANA,G,POLANCO,,901069702,Y,20260801,001598-00,UNIVERSITY OF GEORGIA,GA,4,Public,20260804,20261231,F,B,INTERNATIONAL AFFAIRS,450901,,,N,,,,,,,,,,,1
,CAMERON,J,BRAMMER,,901070736,Y,20260801,001598-00,UNIVERSITY OF GEORGIA,GA,4,Public,20260512,20260803,H,B,INTENDED FINANCE,520801,,,N,,,,,,,,,,,1
,CAMERON,J,BRAMMER,,901070736,Y,20260801,001598-00,UNIVERSITY OF GEORGIA,GA,4,Public,20260804,20261231,F,B,INTENDED FINANCE,520801,,,N,,,,,,,,,,,1
,RYDER,L,ROMIJN,,901039553,Y,20260801,001598-00,UNIVERSITY OF GEORGIA,GA,4,Public,20260512,20260803,H,B,INTENDED FINANCE,520801,,,N,,,,,,,,,,,1
,RYDER,L,ROMIJN,,901039553,Y,20260801,001598-00,UNIVERSITY OF GEORGIA,GA,4,Public,20260804,20261231,F,B,INTENDED FINANCE,520801,,,N,,,,,,,,,,,1
,NICHOLAS,A,EPPINGER,,901076105,N,20260801,,,,,,,,,,,,,,N,,,,,,,,,,,
,CESAR,A,VIVANCO,,901049667,Y,20260801,001598-00,UNIVERSITY OF GEORGIA,GA,4,Public,20260804,20261231,F,B,INTENDED FINANCE,520801,,,N,,,,,,,,,,,1
,SEBASTIAN,L,CEDENO,,901122990,Y,20260801,001577-00,KENNESAW STATE UNIVERSITY,GA,4,Public,20260824,20261214,F,B,MECHANICAL ENGINEERING,141901,,,N,,,,,,,,,,,1
,MINH,T,VUONG,,901051318,N,20260801,,,,,,,,,,,,,,N,,,,,,,,,,,
,LILY,,REILLY,,901125949,N,20260801,,,,,,,,,,,,,,N,,,,,,,,,,,
,MADISON,G,AKINS,,900663136,N,20260801,,,,,,,,,,,,,,N,,,,,,,,,,,
,CYLER,S,PERKINS,,900963391,N,20260801,,,,,,,,,,,,,,N,,,,,,,,,,,
,KYLE,L,MORRISON,,900542512,Y,20260801,003125-00,UNIVERSITY OF CINCINNATI,OH,4,Public,20260824,20261212,F,R,FIRE SCIENCE,430202,,,N,,,,,,,,,,,1
,KYLE,L,MORRISON,,900542512,Y,20260801,003125-00,UNIVERSITY OF CINCINNATI,OH,4,Public,,,,,,,,,Y,20260808,ASSOCIATE OF APPLIED SCIENCE,FIRE SERVICE TECHNOLOGY,430203,,,,,,,1
,AMBER,,DANNER,,900291323,N,20260801,,,,,,,,,,,,,,N,,,,,,,,,,,
,STEPHANIE,A,CHAVEZ,,900915147,N,20260801,,,,,,,,,,,,,,N,,,,,,,,,,,
,DANIEL,A,MICHAEL,,900960780,N,20260801,,,,,,,,,,,,,,N,,,,,,,,,,,
,MARY ANNE,,BROWN,,900848813,N,20260801,,,,,,,,,,,,,,N,,,,,,,,,,,
,LUZ,M,ESCAMILLA MARTINEZ,,900991270,N,20260801,,,,,,,,,,,,,,N,,,,,,,,,,,
,EVYN,A,COLLINS,,900991600,N,20260801,,,,,,,,,,,,,,N,,,,,,,,,,,
,JORDAN,T,HARDMAN,,900978148,N,20260801,,,,,,,,,,,,,,N,,,,,,,,,,,
,JACKSON,B,HUTCHESON,,900980217,N,20260801,,,,,,,,,,,,,,N,,,,,,,,,,,
,VALERIE,,GONZALEZ REINEMER,,900990373,N,20260801,,,,,,,,,,,,,,N,,,,,,,,,,,
,JACK,A,TAYLOR,,901055294,Y,20260801,001598-00,UNIVERSITY OF GEORGIA,GA,4,Public,20260804,20261231,F,B,INTENDED BIOLOGICAL ENGINEER,144501,,,N,,,,,,,,,,,1
,GRADY,W,PITTARD,,901057022,Y,20260801,001598-00,UNIVERSITY OF GEORGIA,GA,4,Public,20260804,20261231,F,B,GEOLOGY,400601,,,N,,,,,,,,,,,1
,KENSINGTON,B,BUTLER,,901059579,Y,20260801,002440-00,UNIVERSITY OF MISSISSIPPI,MS,4,Public,20260824,20261204,F,R,COMM SCIENCES AND DISORDERS,510201,,,N,,,,,,,,,,,1
,HENRY,C,DEBARDELEBEN,,901070228,Y,20260801,001598-00,UNIVERSITY OF GEORGIA,GA,4,Public,20260804,20261231,F,B,INTENDED FINANCE,520801,INTENDED REAL ESTATE,521501,N,,,,,,,,,,,1
,AUDREY,E,OWENS,,901072838,Y,20260801,001577-00,KENNESAW STATE UNIVERSITY,GA,4,Public,20260824,20261214,Q,B,ACCOUNTING INTEREST,520301,,,N,,,,,,,,,,,1
,JUAN,D,DAVILA,,901040625,N,20260801,,,,,,,,,,,,,,N,,,,,,,,,,,
,ADITHI,R,BODHANAPALLI,,901117559,N,20260801,,,,,,,,,,,,,,N,,,,,,,,,,,
,ELLA,A,ALIM-SUKRAM,,901117579,N,20260801,,,,,,,,,,,,,,N,,,,,,,,,,,
,FASAIKOU,,JAMMEH,,901094025,N,20260801,,,,,,,,,,,,,,N,,,,,,,,,,,
,WAYNE,G,LEONARD,,901102691,N,20260801,,,,,,,,,,,,,,N,,,,,,,,,,,
,ADAM,C,HALBERT,,901044064,N,20260801,,,,,,,,,,,,,,N,,,,,,,,,,,
,JOSEPH,D,COPELAN,,901046165,Y,20260801,001585-00,UNIVERSITY OF NORTH GEORGIA,GA,4,Public,20260810,20261204,F,B,STUDIO ART,500702,,,N,,,,,,,,,,,1
,AVERY,J,BAILEY,,901046674,Y,20260801,001572-00,GEORGIA SOUTHERN UNIVERSITY,GA,4,Public,20260819,20261205,Q,A,AA CORE CURRICULUM,240101,,,N,,,,,,,,,,,1
,ANDREW,P,GODBEY,,901077577,Y,20260801,001009-00,AUBURN UNIVERSITY,AL,4,Public,20260817,20261211,F,B,INDUSTRIAL SYSTEMS ENG,143501,,,N,,,,,,,,,,,1
,TRENT,A,HORTON,,901078973,Y,20260801,001598-00,UNIVERSITY OF GEORGIA,GA,4,Public,20260804,20261231,F,B,INTENDED EXERCISE AND SPORT SC,310505,,,N,,,,,,,,,,,1
,MARY MCRAY,F,SHEDD,,901107099,N,20260801,,,,,,,,,,,,,,N,,,,,,,,,,,
,SARIAH,A,SOLLER,,901080225,N,20260801,,,,,,,,,,,,,,N,,,,,,,,,,,
,ANDREW,M,ABDALLAH,,901122666,N,20260801,,,,,,,,,,,,,,N,,,,,,,,,,,
,JARED,S,BAGAN,,901122994,Y,20260801,001598-00,UNIVERSITY OF GEORGIA,GA,4,Public,20260804,20261231,F,B,INTENDED FINANCE,520801,INTENDED BUSINESS UNSPECIFIED,520101,N,,,,,,,,,,,1
,HANSIKA,,SAHUKARI,,901123184,N,20260801,,,,,,,,,,,,,,N,,,,,,,,,,,
,LARISA,B,CLAYTON,,900970190,N,20260801,,,,,,,,,,,,,,N,,,,,,,,,,,
,TYLER,P,CUNNINGHAM,,900998138,N,20260801,,,,,,,,,,,,,,N,,,,,,,,,,,
,NATHANIEL,J,TEW,,900979596,N,20260801,,,,,,,,,,,,,,N,,,,,,,,,,,
,KALLIE,S,JANKOWSKI,,901004861,N,20260801,,,,,,,,,,,,,,N,,,,,,,,,,,
,DYLAN,J,BLAIR,,900989113,N,20260801,,,,,,,,,,,,,,N,,,,,,,,,,,
,LILY,G,GOTTSCHALK,,901063336,Y,20260801,001598-00,UNIVERSITY OF GEORGIA,GA,4,Public,20260512,20260803,H,B,BIOLOGICAL SCIENCE,300101,,,N,,,,,,,,,,,1
,LILY,G,GOTTSCHALK,,901063336,Y,20260801,001598-00,UNIVERSITY OF GEORGIA,GA,4,Public,20260804,20261231,F,B,BIOLOGICAL SCIENCE,300101,,,N,,,,,,,,,,,1
,OLIVIA,,AUSTIN,,901084383,N,20260801,,,,,,,,,,,,,,N,,,,,,,,,,,
,OLIVER,H,HOWELL,,901069820,Y,20260801,001598-00,UNIVERSITY OF GEORGIA,GA,4,Public,20260804,20261231,F,B,INTENDED RISK MGMT INSUR,521701,,,N,,,,,,,,,,,1
,AUSTIN,D,DECARLO,,901121770,Y,20260801,001598-00,UNIVERSITY OF GEORGIA,GA,4,Public,20260804,20261231,F,B,EXERCISE AND SPORT SCIENCE,310505,,,N,,,,,,,,,,,1
,JARED,C,HUFFMAN,,900663212,N,20260801,,,,,,,,,,,,,,N,,,,,,,,,,,
,AMANDA,K,JORDAN,,900465219,N,20260801,,,,,,,,,,,,,,N,,,,,,,,,,,
,EMMA,J,CROSBY,,900958923,N,20260801,,,,,,,,,,,,,,N,,,,,,,,,,,
,GIA,P,MOUA,,900936545,N,20260801,,,,,,,,,,,,,,N,,,,,,,,,,,
,WHEELER,H,EUBANK,,900937169,N,20260801,,,,,,,,,,,,,,N,,,,,,,,,,,
,OLIVIA,M,HAAG,,900942564,N,20260801,,,,,,,,,,,,,,N,,,,,,,,,,,
,AMANDA,C,COLLINS,,900311839,N,20260801,,,,,,,,,,,,,,N,,,,,,,,,,,
,BRYAN,S,GALVEZ,,900786643,N,20260801,,,,,,,,,,,,,,N,,,,,,,,,,,
,ANDREW,S,BUCKLEY,,900869714,N,20260801,,,,,,,,,,,,,,N,,,,,,,,,,,
,JACK,H,FRIEDMANN,,901049195,Y,20260801,001538-00,UNIVERSITY OF TAMPA,FL,4,Private,20260831,20261217,F,J,MANAGEMENT BS,520201,,,N,,,,,,,,,,,1
,CADE,,MULLIGAN,,901121668,Y,20260801,001598-00,UNIVERSITY OF GEORGIA,GA,4,Public,20260804,20261231,F,B,INTENDED EXERCISE AND SPORT SC,310505,,,N,,,,,,,,,,,1
,JAYCIE,,HAYWARD,,901123143,N,20260801,,,,,,,,,,,,,,N,,,,,,,,,,,
,LUCAS,,PITERA,,901114477,Y,20260801,001598-00,UNIVERSITY OF GEORGIA,GA,4,Public,20260804,20261231,F,B,MANAGEMENT,520201,,,N,,,,,,,,,,,1
,CORA,N,DORSEYCUNNINGHAM,,900603993,N,20260801,,,,,,,,,,,,,,N,,,,,,,,,,,
,MELODY,A,WADE,,900959335,N,20260801,,,,,,,,,,,,,,N,,,,,,,,,,,
,MARISSA,,TEMPEL,,900961263,N,20260801,,,,,,,,,,,,,,N,,,,,,,,,,,
,MALEY,A,MCDONALD,,900947591,N,20260801,,,,,,,,,,,,,,N,,,,,,,,,,,
,SIMON,A,TOLE,,900996221,N,20260801,,,,,,,,,,,,,,N,,,,,,,,,,,
,MATTHEW,B,NIXON,,900947032,N,20260801,,,,,,,,,,,,,,N,,,,,,,,,,,
,REAGAN,K,LAMB,,900994825,N,20260801,,,,,,,,,,,,,,N,,,,,,,,,,,
,ELIZABETH,L,NASON,,900950801,N,20260801,,,,,,,,,,,,,,N,,,,,,,,,,,
,ANGIE,G,SALAZAR,,900976226,N,20260801,,,,,,,,,,,,,,N,,,,,,,,,,,
,DAMIEN,J,SMITH,,901005249,N,20260801,,,,,,,,,,,,,,N,,,,,,,,,,,
,KALE,T,BANKS,,900984621,N,20260801,,,,,,,,,,,,,,N,,,,,,,,,,,
,KYLAR,E,CLOUATRE,,900987609,N,20260801,,,,,,,,,,,,,,N,,,,,,,,,,,
,NICHOLAS,W,WARD,,901027104,Y,20260801,001051-00,UNIVERSITY OF ALABAMA,AL,4,Public,20260819,20261211,F,B,LOWER DIVISION GB,520101,,,N,,,,,,,,,,,1
,ANNALISE,N,WHITE,,901014440,N,20260801,,,,,,,,,,,,,,N,,,,,,,,,,,
,MARCOS,,SANTANA MARTE,,901001663,N,20260801,,,,,,,,,,,,,,N,,,,,,,,,,,
,SAMEER,A,REHMAN,,901025423,Y,20260801,001598-00,UNIVERSITY OF GEORGIA,GA,4,Public,20260804,20261231,Q,B,INTENDED MECHANICAL ENG,141901,,,N,,,,,,,,,,,1
,GRIFFIN,,MACKIE,,901027660,N,20260801,,,,,,,,,,,,,,N,,,,,,,,,,,
,MCKENNA,C,JERNIGAN,,901007113,N,20260801,,,,,,,,,,,,,,N,,,,,,,,,,,
,ALEXANDER,E,ZACHMAN,,901028633,Y,20260801,001598-00,UNIVERSITY OF GEORGIA,GA,4,Public,20260804,20261231,F,B,MECHANICAL ENGINEERING,141901,,,N,,,,,,,,,,,1
,NOELIA,L,RIVERA,,900906083,N,20260801,,,,,,,,,,,,,,N,,,,,,,,,,,
,JEFFERY,C,HUNNICUTT,,901065991,N,20260801,,,,,,,,,,,,,,N,,,,,,,,,,,
,CHARLOTTE,M,STANGO,,901033926,Y,20260801,001051-00,UNIVERSITY OF ALABAMA,AL,4,Public,20260819,20261211,F,B,PUBLIC RELATIONS,090902,COMMUNICATION STUDIES,090101,N,,,,,,,,,,,1
,JANELLE,,JACQUES,,901084477,N,20260801,,,,,,,,,,,,,,N,,,,,,,,,,,
,MASON,Z,CAO,,901087026,Y,20260801,001569-00,GEORGIA INSTITUTE OF TECHNOLOGY,GA,4,Public,20260518,20260806,L,N,SPECIAL NON DEGREE,240102,,,N,,,,,,,,,,,1
,SHUNTESHIA,L,BROUGHTON,,901089905,N,20260801,,,,,,,,,,,,,,N,,,,,,,,,,,
,AVERY,R,MALLAS,,901039379,N,20260801,,,,,,,,,,,,,,N,,,,,,,,,,,
,CHLOE,I,SULLIVAN,,901076168,Y,20260801,001571-00,GEORGIA MILITARY COLLEGE- ONLINE,GA,2,Public,20260810,20261006,H,F,BUSINESS ADMINISTRATION,520201,,,N,,,,,,,,,,,1
,ANDREW,R,MACDONALD,,901092018,Y,20260801,001009-00,AUBURN UNIVERSITY,AL,4,Public,20260817,20261211,F,B,ECOLOGICAL ENGINEERING OPTION,144501,,,N,,,,,,,,,,,1
,JOHN,D,COLEMAN,,901096195,N,20260801,,,,,,,,,,,,,,N,,,,,,,,,,,
,KATHERINE,M,WELDON,,901101147,Y,20260801,001572-00,GEORGIA SOUTHERN UNIVERSITY,GA,4,Public,20260819,20261205,F,B,BIOLOGY,260101,,,N,,,,,,,,,,,1
,YASMIN,,NABOR,,901046141,N,20260801,,,,,,,,,,,,,,N,,,,,,,,,,,
,BETHANY,L,COOK,,901104210,N,20260801,,,,,,,,,,,,,,N,,,,,,,,,,,
,BETHANY,A,BENNETT,,901030988,N,20260801,,,,,,,,,,,,,,N,,,,,,,,,,,
,TANNER,R,JOHNSON,,901056333,Y,20260801,001964-00,GEORGETOWN COLLEGE,KY,4,Private,20260819,20261203,F,R,PROJECT MANAGEMENT,520211,,,N,,,,,,,,,,,1
,ANDREW,J,PRINGLE,,901020839,Y,20260801,001598-00,UNIVERSITY OF GEORGIA,GA,4,Public,20260804,20261231,F,B,AGRICULTURAL EDUCATION,131301,,,N,,,,,,,,,,,1
,DANIEL,A,NIKOLAEV,,901063647,Y,20260801,001598-00,UNIVERSITY OF GEORGIA,GA,4,Public,20260512,20260803,F,B,BIOLOGY,260101,INTENDED MECHANICAL ENG,141901,N,,,,,,,,,,,1
,DANIEL,A,NIKOLAEV,,901063647,Y,20260801,001598-00,UNIVERSITY OF GEORGIA,GA,4,Public,20260804,20261231,F,B,BIOLOGY,260101,INTENDED MECHANICAL ENG,141901,N,,,,,,,,,,,1
,MARIDYAN,M,COBB-MCADAMS,,901033891,N,20260801,,,,,,,,,,,,,,N,,,,,,,,,,,
,ALYSSA,,WILLINGHAM,,901070585,Y,20260801,001598-00,UNIVERSITY OF GEORGIA,GA,4,Public,20260804,20261231,F,B,INTENDED ELEMENTARY EDUCATION,131202,,,N,,,,,,,,,,,1
,MATTOX,W,GENDRON,,901072190,Y,20260801,001598-00,UNIVERSITY OF GEORGIA,GA,4,Public,20260804,20261231,F,B,INTENDED FINANCE,520801,,,N,,,,,,,,,,,1
,LUCAS,A,HAYNIE,,901076495,N,20260801,,,,,,,,,,,,,,N,,,,,,,,,,,
,JAYNA,N,PATEL,,901095885,N,20260801,,,,,,,,,,,,,,N,,,,,,,,,,,
,JOSEPH,T,CUMMINGS,,901044341,N,20260801,,,,,,,,,,,,,,N,,,,,,,,,,,
,GABRIEL,S,PACE,,901049805,N,20260801,,,,,,,,,,,,,,N,,,,,,,,,,,
,ALANA,K,CRISPINO,,901126186,Y,20260801,001598-00,UNIVERSITY OF GEORGIA,GA,4,Public,20260512,20260803,F,B,REGENERATIVE BIOSCIENCE,260102,,,N,,,,,,,,,,,1
,ALANA,K,CRISPINO,,901126186,Y,20260801,001598-00,UNIVERSITY OF GEORGIA,GA,4,Public,20260804,20261231,F,B,REGENERATIVE BIOSCIENCE,260102,,,N,,,,,,,,,,,1
,OLIVIA,R,BOLT,,901126772,Y,20260801,001598-00,UNIVERSITY OF GEORGIA,GA,4,Public,20260804,20261231,F,B,INTENDED MANAGEMENT,520201,,,N,,,,,,,,,,,1
,KAITLYN,V,HENDERSON,,900650656,N,20260801,,,,,,,,,,,,,,N,,,,,,,,,,,
,MAYA,N,GRIFFIN,,900920998,N,20260801,,,,,,,,,,,,,,N,,,,,,,,,,,
,JACOB,T,FARROW,,900990588,N,20260801,,,,,,,,,,,,,,N,,,,,,,,,,,
,CHARLOTTE,M,CARSWELL,,900998378,N,20260801,,,,,,,,,,,,,,N,,,,,,,,,,,
,HAYDEN,A,ROSE,,900980518,N,20260801,,,,,,,,,,,,,,N,,,,,,,,,,,
,OLIVIA,G,SULLENS,,900982071,N,20260801,,,,,,,,,,,,,,N,,,,,,,,,,,
,TAYTEN,M,KENNEDY,,900984518,Y,20260801,001572-00,GEORGIA SOUTHERN UNIVERSITY,GA,4,Public,20260819,20261205,L,B,TRANSIENT UNDERGRADUATE,240102,,,N,,,,,,,,,,,1
,WILLIAM,R,CHAMBLESS,,901005131,N,20260801,,,,,,,,,,,,,,N,,,,,,,,,,,
,CONNER,A,JOHNSON,,900987650,N,20260801,,,,,,,,,,,,,,N,,,,,,,,,,,
,MEGAN,I,WILLEVER,,901011969,N,20260801,,,,,,,,,,,,,,N,,,,,,,,,,,
,EMILY,M,LACOUNT,,900902577,N,20260801,,,,,,,,,,,,,,N,,,,,,,,,,,
,CHARLEE,F,MIZE,,901055790,Y,20260801,001598-00,UNIVERSITY OF GEORGIA,GA,4,Public,20260804,20261231,F,B,AGRICULTURAL EDUCATION,131301,,,N,,,,,,,,,,,1
,JOSEPH,M,SHERRIER,,901017101,N,20260801,,,,,,,,,,,,,,N,,,,,,,,,,,
,BELLA,K,YANTIS,,901057395,Y,20260801,001598-00,UNIVERSITY OF GEORGIA,GA,4,Public,20260804,20261231,F,B,COMMUNICATION STUDIES,090101,,,N,,,,,,,,,,,1
,JAMIE,M,KERCE,,901060192,N,20260801,,,,,,,,,,,,,,N,,,,,,,,,,,
,RYLAN,M,STEWART,,901084341,N,20260801,,,,,,,,,,,,,,N,,,,,,,,,,,
,TRISTAN,K,GABRELS,,901035162,Y,20260801,002931-00,GUILFORD COLLEGE,NC,4,Private,20260819,20261210,F,J,EXERCISE SPORT SCIENCES,310501,,,N,,,,,,,,,,,1
,AUDREY,M,SATORY,,901036324,Y,20260801,001598-00,UNIVERSITY OF GEORGIA,GA,4,Public,20260804,20261231,F,B,COMMUNICATION STUDIES,090101,,,N,,,,,,,,,,,1
,EMMA,F,EDGE,,901070362,Y,20260801,003534-00,THE UNIVERSITY OF THE SOUTH,TN,4,Private,20260820,20261218,F,S,UNDECLARED,240101,,,N,,,,,,,,,,,1
,DWAYNE,D,DUBOSE,,901071537,N,20260801,,,,,,,,,,,,,,N,,,,,,,,,,,
,OLIVIA,G,KELDIE,,901072118,N,20260801,,,,,,,,,,,,,,N,,,,,,,,,,,
,GABRIELLE,,GAVRANOVIC,,901074674,Y,20260801,001598-00,UNIVERSITY OF GEORGIA,GA,4,Public,20260804,20261231,F,B,INTENDED RISK MGMT INSUR,521701,,,N,,,,,,,,,,,1
,SIERRA,H,BURNETTE,,901040148,N,20260801,,,,,,,,,,,,,,N,,,,,,,,,,,
,HALLIS,S,MORRIS,,901116837,Y,20260801,001598-00,UNIVERSITY OF GEORGIA,GA,4,Public,20260804,20261231,F,B,INTENDED MANAGEMENT,520201,,,N,,,,,,,,,,,1
,SHREYAS,,BODDAPATI,,901117274,N,20260801,,,,,,,,,,,,,,N,,,,,,,,,,,
,AALIYAH,J,SABALSA,,901118140,N,20260801,,,,,,,,,,,,,,N,,,,,,,,,,,
,HALEY,G,DAVENPORT,,901119063,N,20260801,,,,,,,,,,,,,,N,,,,,,,,,,,
,SHARON,,NOBLE,,901094847,Y,20260801,001052-00,UNIVERSITY OF ALABAMA BIRMINGHAM-TRADITIONAL,AL,4,Public,20260824,20261211,F,J,NEUROSCIENCE,261501,,,N,,,,,,,,,,,1
,ERIKA,D,HULL,,901042888,Y,20260801,001598-00,UNIVERSITY OF GEORGIA,GA,4,Public,20260804,20261231,F,B,ELEMENTARY EDUCATION,131202,,,N,,,,,,,,,,,1
,BRITTANY,C,CABRERA PEREZ,,901102749,N,20260801,,,,,,,,,,,,,,N,,,,,,,,,,,
,SHAHANA,,FARDUS,,901120932,Y,20260801,001556-00,BRENAU UNIVERSITY,GA,4,Private,20260817,20261204,F,R,BIOLOGY,260101,,,N,,,,,,,,,,,1
,BRIAN,,CABRERA,,901078127,Y,20260801,001572-00,GEORGIA SOUTHERN UNIVERSITY,GA,4,Public,20260819,20261205,F,B,MECHANICAL ENGINEERING,141901,,,N,,,,,,,,,,,1
,EMERY,L,ANSERT,,901121884,N,20260801,,,,,,,,,,,,,,N,,,,,,,,,,,
,BENNETT,D,SCHNEIDER,,901077053,Y,20260801,001598-00,UNIVERSITY OF GEORGIA,GA,4,Public,20260804,20261231,F,B,INTENDED MANAGEMENT,520201,,,N,,,,,,,,,,,1
,ABIGAIL,,WATTS,,901079229,N,20260801,,,,,,,,,,,,,,N,,,,,,,,,,,
,LAYLA,M,YAEGER HUGHES,,901104541,Y,20260801,001585-00,UNIVERSITY OF NORTH GEORGIA,GA,4,Public,20260810,20261204,L,B,DUAL ENROLLED,240102,,,N,,,,,,,,,,,1
,ANDREW,J,MILLS,,901123199,N,20260801,,,,,,,,,,,,,,N,,,,,,,,,,,
,ANDREW,B,BOWLING,,901123261,Y,20260801,001009-00,AUBURN UNIVERSITY,AL,4,Public,20260817,20261211,F,B,PRE BUILDING SCIENCE,140401,,,N,,,,,,,,,,,1
,JOSIE,D,GRAUCH,,901123856,N,20260801,,,,,,,,,,,,,,N,,,,,,,,,,,
,VERONIKA,,BAYZER,,901123870,Y,20260801,002972-00,NORTH CAROLINA STATE UNIVERSITY,NC,4,Public,20260520,20260804,L,,,,,,N,,,,,,,,,,,1
,LUKASZ,B,ANTONIAK,,901082562,N,20260801,,,,,,,,,,,,,,N,,,,,,,,,,,
,SAMUEL,R,PHELPS,,900877939,N,20260801,,,,,,,,,,,,,,N,,,,,,,,,,,
,PRANAV,,NATARAJAN,,900998401,Y,20260801,003754-00,VIRGINIA POLYTECH & STATE UNIV,VA,4,Public,20260526,20260814,L,R,MECHANICAL ENGINEERING,141901,,,N,,,,,,,,,,,1
,ISABELLA,,BONNER,,900951507,N,20260801,,,,,,,,,,,,,,N,,,,,,,,,,,
,MICHAELA,M,CAROW,,900984584,N,20260801,,,,,,,,,,,,,,N,,,,,,,,,,,
,WILLIAM,D,WALKER,,901054283,Y,20260801,002981-00,WESTERN CAROLINA UNIVERSITY,NC,4,Public,20260817,20261211,F,B,ANTHROPOLOGY,450201,,,N,,,,,,,,,,,1
,WALKER,E,BRADY,,901021147,Y,20260801,001598-00,UNIVERSITY OF GEORGIA,GA,4,Public,20260804,20261231,F,B,INTENDED MECHANICAL ENG,141901,,,N,,,,,,,,,,,1
,MADYSON,G,MILLSAP,,901065988,Y,20260801,001009-00,AUBURN UNIVERSITY,AL,4,Public,20260518,20260807,F,B,THEATRE,500501,PSYCHOLOGY,420101,N,,,,,,,,,,,1
,MADYSON,G,MILLSAP,,901065988,Y,20260801,001009-00,AUBURN UNIVERSITY,AL,4,Public,20260817,20261211,F,B,THEATRE,500501,PSYCHOLOGY,420101,N,,,,,,,,,,,1
,BIBIANA,A,DIAZ,,901022817,N,20260801,,,,,,,,,,,,,,N,,,,,,,,,,,
,KAIYA,K,SMOOT,,901069230,N,20260801,,,,,,,,,,,,,,N,,,,,,,,,,,
,AIDEN,R,PRICE,,901070360,Y,20260801,001598-00,UNIVERSITY OF GEORGIA,GA,4,Public,20260804,20261231,F,B,INTENDED SPORT MANAGEMENT,310504,,,N,,,,,,,,,,,1
,ISABELLA,M,THEODORE,,901087697,Y,20260801,001598-00,UNIVERSITY OF GEORGIA,GA,4,Public,20260804,20261231,F,B,INTENDED MGMT INFO SYSTEMS,521201,,,N,,,,,,,,,,,1
,SAMUEL,H,WINGFIELD,,901090806,Y,20260801,001598-00,UNIVERSITY OF GEORGIA,GA,4,Public,20260804,20261231,F,B,ANTHROPOLOGY,450201,,,N,,,,,,,,,,,1
,SARAH,,ZIDAR,,901074528,Y,20260801,001598-00,UNIVERSITY OF GEORGIA,GA,4,Public,20260804,20261231,F,B,INTENDED HEALTH PROMOTION,512207,UNSPECIFIED,240102,N,,,,,,,,,,,1
,LIZ MARIE,,POLANCO ARIAS,,901074905,N,20260801,,,,,,,,,,,,,,N,,,,,,,,,,,
,MATTHEW,T,BENTLEY,,901117151,N,20260801,,,,,,,,,,,,,,N,,,,,,,,,,,
,SARAH,M,WOODY,,901093006,N,20260801,,,,,,,,,,,,,,N,,,,,,,,,,,
,STEWART,,YOUNG,,901095155,N,20260801,,,,,,,,,,,,,,N,,,,,,,,,,,
,KAYLEE,A,DEYTON,,901044228,Y,20260801,001556-00,BRENAU UNIVERSITY,GA,4,Private,20260504,20260814,L,J,NURSING,513801,,,N,,,,,,,,,,,1
,KAYLEE,A,DEYTON,,901044228,Y,20260801,001556-00,BRENAU UNIVERSITY,GA,4,Private,20260817,20261204,F,J,NURSING,513801,,,N,,,,,,,,,,,1
,SAATVIK,,BARRE,,901045520,N,20260801,,,,,,,,,,,,,,N,,,,,,,,,,,
,KATE,R,MOSKOWITZ,,901121481,Y,20260801,001051-00,UNIVERSITY OF ALABAMA,AL,4,Public,20260819,20261211,F,B,NEWS MEDIA,090499,,,N,,,,,,,,,,,1
,DHAIRYA,C,PANDYA,,901122211,Y,20260801,001598-00,UNIVERSITY OF GEORGIA,GA,4,Public,20260804,20261231,F,B,BIOLOGICAL ENGINEERING,144501,,,N,,,,,,,,,,,1
,MATTHEW,,MOLONEY,,901122523,Y,20260801,001598-00,UNIVERSITY OF GEORGIA,GA,4,Public,20260804,20261231,F,B,CONSUMER ECONOMICS,190402,,,N,,,,,,,,,,,1
,NATHAN,M,SMITH,,901050842,N,20260801,,,,,,,,,,,,,,N,,,,,,,,,,,
,TYLER,,SCHROEDER,,901116427,Y,20260801,001598-00,UNIVERSITY OF GEORGIA,GA,4,Public,20260512,20260803,H,B,MECHANICAL ENGINEERING,141901,,,N,,,,,,,,,,,1
,TYLER,,SCHROEDER,,901116427,Y,20260801,001598-00,UNIVERSITY OF GEORGIA,GA,4,Public,20260804,20261231,F,B,MECHANICAL ENGINEERING,141901,,,N,,,,,,,,,,,1
,YE RANG,,PARK,,900801402,N,20260801,,,,,,,,,,,,,,N,,,,,,,,,,,
,OZONG,W,AGBORSANGAYA,,900958735,N,20260801,,,,,,,,,,,,,,N,,,,,,,,,,,
,ISABELLA,M,LYONS,,900961626,N,20260801,,,,,,,,,,,,,,N,,,,,,,,,,,
,GISSELLE,,VARGAS,,900936111,N,20260801,,,,,,,,,,,,,,N,,,,,,,,,,,
,SYDNEE,R,REAVES,,901079606,N,20260801,,,,,,,,,,,,,,N,,,,,,,,,,,
,KOUEVI,,HOUEDJAKOU,,901122241,N,20260801,,,,,,,,,,,,,,N,,,,,,,,,,,
,ALYSSA,M,HAAFF,,901051356,N,20260801,,,,,,,,,,,,,,N,,,,,,,,,,,
,GRECIA,,ALFARO,,900861069,N,20260801,,,,,,,,,,,,,,N,,,,,,,,,,,
,HALEY,J,FULCHER,,900975010,N,20260801,,,,,,,,,,,,,,N,,,,,,,,,,,
,RAHUL,,RAYARALA,,900978047,N,20260801,,,,,,,,,,,,,,N,,,,,,,,,,,
,CAROLINA,E,VANEGAS,,900999837,N,20260801,,,,,,,,,,,,,,N,,,,,,,,,,,
,LISBETH,B,HILL,,901000081,N,20260801,,,,,,,,,,,,,,N,,,,,,,,,,,
,MADELINE,G,MADDOX,,901002715,N,20260801,,,,,,,,,,,,,,N,,,,,,,,,,,
,CONNOR,C,LUMPKIN,,901003991,N,20260801,,,,,,,,,,,,,,N,,,,,,,,,,,
,RYLANT,S,UKENA,,901031783,N,20260801,,,,,,,,,,,,,,N,,,,,,,,,,,
,PRINCY,,PATEL,,901061425,Y,20260801,001574-06,GEORGIA STATE UNIVERSITY- PERIMETER COLLEGE,GA,2,Public,20260824,20261215,Q,F,BIOLOGY,240101,,,N,,,,,,,,,,,1
,ANSLEY,D,SMITH,,901061626,Y,20260801,001556-00,BRENAU UNIVERSITY,GA,4,Private,20260504,20260814,H,S,NURSING,513801,,,N,,,,,,,,,,,1
,ANSLEY,D,SMITH,,901061626,Y,20260801,001556-00,BRENAU UNIVERSITY,GA,4,Private,20260817,20261204,F,S,NURSING,513801,,,N,,,,,,,,,,,1
,ELIZABETH,,GRIGGS,,901063745,Y,20260801,003632-00,TEXAS A&M UNIVERSITY,TX,4,Public,20260526,20260806,,S,NUTRITION,301901,,,N,,,,,,,,,,,1
,WILLIAM,T,BATCHELOR,,901064212,N,20260801,,,,,,,,,,,,,,N,,,,,,,,,,,
,MARK,A,STANALAND,,901035107,Y,20260801,001598-00,UNIVERSITY OF GEORGIA,GA,4,Public,20260804,20261231,H,B,INTENDED ACCOUNTING,520301,,,N,,,,,,,,,,,1
,TANYA,S,DHARWADKAR,,901084656,N,20260801,,,,,,,,,,,,,,N,,,,,,,,,,,
,MICHAEL,J,NERI,,901071263,Y,20260801,001598-00,UNIVERSITY OF GEORGIA,GA,4,Public,20260804,20261231,F,B,INTENDED FINANCE,520801,,,N,,,,,,,,,,,1
,MATTIE,B,KINIRY,,901041294,N,20260801,,,,,,,,,,,,,,N,,,,,,,,,,,
,VEDIKA,,VATTIKONDA,,901119395,N,20260801,,,,,,,,,,,,,,N,,,,,,,,,,,
,AMERIA,I,JOHNSON,,901043205,N,20260801,,,,,,,,,,,,,,N,,,,,,,,,,,
,SOPHIA,M,KENIS,,901093090,Y,20260801,001598-00,UNIVERSITY OF GEORGIA,GA,4,Public,20260804,20261231,F,B,PHARM AND BIOMEDICAL SCIENCES,512010,,,N,,,,,,,,,,,1
,HARSHITHA,,NARAYANAN,,901119956,N,20260801,,,,,,,,,,,,,,N,,,,,,,,,,,
,ORLANDO,D,CRENSHAW,,901081102,N,20260801,,,,,,,,,,,,,,N,,,,,,,,,,,
,BRANDON,I,GOLDBERG,,901122270,Y,20260801,001569-00,GEORGIA INSTITUTE OF TECHNOLOGY,GA,4,Public,20260518,20260806,F,B,MECHANICAL ENGINEERING,141901,,,N,,,,,,,,,,,1
,YONATHAN,D,LAKEW,,901122792,N,20260801,,,,,,,,,,,,,,N,,,,,,,,,,,
,PAUL,T,COTTER,,901123822,N,20260801,,,,,,,,,,,,,,N,,,,,,,,,,,
,TUMAINI,J,SIULAPWA,,901049828,N,20260801,,,,,,,,,,,,,,N,,,,,,,,,,,
,EMANUEL,,DE LA CRUZ,,900209599,N,20260801,,,,,,,,,,,,,,N,,,,,,,,,,,
,EMILY,R,ALDERMAN,,900959907,N,20260801,,,,,,,,,,,,,,N,,,,,,,,,,,
,ANNA,E,MATTEL,,900933183,N,20260801,,,,,,,,,,,,,,N,,,,,,,,,,,
,AUBRISHA,O,DANIELS,,900757002,N,20260801,,,,,,,,,,,,,,N,,,,,,,,,,,
,SARAH,A,BROOKS,,900669433,N,20260801,,,,,,,,,,,,,,N,,,,,,,,,,,
,ANA,L,OSORIO,,900703273,N,20260801,,,,,,,,,,,,,,N,,,,,,,,,,,
,ANGLE,F,CASTRO AYALA,,900975106,N,20260801,,,,,,,,,,,,,,N,,,,,,,,,,,
,JAYSON,B,NICHOLSON,,900951910,N,20260801,,,,,,,,,,,,,,N,,,,,,,,,,,
,KAIA,I,SHUE,,901003299,Y,20260801,001598-00,UNIVERSITY OF GEORGIA,GA,4,Public,20260512,20260803,H,B,BIOLOGY,260101,,,N,,,,,,,,,,,1
,KAIA,I,SHUE,,901003299,Y,20260801,001598-00,UNIVERSITY OF GEORGIA,GA,4,Public,20260804,20261231,F,B,BIOLOGY,260101,,,N,,,,,,,,,,,1
,EMMA,G,PENEGUY,,901025372,Y,20260801,001598-00,UNIVERSITY OF GEORGIA,GA,4,Public,20260804,20261231,F,B,INTENDED MANAGEMENT,520201,,,N,,,,,,,,,,,1
,MARIO,,FERNANDEZ-PATINO,,901028831,N,20260801,,,,,,,,,,,,,,N,,,,,,,,,,,
,BIANA,,RODRIGUEZ,,901054256,N,20260801,,,,,,,,,,,,,,N,,,,,,,,,,,
,RYAN,,YAHRES,,901054788,Y,20260801,001051-00,UNIVERSITY OF ALABAMA,AL,4,Public,20260819,20261211,F,B,LOWER DIVISION FINANCE,520801,,,N,,,,,,,,,,,1
,ABBY,M,RICHARDSON,,901015815,Y,20260801,001598-00,UNIVERSITY OF GEORGIA,GA,4,Public,20260512,20260803,H,B,INTENDED RISK MGMT INSUR,521701,,,N,,,,,,,,,,,1
,ABBY,M,RICHARDSON,,901015815,Y,20260801,001598-00,UNIVERSITY OF GEORGIA,GA,4,Public,20260804,20261231,F,B,INTENDED RISK MGMT INSUR,521701,,,N,,,,,,,,,,,1
,ESTON,C,SIMPSON,,901057822,N,20260801,,,,,,,,,,,,,,N,,,,,,,,,,,
,IMANI,,MARSHALL,,901064089,Y,20260801,003759-00,J.SARGEANT REYNOLDS COMMUNITY COLLEGE,VA,2,Public,20260824,20261215,,A,OPTICIANRY,511801,,,N,,,,,,,,,,,1
,JOSE,,ARIAS,,901068224,N,20260801,,,,,,,,,,,,,,N,,,,,,,,,,,
,RYLIE,E,CRAMER,,901033176,N,20260801,,,,,,,,,,,,,,N,,,,,,,,,,,
,ELLA,A,NIX,,901023631,N,20260801,,,,,,,,,,,,,,N,,,,,,,,,,,
,JACOB,W,COSTELLO,,901083618,N,20260801,,,,,,,,,,,,,,N,,,,,,,,,,,
,RACHEL,M,VERNER,,901084499,N,20260801,,,,,,,,,,,,,,N,,,,,,,,,,,
,ADDISON,,SHAREEF,,901077644,Y,20260801,001572-00,GEORGIA SOUTHERN UNIVERSITY,GA,4,Public,20260819,20261205,F,B,MARKETING,521401,,,N,,,,,,,,,,,1
,HAGEN,M,MCAFEE,,901079082,N,20260801,,,,,,,,,,,,,,N,,,,,,,,,,,
,MAXWELL,J,FANCHER,,901121877,Y,20260801,001598-00,UNIVERSITY OF GEORGIA,GA,4,Public,20260804,20261231,F,B,INTENDED MANAGEMENT,520201,,,N,,,,,,,,,,,1
,GABRIELLE,A,HENNINGHAM,,901122011,Y,20260801,001598-00,UNIVERSITY OF GEORGIA,GA,4,Public,20260512,20260803,H,B,INTENDED EXERCISE AND SPORT SC,310505,,,N,,,,,,,,,,,1
,GABRIELLE,A,HENNINGHAM,,901122011,Y,20260801,001598-00,UNIVERSITY OF GEORGIA,GA,4,Public,20260804,20261231,F,B,INTENDED EXERCISE AND SPORT SC,310505,,,N,,,,,,,,,,,1
,JENNIFER,M,TUDOR,,901122750,N,20260801,,,,,,,,,,,,,,N,,,,,,,,,,,
,CHARLES,N,CHAPMAN,,900964107,N,20260801,,,,,,,,,,,,,,N,,,,,,,,,,,
,ANDREA,N,NIX,,900964902,N,20260801,,,,,,,,,,,,,,N,,,,,,,,,,,
,TATE,M,BROOKS,,900991697,N,20260801,,,,,,,,,,,,,,N,,,,,,,,,,,
,ARTHUR,D,PIRKLE,,900968264,N,20260801,,,,,,,,,,,,,,N,,,,,,,,,,,
,LAKEITA,D,SERVANCE,,900972438,N,20260801,,,,,,,,,,,,,,N,,,,,,,,,,,
,KATELYN,E,OKES,,900999616,N,20260801,,,,,,,,,,,,,,N,,,,,,,,,,,
,CONNOR,L,WHEELER,,900984540,N,20260801,,,,,,,,,,,,,,N,,,,,,,,,,,
,AUBREY,E,HARPER,,901005729,Y,20260801,001598-00,UNIVERSITY OF GEORGIA,GA,4,Public,20260512,20260803,H,B,INTENDED DIETETICS,301901,,,N,,,,,,,,,,,1
,AUBREY,E,HARPER,,901005729,Y,20260801,001598-00,UNIVERSITY OF GEORGIA,GA,4,Public,20260804,20261231,F,B,INTENDED DIETETICS,301901,,,N,,,,,,,,,,,1
,JEMIMA,D,ATIBI-BROWN,,901013397,N,20260801,,,,,,,,,,,,,,N,,,,,,,,,,,
,GAVIN,A,CASEY,,901016175,Y,20260801,001598-00,UNIVERSITY OF GEORGIA,GA,4,Public,20260512,20260803,H,B,FINANCE,520801,,,N,,,,,,,,,,,1
,GAVIN,A,CASEY,,901016175,Y,20260801,001598-00,UNIVERSITY OF GEORGIA,GA,4,Public,20260804,20261231,F,B,FINANCE,520801,,,N,,,,,,,,,,,1
,MORGAN,,SHAGINAW,,901057435,N,20260801,,,,,,,,,,,,,,N,,,,,,,,,,,
,TIA,M,STRICKLAND,,901061685,N,20260801,,,,,,,,,,,,,,N,,,,,,,,,,,
,JARRETT,S,CARTER,,901066128,N,20260801,,,,,,,,,,,,,,N,,,,,,,,,,,
,KIARA,,DELGADO-VARGAS,,901033607,N,20260801,,,,,,,,,,,,,,N,,,,,,,,,,,
,NELSY,G,ROJAS ARRIVILLAGA,,901083471,N,20260801,,,,,,,,,,,,,,N,,,,,,,,,,,
,WILLIAM,S,STEELE,,901095685,N,20260801,,,,,,,,,,,,,,N,,,,,,,,,,,
,DEVIN,K,WARD,,901043652,N,20260801,,,,,,,,,,,,,,N,,,,,,,,,,,
,ELLIE,G,FELLERS,,901046554,Y,20260801,001577-00,KENNESAW STATE UNIVERSITY,GA,4,Public,20260824,20261214,H,B,MANAGEMENT INTEREST,520201,,,N,,,,,,,,,,,1
,AARON,,CHEN,,901123750,N,20260801,,,,,,,,,,,,,,N,,,,,,,,,,,
,CHLOE,L,PETERS,,901123791,N,20260801,,,,,,,,,,,,,,N,,,,,,,,,,,
,JOYATTA,Q,LYLE,,901123930,Y,20260801,001556-00,BRENAU UNIVERSITY,GA,4,Private,20260504,20260814,H,R,HUMAN RESOURCE MGMT-BBA,521001,,,N,,,,,,,,,,,1
,JOYATTA,Q,LYLE,,901123930,Y,20260801,001556-00,BRENAU UNIVERSITY,GA,4,Private,20260817,20261204,Q,R,HUMAN RESOURCE MGMT-BBA,521001,,,N,,,,,,,,,,,1
,VICTORIA,I,PLASCENCIA,,901052009,N,20260801,,,,,,,,,,,,,,N,,,,,,,,,,,
,MARGARET,J,MCKENZIE,,901124441,Y,20260801,001598-00,UNIVERSITY OF GEORGIA,GA,4,Public,20260512,20260803,H,B,INTENDED MARKETING,521401,,,N,,,,,,,,,,,1
,MARGARET,J,MCKENZIE,,901124441,Y,20260801,001598-00,UNIVERSITY OF GEORGIA,GA,4,Public,20260804,20261231,F,B,INTENDED MARKETING,521401,,,N,,,,,,,,,,,1
,CAITLYN,,CLOUD-MORTON,,900742639,N,20260801,,,,,,,,,,,,,,N,,,,,,,,,,,
,SALVADOR,P,DIAZ,,900317080,N,20260801,,,,,,,,,,,,,,N,,,,,,,,,,,
,SYDNEY,L,VINSON,,900973166,N,20260801,,,,,,,,,,,,,,N,,,,,,,,,,,
,DEVIN,M,PRINCE,,900978539,N,20260801,,,,,,,,,,,,,,N,,,,,,,,,,,
,KAYLA,J,HERNANDEZ,,901001173,Y,20260801,001580-00,MERCER UNIVERSITY,GA,4,Private,20260510,20260810,L,R,,260101,,,N,,,,,,,,,,,1
,ERIKA,R,SNOW,,901002593,N,20260801,,,,,,,,,,,,,,N,,,,,,,,,,,
,JORDAN,T,STEFL,,900984545,N,20260801,,,,,,,,,,,,,,N,,,,,,,,,,,
,SAMUEL,H,WEAVER,,901004871,N,20260801,,,,,,,,,,,,,,N,,,,,,,,,,,
,SEAN,T,CHEN,,901028602,N,20260801,,,,,,,,,,,,,,N,,,,,,,,,,,
,ALANA,E,THOMAS,,901056746,N,20260801,,,,,,,,,,,,,,N,,,,,,,,,,,
,JHALIN,,HOOKS,,901061673,N,20260801,,,,,,,,,,,,,,N,,,,,,,,,,,
,ANNALISE,C,BLACK,,901083533,Y,20260801,001598-00,UNIVERSITY OF GEORGIA,GA,4,Public,20260804,20261231,F,B,INTENDED EXERCISE AND SPORT SC,310505,,,N,,,,,,,,,,,1
,HADLEY,M,THRASHER,,901084051,Y,20260801,001585-00,UNIVERSITY OF NORTH GEORGIA,GA,4,Public,20260810,20261204,H,A,ENGLISH EDUC PATHWAY,240101,,,N,,,,,,,,,,,1
,BLAKE,W,PITTMAN,,901105678,Y,20260801,001604-00,YOUNG HARRIS COLLEGE,GA,4,Private,20260817,20261211,F,,,,,,N,,,,,,,,,,,1
,JAMES,W,LOVE,,901049491,Y,20260801,001598-00,UNIVERSITY OF GEORGIA,GA,4,Public,20260804,20261231,F,B,INTENDED ELECTRCL ELECTRON ENG,141001,,,N,,,,,,,,,,,1
,LAURA,S,CALL GOMEZ,,901122984,N,20260801,,,,,,,,,,,,,,N,,,,,,,,,,,
,JOHN,G,PSOMIADIS,,901051765,Y,20260801,001574-00,GEORGIA STATE UNIVERSITY,GA,4,Public,20260824,20261215,F,S,BIOLOGICAL SCIENCE,260101,,,N,,,,,,,,,,,1
,RYANN,,CROOMS,,901124450,Y,20260801,001598-00,UNIVERSITY OF GEORGIA,GA,4,Public,20260512,20260803,F,B,PSYCHOLOGY,420101,,,N,,,,,,,,,,,1
,RYANN,,CROOMS,,901124450,Y,20260801,001598-00,UNIVERSITY OF GEORGIA,GA,4,Public,20260804,20261231,F,B,PSYCHOLOGY,420101,,,N,,,,,,,,,,,1
,ZOE,,ERGAS,,901126341,Y,20260801,001598-00,UNIVERSITY OF GEORGIA,GA,4,Public,20260804,20261231,F,B,THEATRE,500501,,,N,,,,,,,,,,,1
,JESSE,B,ARMOUR,,900506363,N,20260801,,,,,,,,,,,,,,N,,,,,,,,,,,
,NAYDELIN,B,TREJO MARTINEZ,,900961773,N,20260801,,,,,,,,,,,,,,N,,,,,,,,,,,
,SILAS,R,WOOD,,900967085,N,20260801,,,,,,,,,,,,,,N,,,,,,,,,,,
,ERIC,,RAMOS,,901124538,Y,20260801,001598-00,UNIVERSITY OF GEORGIA,GA,4,Public,20260512,20260803,F,B,INTENDED FINANCE,520801,INTENDED INTERNATIONAL BUS,521101,N,,,,,,,,,,,1
,ERIC,,RAMOS,,901124538,Y,20260801,001598-00,UNIVERSITY OF GEORGIA,GA,4,Public,20260804,20261231,F,B,INTENDED FINANCE,520801,INTENDED INTERNATIONAL BUS,521101,N,,,,,,,,,,,1
,SAKETH,,VENKATESH,,901110067,Y,20260801,001598-00,UNIVERSITY OF GEORGIA,GA,4,Public,20260804,20261231,F,B,MATHEMATICS,270101,INTENDED COMP SYS ENGINEERING,140901,N,,,,,,,,,,,1
,JACKSON,R,HOOD,,901081101,Y,20260801,001598-00,UNIVERSITY OF GEORGIA,GA,4,Public,20260804,20261231,F,B,INTENDED MANAGEMENT,520201,,,N,,,,,,,,,,,1
,KEZIAH,,NIMO,,901115699,Y,20260801,001569-00,GEORGIA INSTITUTE OF TECHNOLOGY,GA,4,Public,20260518,20260806,H,B,CHEMICAL AND BIOMOLECULAR ENG,140701,,,N,,,,,,,,,,,1
,KERA,F,EIFERT,,900971137,N,20260801,,,,,,,,,,,,,,N,,,,,,,,,,,
,AUDREY,C,WATKINS,,900973547,N,20260801,,,,,,,,,,,,,,N,,,,,,,,,,,
,LEVI,D,POPHAM,,900974714,N,20260801,,,,,,,,,,,,,,N,,,,,,,,,,,
,ANNA,B,TURNER,,901001701,Y,20260801,001554-00,BERRY COLLEGE,GA,4,Private,20260824,20261211,F,J,NURSING,513801,,,N,,,,,,,,,,,1
,VINCENT,J,MANGUNO,,901005380,N,20260801,,,,,,,,,,,,,,N,,,,,,,,,,,
,BLAKE,,AMOS,,901027422,Y,20260801,001009-00,AUBURN UNIVERSITY,AL,4,Public,20260817,20261211,F,B,ACCOUNTANCY,520301,,,N,,,,,,,,,,,1
,KYLIANNE,J,BROWN,,901029222,Y,20260801,001598-00,UNIVERSITY OF GEORGIA,GA,4,Public,20260512,20260803,H,B,POULTRY SCIENCE,010907,,,N,,,,,,,,,,,1
,KYLIANNE,J,BROWN,,901029222,Y,20260801,001598-00,UNIVERSITY OF GEORGIA,GA,4,Public,20260804,20261231,F,B,POULTRY SCIENCE,010907,,,N,,,,,,,,,,,1
,MASARATH,,IFTEQUAR,,901054619,N,20260801,,,,,,,,,,,,,,N,,,,,,,,,,,
,PAYTON,S,PENDERGRAFT,,901030543,Y,20260801,001009-00,AUBURN UNIVERSITY,AL,4,Public,20260518,20260807,H,B,MANAGEMENT,520201,,,N,,,,,,,,,,,1
,PAYTON,S,PENDERGRAFT,,901030543,Y,20260801,001009-00,AUBURN UNIVERSITY,AL,4,Public,20260817,20261211,F,B,MANAGEMENT,520201,,,N,,,,,,,,,,,1
,HANNAH,R,GEE,,901031296,Y,20260801,001598-00,UNIVERSITY OF GEORGIA,GA,4,Public,20260804,20261231,F,B,INTENDED BIOCHEM ENGINEERING,144301,,,N,,,,,,,,,,,1
,ALEX,E,BLACK,,901018512,Y,20260801,001556-00,BRENAU UNIVERSITY,GA,4,Private,20260817,20261204,H,R,BIOLOGY,260101,,,N,,,,,,,,,,,1
,EMMAGRACE,R,PANKEY,,901065000,N,20260801,,,,,,,,,,,,,,N,,,,,,,,,,,
,MADISON,R,ANDERSON,,901033512,Y,20260801,001481-00,FLORIDA ATLANTIC UNIVERSITY,FL,4,Public,20260822,20261216,F,S,PRE BUSINESS,520201,,,N,,,,,,,,,,,1
,ADAM,,CARPENTER,,901073005,N,20260801,,,,,,,,,,,,,,N,,,,,,,,,,,
,ROBERT,S,ASANGBAH,,901089909,N,20260801,,,,,,,,,,,,,,N,,,,,,,,,,,
,ALAINA,N,HARRIS,,901090109,Y,20260801,001598-00,UNIVERSITY OF GEORGIA,GA,4,Public,20260804,20261231,F,B,INTENDED MARKETING,521401,,,N,,,,,,,,,,,1
,SUNNY,O,ONUOHA,,901039853,N,20260801,,,,,,,,,,,,,,N,,,,,,,,,,,
,MILES,W,HARRISON,,901041756,N,20260801,,,,,,,,,,,,,,N,,,,,,,,,,,
,REBEKAH,,BURD,,901092645,N,20260801,,,,,,,,,,,,,,N,,,,,,,,,,,
,ABBY,C,HARBER,,901043166,N,20260801,,,,,,,,,,,,,,N,,,,,,,,,,,
,RENE,A,LINARES-VEGA,,901045493,N,20260801,,,,,,,,,,,,,,N,,,,,,,,,,,
,COOPER,,BERNATH,,901121757,Y,20260801,001598-00,UNIVERSITY OF GEORGIA,GA,4,Public,20260512,20260803,H,B,INTENDED FINANCE,520801,INTENDED REAL ESTATE,521501,N,,,,,,,,,,,1
,COOPER,,BERNATH,,901121757,Y,20260801,001598-00,UNIVERSITY OF GEORGIA,GA,4,Public,20260804,20261231,F,B,INTENDED FINANCE,520801,INTENDED REAL ESTATE,521501,N,,,,,,,,,,,1
,MYA,G,TOWNES,,901123681,Y,20260801,001598-00,UNIVERSITY OF GEORGIA,GA,4,Public,20260804,20261231,F,B,CONSUMER ECONOMICS,190402,,,N,,,,,,,,,,,1
,AARON,M,JOSEPH,,901126589,N,20260801,,,,,,,,,,,,,,N,,,,,,,,,,,
,FAITH,M,TATE,,900733592,N,20260801,,,,,,,,,,,,,,N,,,,,,,,,,,
,MICHAEL,R,TALLENT,,900961968,N,20260801,,,,,,,,,,,,,,N,,,,,,,,,,,
,HANNAH,E,BROOKS,,900965318,N,20260801,,,,,,,,,,,,,,N,,,,,,,,,,,
,LINDSEY,J,LEBARON,,900876800,N,20260801,,,,,,,,,,,,,,N,,,,,,,,,,,
,JACK,C,HACKER,,900930906,N,20260801,,,,,,,,,,,,,,N,,,,,,,,,,,
,MACIE,E,MARSTON,,900871866,N,20260801,,,,,,,,,,,,,,N,,,,,,,,,,,
,GUY,C,HAMMOND,,900995924,N,20260801,,,,,,,,,,,,,,N,,,,,,,,,,,
,TALYA,A,DEMARCO,,901000643,Y,20260801,001535-00,UNIVERSITY OF FLORIDA,FL,4,Public,20260820,20261202,F,J,APPLIED PHYSIOLGY & KINESIOLGY,260908,,,N,,,,,,,,,,,1
,JESSICA,,ACORD,,901001888,Y,20260801,001588-00,PIEDMONT UNIVERSITY,GA,4,Private,20260812,20261208,H,,FORENSIC SCIENCE,430406,,,N,,,,,,,,,,,1
,LANA,T,ELLIS,,901004665,Y,20260801,001598-00,UNIVERSITY OF GEORGIA,GA,4,Public,20260804,20261231,F,B,INTENDED ACCOUNTING,520301,,,N,,,,,,,,,,,1
,HAILEE,J,LINDAS,,900990252,N,20260801,,,,,,,,,,,,,,N,,,,,,,,,,,
,CHASE,K,PHONGSAVANH,,901029845,Y,20260801,001052-00,UNIVERSITY OF ALABAMA BIRMINGHAM-TRADITIONAL,AL,4,Public,20260824,20261211,F,R,IMMUNOLOGY,260507,,,N,,,,,,,,,,,1
,ELIZABETH,C,SHEPHERD,,901030561,N,20260801,,,,,,,,,,,,,,N,,,,,,,,,,,
,JORDAN,G,NOACK,,901068218,N,20260801,,,,,,,,,,,,,,N,,,,,,,,,,,
,ANDREW,H,CHANG,,901034533,Y,20260801,001598-00,UNIVERSITY OF GEORGIA,GA,4,Public,20260804,20261231,F,B,INTENDED ACCOUNTING,520301,,,N,,,,,,,,,,,1
,KATELYN,M,TILLOTSON,,901036399,N,20260801,,,,,,,,,,,,,,N,,,,,,,,,,,
,ANNA,J,RENEMAN,,901086955,N,20260801,,,,,,,,,,,,,,N,,,,,,,,,,,
,JACK,W,IMBACH,,901085365,N,20260801,,,,,,,,,,,,,,N,,,,,,,,,,,
,SIDNEY,T,JOHNSON,,901087924,N,20260801,,,,,,,,,,,,,,N,,,,,,,,,,,
,TRACY,,DING,,901088036,N,20260801,,,,,,,,,,,,,,N,,,,,,,,,,,
,ANNA,E,CORDOVA-BERGH,,901089250,Y,20260801,001598-00,UNIVERSITY OF GEORGIA,GA,4,Public,20260804,20261231,F,B,NUTRITIONAL SCIENCES,301901,,,N,,,,,,,,,,,1
,VICTORIA,G,GREER,,901118085,N,20260801,,,,,,,,,,,,,,N,,,,,,,,,,,
,EVELYN,G,AKSELSEN,,901081754,Y,20260801,001598-00,UNIVERSITY OF GEORGIA,GA,4,Public,20260804,20261231,F,B,BIOLOGY,260101,,,N,,,,,,,,,,,1
,SOFIA,E,SLAVOV,,901124577,Y,20260801,001598-00,UNIVERSITY OF GEORGIA,GA,4,Public,20260804,20261231,F,B,INTENDED ECONOMICS,520601,,,N,,,,,,,,,,,1
,DANIEL,,BAUTISTA,,900767868,N,20260801,,,,,,,,,,,,,,N,,,,,,,,,,,
,ALEXIS,J,POOLE,,900779460,N,20260801,,,,,,,,,,,,,,N,,,,,,,,,,,
,NOAH,S,LANE,,900784920,N,20260801,,,,,,,,,,,,,,N,,,,,,,,,,,
,MARCO,A,MENDOZA,,900916018,N,20260801,,,,,,,,,,,,,,N,,,,,,,,,,,
,HAYLEY,,KUYKENDALL,,900957798,N,20260801,,,,,,,,,,,,,,N,,,,,,,,,,,
,DANIEL,A,CLARK,,900930249,Y,20260801,001598-00,UNIVERSITY OF GEORGIA,GA,4,Public,20260804,20261231,F,B,INTENDED MANAGEMENT,520201,,,N,,,,,,,,,,,1
,ERIC,J,GARNER,,900962373,Y,20260801,001598-00,UNIVERSITY OF GEORGIA,GA,4,Public,20260512,20260803,F,B,AGRIBUSINESS,010102,,,N,,,,,,,,,,,1
,ERIC,J,GARNER,,900962373,Y,20260801,001598-00,UNIVERSITY OF GEORGIA,GA,4,Public,20260804,20261231,F,B,AGRIBUSINESS,010102,,,N,,,,,,,,,,,1
,KATHERINE,A,BUFFINGTON,,900821582,N,20260801,,,,,,,,,,,,,,N,,,,,,,,,,,
,YARELI,,ORTEGA-ESCAMILLA,,900962884,N,20260801,,,,,,,,,,,,,,N,,,,,,,,,,,
,JOHN,T,ADAMS,,900964308,N,20260801,,,,,,,,,,,,,,N,,,,,,,,,,,
,JEFFREY,P,MALINEN,,900964575,N,20260801,,,,,,,,,,,,,,N,,,,,,,,,,,
,BETH,L,PAYNE,,900946544,N,20260801,,,,,,,,,,,,,,N,,,,,,,,,,,
,KATHERINE,H,COLLIER,,900975266,Y,20260801,001554-00,BERRY COLLEGE,GA,4,Private,20260518,20260814,H,R,MANAGEMENT,520201,,,N,,,,,,,,,,,1
,KATHERINE,H,COLLIER,,900975266,Y,20260801,001554-00,BERRY COLLEGE,GA,4,Private,20260824,20261211,Q,R,MANAGEMENT,520201,,,N,,,,,,,,,,,1
,WILLIAM,A,GREENE,,900975918,N,20260801,,,,,,,,,,,,,,N,,,,,,,,,,,
,DANIEL,A,SILVA,,900982575,N,20260801,,,,,,,,,,,,,,N,,,,,,,,,,,
,ALEX,,HUYNH,,901010206,N,20260801,,,,,,,,,,,,,,N,,,,,,,,,,,
,OLIVIA,G,RIMAR,,901054490,Y,20260801,001598-00,UNIVERSITY OF GEORGIA,GA,4,Public,20260804,20261231,F,B,INTENDED MANAGEMENT,520201,,,N,,,,,,,,,,,1
,ORIANA,M,HORNBECK,,901018513,N,20260801,,,,,,,,,,,,,,N,,,,,,,,,,,
,BENTON,A,STREUBER,,901061688,Y,20260801,003448-00,UNIVERSITY OF SOUTH CAROLINA,SC,4,Public,20260816,20261214,F,S,COMMUNICATION,090100,,,N,,,,,,,,,,,1
,CHERYL,,ENNIS,,901083444,N,20260801,,,,,,,,,,,,,,N,,,,,,,,,,,
,LANDON,A,JOHNSON,,901086794,N,20260801,,,,,,,,,,,,,,N,,,,,,,,,,,
,EMILY,J,PETERSON,,901039549,Y,20260801,001577-00,KENNESAW STATE UNIVERSITY,GA,4,Public,20260824,20261214,F,B,SPORT MANAGEMENT INTEREST,310504,,,N,,,,,,,,,,,1
,MAKAILEY,L,CARTHEN,,901073861,N,20260801,,,,,,,,,,,,,,N,,,,,,,,,,,
,BENJAMIN,M,PIERCE,,900913056,N,20260801,,,,,,,,,,,,,,N,,,,,,,,,,,
,PETER,N,TILLER,,901116909,Y,20260801,001569-00,GEORGIA INSTITUTE OF TECHNOLOGY,GA,4,Public,20260518,20260806,F,B,INDUSTRIAL ENGINEERING,143501,,,N,,,,,,,,,,,1
,ANNABELLE,E,PARKER,,901118091,N,20260801,,,,,,,,,,,,,,N,,,,,,,,,,,
,ANN,,DANIEL,,901092312,Y,20260801,001598-00,UNIVERSITY OF GEORGIA,GA,4,Public,20260512,20260803,F,B,ANIMAL BIOSCIENCES,260701,,,N,,,,,,,,,,,1
,ANN,,DANIEL,,901092312,Y,20260801,001598-00,UNIVERSITY OF GEORGIA,GA,4,Public,20260804,20261231,Q,B,ANIMAL BIOSCIENCES,260701,,,N,,,,,,,,,,,1
,CHARLES,J,KIRCHNER,,901048205,Y,20260801,001586-00,OGLETHORPE UNIVERSITY,GA,4,Private,20260518,20260807,L,F,,,,,N,,,,,,,,,,,1
,CHARLES,J,KIRCHNER,,901048205,Y,20260801,001598-00,UNIVERSITY OF GEORGIA,GA,4,Public,20260804,20261231,F,B,AGRIBUSINESS,010102,,,N,,,,,,,,,,,2
,ALAINA,E,LANDING,,901108083,Y,20260801,001598-00,UNIVERSITY OF GEORGIA,GA,4,Public,20260512,20260803,H,B,INTENDED MECHANICAL ENG,141901,,,N,,,,,,,,,,,1
,ALAINA,E,LANDING,,901108083,Y,20260801,001598-00,UNIVERSITY OF GEORGIA,GA,4,Public,20260804,20261231,F,B,INTENDED CIVIL ENGINEERING,140801,,,N,,,,,,,,,,,1
,VALERIE,,CRUZ,,900974842,N,20260801,,,,,,,,,,,,,,N,,,,,,,,,,,
,GRACE,A,RIES,,900985289,N,20260801,,,,,,,,,,,,,,N,,,,,,,,,,,
,GRIFFIN,P,EVJE,,901007143,N,20260801,,,,,,,,,,,,,,N,,,,,,,,,,,
,TEAGAN,E,LAMP,,901029411,Y,20260801,001574-00,GEORGIA STATE UNIVERSITY,GA,4,Public,20260824,20261215,Q,J,INTERDISCIPLINARY STUDIES,309999,,,N,,,,,,,,,,,1
,ELIJAH,C,MISCALL,,901015233,Y,20260801,001598-00,UNIVERSITY OF GEORGIA,GA,4,Public,20260804,20261231,Q,B,AGRIBUSINESS,010102,,,N,,,,,,,,,,,1
,SAMUEL,R,CLARK,,901060086,Y,20260801,001598-00,UNIVERSITY OF GEORGIA,GA,4,Public,20260804,20261231,F,B,INTENDED DIETETICS,301901,,,N,,,,,,,,,,,1
,ADAM,,MURPHY,,901064104,N,20260801,,,,,,,,,,,,,,N,,,,,,,,,,,
,PHILIP,E,PROCTOR,,901067829,N,20260801,,,,,,,,,,,,,,N,,,,,,,,,,,
,DONATELLA,F,NJIKA,,901022624,N,20260801,,,,,,,,,,,,,,N,,,,,,,,,,,
,GRAYDON,C,BROMS,,901038551,N,20260801,,,,,,,,,,,,,,N,,,,,,,,,,,
,WILMER,,CASAS-RAMIREZ,,901039002,Y,20260801,001598-00,UNIVERSITY OF GEORGIA,GA,4,Public,20260804,20261231,F,B,AGRIBUSINESS,010102,,,N,,,,,,,,,,,1
,WILLIAM,C,DANIELS,,901085795,N,20260801,,,,,,,,,,,,,,N,,,,,,,,,,,
,AFRAH,,AIMEN,,901088035,N,20260801,,,,,,,,,,,,,,N,,,,,,,,,,,
,SHELBY,R,VALDUGA,,901040723,Y,20260801,001598-00,UNIVERSITY OF GEORGIA,GA,4,Public,20260804,20261231,F,B,INTENDED MARKETING,521401,,,N,,,,,,,,,,,1
,VEDANTH,A,KUMARAN,,901117417,N,20260801,,,,,,,,,,,,,,N,,,,,,,,,,,
,ANGIE,,VAZQUEZ,,901076394,Y,20260801,001585-00,UNIVERSITY OF NORTH GEORGIA,GA,4,Public,20260810,20261204,L,B,INTERDISCIPLINARY STUDIES,240102,,,N,,,,,,,,,,,1
,JONATHAN,E,ROJAS,,901099640,N,20260801,,,,,,,,,,,,,,N,,,,,,,,,,,
,CONNOR,D,THOMPSON,,901102820,Y,20260801,001598-00,UNIVERSITY OF GEORGIA,GA,4,Public,20260512,20260803,H,B,NUTRITIONAL SCIENCES,301901,UNSPECIFIED,240102,N,,,,,,,,,,,1
,CONNOR,D,THOMPSON,,901102820,Y,20260801,001598-00,UNIVERSITY OF GEORGIA,GA,4,Public,20260804,20261231,F,B,NUTRITIONAL SCIENCES,301901,UNSPECIFIED,240102,N,,,,,,,,,,,1
,ETHAN,R,STOUT,,901044572,N,20260801,,,,,,,,,,,,,,N,,,,,,,,,,,
,TORIANA,R,MULLINS,,901119608,N,20260801,,,,,,,,,,,,,,N,,,,,,,,,,,
,SAMANTHA,K,LAFLAMME,,901046116,Y,20260801,001598-00,UNIVERSITY OF GEORGIA,GA,4,Public,20260804,20261231,F,B,FURNISHINGS AND INTERIORS,190601,,,N,,,,,,,,,,,1
,JONATHAN,,RAMIREZ-LUVIANO,,901047734,Y,20260801,001577-00,KENNESAW STATE UNIVERSITY,GA,4,Public,20260824,20261214,F,B,CIVIL ENGINEERING,140801,,,N,,,,,,,,,,,1
,MARGARET,,NORMAN,,901122488,Y,20260801,001009-00,AUBURN UNIVERSITY,AL,4,Public,20260817,20261211,F,B,MARKETING,521401,,,N,,,,,,,,,,,1
,RONNIE,,AMRANI,,901122770,Y,20260801,001569-00,GEORGIA INSTITUTE OF TECHNOLOGY,GA,4,Public,20260518,20260806,L,B,INDUSTRIAL ENGINEERING,143501,,,N,,,,,,,,,,,1
,LIAM,,PHAM,,901123816,N,20260801,,,,,,,,,,,,,,N,,,,,,,,,,,
,JOEL,J,MCKENNEY,,901052596,Y,20260801,001598-00,UNIVERSITY OF GEORGIA,GA,4,Public,20260804,20261231,F,B,INTENDED MECHANICAL ENG,141901,,,N,,,,,,,,,,,1
,BENJAMIN,B,LEDFORD,,900555655,N,20260801,,,,,,,,,,,,,,N,,,,,,,,,,,
,COLTON,J,RUCKER,,901080756,Y,20260801,001598-00,UNIVERSITY OF GEORGIA,GA,4,Public,20260804,20261231,F,B,EXERCISE AND SPORT SCIENCE,310505,,,N,,,,,,,,,,,1
,TOYE,J,SALAMI,,901112252,Y,20260801,001569-00,GEORGIA INSTITUTE OF TECHNOLOGY,GA,4,Public,20260518,20260806,H,B,INDUSTRIAL ENGINEERING,143501,,,N,,,,,,,,,,,1
,VINCENT,H,NGUYEN,,901115736,N,20260801,,,,,,,,,,,,,,N,,,,,,,,,,,
,MEGAN,G,COLLINS,,900489045,N,20260801,,,,,,,,,,,,,,N,,,,,,,,,,,
,ANNA,S,FOWLER,,900932319,N,20260801,,,,,,,,,,,,,,N,,,,,,,,,,,
,ALEXANDER,D,SCHOOLCRAFT,,900843199,N,20260801,,,,,,,,,,,,,,N,,,,,,,,,,,
,SETH,R,BURKE,,900979666,N,20260801,,,,,,,,,,,,,,N,,,,,,,,,,,
,SOPHIA,N,ARMOUR,,901001374,N,20260801,,,,,,,,,,,,,,N,,,,,,,,,,,
,WILLIAM,D,HARRELL,,900982347,N,20260801,,,,,,,,,,,,,,N,,,,,,,,,,,
,GRIFFIN,P,KELLER,,901123295,N,20260801,,,,,,,,,,,,,,N,,,,,,,,,,,
,NATALIE,,KIM,,901124535,Y,20260801,001598-00,UNIVERSITY OF GEORGIA,GA,4,Public,20260512,20260803,H,B,BIOMEDICAL PHYSIOLOGY,260901,,,N,,,,,,,,,,,1
,NATALIE,,KIM,,901124535,Y,20260801,001598-00,UNIVERSITY OF GEORGIA,GA,4,Public,20260804,20261231,F,B,BIOMEDICAL PHYSIOLOGY,260901,,,N,,,,,,,,,,,1
,SUSANNAH,H,REEVES,,901124782,N,20260801,,,,,,,,,,,,,,N,,,,,,,,,,,
,BAILEE,,PORTERFIELD,,901126330,N,20260801,,,,,,,,,,,,,,N,,,,,,,,,,,
,WYLLEIGH CHRYST,B,PAYUMO,,900948432,N,20260801,,,,,,,,,,,,,,N,,,,,,,,,,,
,MEGAN,E,AKRIDGE,,900968297,N,20260801,,,,,,,,,,,,,,N,,,,,,,,,,,
,SAMUEL,N,CARTER,,900974476,N,20260801,,,,,,,,,,,,,,N,,,,,,,,,,,
,ASHER,B,DINGMORE,,900986609,N,20260801,,,,,,,,,,,,,,N,,,,,,,,,,,
,KARA,I,IVEY,,900988055,N,20260801,,,,,,,,,,,,,,N,,,,,,,,,,,
,WILLIAM,A,AMPARAN,,900986655,N,20260801,,,,,,,,,,,,,,N,,,,,,,,,,,
,DAVID,G,COX,,900987295,Y,20260801,001577-00,KENNESAW STATE UNIVERSITY,GA,4,Public,20260824,20261214,F,B,MECHANICAL ENGINEERING,141901,,,N,,,,,,,,,,,1
,ANA,J,DEBARROS,,901054753,Y,20260801,001598-00,UNIVERSITY OF GEORGIA,GA,4,Public,20260804,20261231,F,B,INTENDED MGMT INFO SYSTEMS,521201,,,N,,,,,,,,,,,1
,AZIA,C,LAWRENCE,,901029944,N,20260801,,,,,,,,,,,,,,N,,,,,,,,,,,
,IVEY,M,SWANSON,,901031671,N,20260801,,,,,,,,,,,,,,N,,,,,,,,,,,
,DAMYA,,STEPHENS,,901019550,N,20260801,,,,,,,,,,,,,,N,,,,,,,,,,,
,TIERRA,S,ARTIS,,901062239,N,20260801,,,,,,,,,,,,,,N,,,,,,,,,,,
,DALTON,J,COHEN,,901021042,Y,20260801,001598-00,UNIVERSITY OF GEORGIA,GA,4,Public,20260804,20261231,F,B,MECHANICAL ENGINEERING,141901,CERT AEROSPACE ENGINEERING,140201,N,,,,,,,,,,,1
,JOHN,D,PEACOCK,,901021600,Y,20260801,001554-00,BERRY COLLEGE,GA,4,Private,20260824,20261211,F,J,MANAGEMENT,520201,,,N,,,,,,,,,,,1
,AVA,M,SMITH,,901055258,N,20260801,,,,,,,,,,,,,,N,,,,,,,,,,,
,LANDON,A,TENCH,,901030963,N,20260801,,,,,,,,,,,,,,N,,,,,,,,,,,
,DAN,K,DIASA,,901020978,Y,20260801,001577-00,KENNESAW STATE UNIVERSITY,GA,4,Public,20260824,20261214,F,B,MECHANICAL ENGINEERING,141901,,,N,,,,,,,,,,,1
,ISABELLA,V,CARUSO,,901034311,N,20260801,,,,,,,,,,,,,,N,,,,,,,,,,,
,DEVANSH,,BHORIWAL,,901091969,Y,20260801,001569-00,GEORGIA INSTITUTE OF TECHNOLOGY,GA,4,Public,20260518,20260806,L,N,SPECIAL NON DEGREE,240102,,,N,,,,,,,,,,,1
,CAROLINE,E,BACKUS,,901092928,Y,20260801,003530-00,UNIVERSITY OF TENNESSEE,TN,4,Public,20260526,20260811,L,S,CHEMICAL ENGINEERING,140701,,,N,,,,,,,,,,,1
,AMBER,,MYERS,,901094391,N,20260801,,,,,,,,,,,,,,N,,,,,,,,,,,
,JESSICA,,MOYNIHAN,,901096497,Y,20260801,003800-00,WASHINGTON STATE UNIVERSITY- PULLMAN,WA,4,Public,20260824,20261218,F,S,UNDERGRADUATE DEGREE-SEEKING,,,,N,,,,,,,,,,,1
,RILEY,,LAMB,,901044035,Y,20260801,001598-00,UNIVERSITY OF GEORGIA,GA,4,Public,20260804,20261231,H,B,INTENDED MANAGEMENT,520201,,,N,,,,,,,,,,,1
,SYDNEY,R,MELTON,,901064093,N,20260801,,,,,,,,,,,,,,N,,,,,,,,,,,
,LOGAN,M,THOMAS,,900908872,N,20260801,,,,,,,,,,,,,,N,,,,,,,,,,,
,LINDSEY,I,CASTANEDA,,901084922,N,20260801,,,,,,,,,,,,,,N,,,,,,,,,,,
,ASHLYN,R,HALL,,901069503,N,20260801,,,,,,,,,,,,,,N,,,,,,,,,,,
,ISABELLA,,ZAMORA,,901071310,N,20260801,,,,,,,,,,,,,,N,,,,,,,,,,,
,MATILYN,E,MINER,,901086220,Y,20260801,001598-00,UNIVERSITY OF GEORGIA,GA,4,Public,20260512,20260803,F,B,NUTRITIONAL SCIENCES,301901,,,N,,,,,,,,,,,1
,MATILYN,E,MINER,,901086220,Y,20260801,001598-00,UNIVERSITY OF GEORGIA,GA,4,Public,20260804,20261231,F,B,NUTRITIONAL SCIENCES,301901,,,N,,,,,,,,,,,1
,ELLA,C,TROST,,901086551,Y,20260801,001598-00,UNIVERSITY OF GEORGIA,GA,4,Public,20260804,20261231,F,B,ENGLISH,230101,,,N,,,,,,,,,,,1
,JAMES,W,COBB,,901072744,Y,20260801,001598-00,UNIVERSITY OF GEORGIA,GA,4,Public,20260804,20261231,F,B,INTENDED FINANCE,520801,,,N,,,,,,,,,,,1
,ADAM,,HAMILTON,,901039877,N,20260801,,,,,,,,,,,,,,N,,,,,,,,,,,
,AVA,L,EVANS,,901073031,N,20260801,,,,,,,,,,,,,,N,,,,,,,,,,,
,SAMUEL,I,O'NEAL,,901073581,Y,20260801,001598-00,UNIVERSITY OF GEORGIA,GA,4,Public,20260804,20261231,F,B,INTENDED BUSINESS UNSPECIFIED,520101,,,N,,,,,,,,,,,1
,LILALEE,C,MCCARTHY,,901073755,Y,20260801,001556-00,BRENAU UNIVERSITY,GA,4,Private,20260817,20261204,F,S,BIOLOGY,260101,,,N,,,,,,,,,,,1
,JUSTIN,J,MOONEY,,901076522,N,20260801,,,,,,,,,,,,,,N,,,,,,,,,,,
,MYLES,,DAVIS,,901121114,Y,20260801,001579-00,AUGUSTA UNIVERSITY,GA,4,Public,20260518,20260806,L,B,COMPUTER SCIENCE,110101,,,N,,,,,,,,,,,1
,SUHALI,,TIRUMAREDDI,,901122311,N,20260801,,,,,,,,,,,,,,N,,,,,,,,,,,
,MCKENZIE,,POLLITT,,901115701,N,20260801,,,,,,,,,,,,,,N,,,,,,,,,,,
,AUTUMN,M,BOWMAN,,900965290,N,20260801,,,,,,,,,,,,,,N,,,,,,,,,,,
,SAMANTHA,N,CHAVIRA,,900882996,N,20260801,,,,,,,,,,,,,,N,,,,,,,,,,,
,QUINN,R,SCHAEFFER,,901118190,N,20260801,,,,,,,,,,,,,,N,,,,,,,,,,,
,JORGE,,MARTINEZ,,901047792,Y,20260801,001577-00,KENNESAW STATE UNIVERSITY,GA,4,Public,20260824,20261214,F,B,CIVIL ENGINEERING,140801,,,N,,,,,,,,,,,1
,CAROLINE,,HALLAM,,901121032,Y,20260801,001598-00,UNIVERSITY OF GEORGIA,GA,4,Public,20260512,20260803,F,B,BIOLOGICAL SCIENCE,300101,,,N,,,,,,,,,,,1
,CAROLINE,,HALLAM,,901121032,Y,20260801,001598-00,UNIVERSITY OF GEORGIA,GA,4,Public,20260804,20261231,F,B,BIOLOGICAL SCIENCE,300101,,,N,,,,,,,,,,,1
,ALEXANDRA,,MENDIOLA,,901049769,Y,20260801,001574-00,GEORGIA STATE UNIVERSITY,GA,4,Public,20260824,20261215,F,J,COMPUTER SCIENCE,110701,,,N,,,,,,,,,,,1
,SOPHIE,M,LOWERY,,901122525,Y,20260801,001598-00,UNIVERSITY OF GEORGIA,GA,4,Public,20260804,20261231,F,B,PSYCHOLOGY,420101,,,N,,,,,,,,,,,1
,JESSIE,M,HICKS,,901052555,N,20260801,,,,,,,,,,,,,,N,,,,,,,,,,,
,REBECCA,L,GRAESER,,901053058,Y,20260801,001598-00,UNIVERSITY OF GEORGIA,GA,4,Public,20260804,20261231,F,B,NUTRITIONAL SCIENCES,301901,,,N,,,,,,,,,,,1
,THOMAS,G,MACMILLAN,,901082952,Y,20260801,001585-00,UNIVERSITY OF NORTH GEORGIA,GA,4,Public,20260810,20261204,F,B,INTERDISCIPLINARY STUDIES,240102,,,N,,,,,,,,,,,1
,JUSTIN,,BURGESS,,900023746,N,20260801,,,,,,,,,,,,,,N,,,,,,,,,,,
,RHEA,,SETHI,,901002769,N,20260801,,,,,,,,,,,,,,N,,,,,,,,,,,
,BRETT,J,DALLY,,901054875,N,20260801,,,,,,,,,,,,,,N,,,,,,,,,,,
,KENDALL,R,CRABTREE,,901056657,Y,20260801,001598-00,UNIVERSITY OF GEORGIA,GA,4,Public,20260512,20260803,F,B,BIOMEDICAL PHYSIOLOGY,260901,,,N,,,,,,,,,,,1
,KENDALL,R,CRABTREE,,901056657,Y,20260801,001598-00,UNIVERSITY OF GEORGIA,GA,4,Public,20260804,20261231,F,B,BIOMEDICAL PHYSIOLOGY,260901,,,N,,,,,,,,,,,1
,MASON,A,ERICKSON,,901016157,N,20260801,,,,,,,,,,,,,,N,,,,,,,,,,,
,YASHVINI,,DONEPUDI,,901029542,Y,20260801,001598-00,UNIVERSITY OF GEORGIA,GA,4,Public,20260512,20260803,H,B,PSYCHOLOGY,420101,INTENDED BUSINESS UNSPECIFIED,520101,N,,,,,,,,,,,1
,YASHVINI,,DONEPUDI,,901029542,Y,20260801,001598-00,UNIVERSITY OF GEORGIA,GA,4,Public,20260804,20261231,F,B,PSYCHOLOGY,420101,INTENDED BUSINESS UNSPECIFIED,520101,N,,,,,,,,,,,1
,JONAH,L,CRICK,,901021213,Y,20260801,001598-00,UNIVERSITY OF GEORGIA,GA,4,Public,20260804,20261231,F,B,INTENDED COMPUTER SCIENCE,110701,,,N,,,,,,,,,,,1
,DEVIN,M,MANN,,901021467,N,20260801,,,,,,,,,,,,,,N,,,,,,,,,,,
,ALYSSA,J,SETTLES,,901062897,Y,20260801,001051-00,UNIVERSITY OF ALABAMA,AL,4,Public,20260819,20261211,F,B,CIVIL ENGINEERING,140801,,,N,,,,,,,,,,,1
,OMAR,,SHERIFF,,901062909,N,20260801,,,,,,,,,,,,,,N,,,,,,,,,,,
,KATHRYN,W,REYNOLDS,,901120002,Y,20260801,001598-00,UNIVERSITY OF GEORGIA,GA,4,Public,20260512,20260803,F,B,INTENDED MANAGEMENT,520201,INTENDED SOCIAL STUDIES EDUC,131318,N,,,,,,,,,,,1
,KATHRYN,W,REYNOLDS,,901120002,Y,20260801,001598-00,UNIVERSITY OF GEORGIA,GA,4,Public,20260804,20261231,F,B,INTENDED MANAGEMENT,520201,INTENDED SOCIAL STUDIES EDUC,131318,N,,,,,,,,,,,1
,JORDAN,L,RODGERS,,901104395,N,20260801,,,,,,,,,,,,,,N,,,,,,,,,,,
,VENUGOPALA NIKHIL,,KAPALAVAI,,901123533,Y,20260801,001598-00,UNIVERSITY OF GEORGIA,GA,4,Public,20260804,20261231,F,B,DATA SCIENCE,303001,,,N,,,,,,,,,,,1
,SAAKETH,R,SHARU,,901124723,N,20260801,,,,,,,,,,,,,,N,,,,,,,,,,,
,KERRI,,MATTHEWS,,900052490,N,20260801,,,,,,,,,,,,,,N,,,,,,,,,,,
,BENJAMIN,D,PARKER,,900775099,N,20260801,,,,,,,,,,,,,,N,,,,,,,,,,,
,PATRICK,T,DEMAIO,,900965313,N,20260801,,,,,,,,,,,,,,N,,,,,,,,,,,
,LANDEN,I,CRESS,,900295032,N,20260801,,,,,,,,,,,,,,N,,,,,,,,,,,
,MARY,C,BAKARICH,,900958692,N,20260801,,,,,,,,,,,,,,N,,,,,,,,,,,
,BENJAMIN,C,LEONARD,,900871709,N,20260801,,,,,,,,,,,,,,N,,,,,,,,,,,
,JOSEPH,L,MELTON,,900876610,Y,20260801,003998-00,CHATTANOOGA STATE COMMUNITY COLLEGE,TN,2,Public,20260511,20260807,,N,,,,,N,,,,,,,,,,,1
,MIGUEL,A,CUEVAS,,900970222,N,20260801,,,,,,,,,,,,,,N,,,,,,,,,,,
,ALFRED,L,WHITE,,901004308,N,20260801,,,,,,,,,,,,,,N,,,,,,,,,,,
,LINDSEY,N,FOSTER,,901006095,N,20260801,,,,,,,,,,,,,,N,,,,,,,,,,,
,GRAYSON,C,SMITH,,901053943,Y,20260801,001009-00,AUBURN UNIVERSITY,AL,4,Public,20260817,20261211,F,B,FINANCE,520801,,,N,,,,,,,,,,,1
,TYLER,M,STAWICKI,,901017458,N,20260801,,,,,,,,,,,,,,N,,,,,,,,,,,
,MAN,T,TA,,901059600,Y,20260801,001598-00,UNIVERSITY OF GEORGIA,GA,4,Public,20260804,20261231,F,B,INTENDED ACCOUNTING,520301,,,N,,,,,,,,,,,1
,ALAURA,J,SORIANO,,901062925,N,20260801,,,,,,,,,,,,,,N,,,,,,,,,,,
,CASSIDY,S,HARPER,,901067308,N,20260801,,,,,,,,,,,,,,N,,,,,,,,,,,
,HALLIE,A,SKELTON,,901023609,N,20260801,,,,,,,,,,,,,,N,,,,,,,,,,,
,SPENCER,S,NEWBERRY,,901071526,N,20260801,,,,,,,,,,,,,,N,,,,,,,,,,,
,TIFFANY,,EDWARDS,,901090131,N,20260801,,,,,,,,,,,,,,N,,,,,,,,,,,
,JONATHAN,W,SAYE,,901116748,N,20260801,,,,,,,,,,,,,,N,,,,,,,,,,,
,DANIEL,E,AKUSOBI,,901092396,N,20260801,,,,,,,,,,,,,,N,,,,,,,,,,,
,DANIEL,A,ESTRADA,,901099927,N,20260801,,,,,,,,,,,,,,N,,,,,,,,,,,
,MAX,E,JAREMSKI,,901045565,N,20260801,,,,,,,,,,,,,,N,,,,,,,,,,,
,SKYLAR,M,JONES,,901079177,Y,20260801,001598-00,UNIVERSITY OF GEORGIA,GA,4,Public,20260804,20261231,F,B,COMMUNICATION STUDIES,090101,,,N,,,,,,,,,,,1
,CARTER,A,HILL,,901080541,Y,20260801,001598-00,UNIVERSITY OF GEORGIA,GA,4,Public,20260804,20261231,F,B,HOSPITALITY FOOD INDUST MGMT,520901,,,N,,,,,,,,,,,1
,SOFIA,A,MILLIGAN,,901122947,Y,20260801,001598-00,UNIVERSITY OF GEORGIA,GA,4,Public,20260512,20260803,H,B,INTENDED MARKETING,521401,,,N,,,,,,,,,,,1
,SOFIA,A,MILLIGAN,,901122947,Y,20260801,001598-00,UNIVERSITY OF GEORGIA,GA,4,Public,20260804,20261231,F,B,INTENDED MARKETING,521401,,,N,,,,,,,,,,,1
,TAVARE,,BREWTON,,901124725,N,20260801,,,,,,,,,,,,,,N,,,,,,,,,,,
,BENJAMIN,,CONNELLY,,901125053,Y,20260801,001588-00,PIEDMONT UNIVERSITY,GA,4,Private,20260812,20261208,F,S,SPORTS COMMUNICATION,090906,,,N,,,,,,,,,,,1
,AUDREY,B,MCCONNELL,,900537019,N,20260801,,,,,,,,,,,,,,N,,,,,,,,,,,
,MASON,L,COKER,,900918970,N,20260801,,,,,,,,,,,,,,N,,,,,,,,,,,
,ANTHONY,D,ORZA,,900866254,N,20260801,,,,,,,,,,,,,,N,,,,,,,,,,,
,ALLISON,L,FRADY,,900830482,N,20260801,,,,,,,,,,,,,,N,,,,,,,,,,,
,KAITLYN,,ALBERTSON,,900962651,N,20260801,,,,,,,,,,,,,,N,,,,,,,,,,,
,ANNA,,CHIRILA,,901033649,N,20260801,,,,,,,,,,,,,,N,,,,,,,,,,,
,KATIE,S,WANG,,901023798,Y,20260801,001598-00,UNIVERSITY OF GEORGIA,GA,4,Public,20260512,20260803,F,B,ART,500701,,,N,,,,,,,,,,,1
,KATIE,S,WANG,,901023798,Y,20260801,001598-00,UNIVERSITY OF GEORGIA,GA,4,Public,20260804,20261231,F,B,ART,500701,,,N,,,,,,,,,,,1
,SABRINA,,LIN,,901036593,Y,20260801,001598-00,UNIVERSITY OF GEORGIA,GA,4,Public,20260804,20261231,F,B,INTENDED FINANCE,520801,,,N,,,,,,,,,,,1
,MANAN,,REHLAN,,901087378,N,20260801,,,,,,,,,,,,,,N,,,,,,,,,,,
,HUNTER,,SORRELLS,,901117925,Y,20260801,001598-00,UNIVERSITY OF GEORGIA,GA,4,Public,20260804,20261231,F,B,MECHANICAL ENGINEERING,141901,,,N,,,,,,,,,,,1
,RILEY,P,GROME,,900969281,N,20260801,,,,,,,,,,,,,,N,,,,,,,,,,,
,PRECIEUSE,L,BAKASUA,,900970051,N,20260801,,,,,,,,,,,,,,N,,,,,,,,,,,
,ALYSSA,S,PINDELL,,900971367,N,20260801,,,,,,,,,,,,,,N,,,,,,,,,,,
,MIGUEL,A,RENDON,,900972670,N,20260801,,,,,,,,,,,,,,N,,,,,,,,,,,
,ORBELIN,,CABRERA,,900998363,N,20260801,,,,,,,,,,,,,,N,,,,,,,,,,,
,JACKSON,C,HILLEY,,901003138,Y,20260801,001598-00,UNIVERSITY OF GEORGIA,GA,4,Public,20260804,20261231,F,B,ENVIRONMENTAL RESOURCE SCI,011201,,,N,,,,,,,,,,,1
,MATTHEW,T,IRVIN,,900988736,N,20260801,,,,,,,,,,,,,,N,,,,,,,,,,,
,JACOB,B,MATTHEWSON,,900988918,N,20260801,,,,,,,,,,,,,,N,,,,,,,,,,,
,MIRIAM,A,JONES,,900990266,N,20260801,,,,,,,,,,,,,,N,,,,,,,,,,,
,GRANT,C,HOOD,,901053556,Y,20260801,001572-00,GEORGIA SOUTHERN UNIVERSITY,GA,4,Public,20260819,20261205,F,B,MECHANICAL ENGINEERING,141901,,,N,,,,,,,,,,,1
,MACKENZIE,R,THORNTON,,901029973,Y,20260801,001598-00,UNIVERSITY OF GEORGIA,GA,4,Public,20260804,20261231,F,B,INTENDED DIETETICS,301901,,,N,,,,,,,,,,,1
,OLIVIA,G,LUDWIG,,901030991,N,20260801,,,,,,,,,,,,,,N,,,,,,,,,,,
,EVE,C,KNIGHT,,901058364,Y,20260801,001598-00,UNIVERSITY OF GEORGIA,GA,4,Public,20260804,20261231,F,B,INTENDED DIETETICS,301901,,,N,,,,,,,,,,,1
,EDWIN,B,CORTEZ,,901021293,N,20260801,,,,,,,,,,,,,,N,,,,,,,,,,,
,ADELINE,,WOOD,,901064178,Y,20260801,001598-00,UNIVERSITY OF GEORGIA,GA,4,Public,20260804,20261231,F,B,ANIMAL BIOSCIENCES,260701,,,N,,,,,,,,,,,1
,KHUE TRONG AN,,NGUYEN,,901084396,N,20260801,,,,,,,,,,,,,,N,,,,,,,,,,,
,YOUGYEONG,,LEE,,901084698,N,20260801,,,,,,,,,,,,,,N,,,,,,,,,,,
,CATALIN,,ANDRIAN,,901069970,N,20260801,,,,,,,,,,,,,,N,,,,,,,,,,,
,SARAH,E,BALDRIDGE,,901039854,N,20260801,,,,,,,,,,,,,,N,,,,,,,,,,,
,LOUIE,G,JUSTUS,,901040172,Y,20260801,001598-00,UNIVERSITY OF GEORGIA,GA,4,Public,20260804,20261231,F,B,POULTRY SCIENCE,010907,,,N,,,,,,,,,,,1
,JIYOON,,KIM,,901094454,N,20260801,,,,,,,,,,,,,,N,,,,,,,,,,,
,ANNA,C,PARRISH,,901043651,Y,20260801,001598-00,UNIVERSITY OF GEORGIA,GA,4,Public,20260512,20260803,F,B,HEALTH PROMOTION,512207,,,N,,,,,,,,,,,1
,JANICE,N,WILLIAMS,,901122667,N,20260801,,,,,,,,,,,,,,N,,,,,,,,,,,
,ANDREW,P,VETTESE,,901115019,Y,20260801,001598-00,UNIVERSITY OF GEORGIA,GA,4,Public,20260804,20261231,F,B,INTENDED FINANCE,520801,,,N,,,,,,,,,,,1
,MADISON,,MALCOM,,901124829,Y,20260801,002423-00,MISSISSIPPI STATE UNIVERSITY,MS,4,Public,20260819,20261210,F,B,BIOMEDICAL ENGINEERING,140501,,,N,,,,,,,,,,,1
,ELIZABETH,S,MAHAS,,901126244,N,20260801,,,,,,,,,,,,,,N,,,,,,,,,,,
,DESTINY,N,MCHANN,,900627812,N,20260801,,,,,,,,,,,,,,N,,,,,,,,,,,
,NAINA,R,REDDY,,900957197,N,20260801,,,,,,,,,,,,,,N,,,,,,,,,,,
,KYLIE,R,ADAMS,,900925242,N,20260801,,,,,,,,,,,,,,N,,,,,,,,,,,
