Your Unique Identifier,First Name,Middle Initial,Last Name,Name Suffix,Requester Return Field,Record Found Y/N,Search Date,College Code/Branch,College Name,College State,2-year / 4-year,Public / Private,Enrollment Begin,Enrollment End,Enrollment Status,Class Level,Enrollment Major 1,Enrollment CIP 1,Enrollment Major 2,Enrollment CIP 2,Graduated?,Graduation Date,Degree Title,Degree Major 1,Degree CIP 1,Degree Major 2,Degree CIP 2,Degree Major 3,Degree CIP 3,Degree Major 4,Degree CIP 4,College Sequence
,FAITH,M,VALENTINE,,900142701,N,20260801,,,,,,,,,,,,,,N,,,,,,,,,,,
,TOMMYE,M,SCANLIN,,900017249,N,20260801,,,,,,,,,,,,,,N,,,,,,,,,,,
,MATTHEW,B,LEMMINGS,,900045290,N,20260801,,,,,,,,,,,,,,N,,,,,,,,,,,
,ANDREW,E,WILSON,,900167066,N,20260801,,,,,,,,,,,,,,N,,,,,,,,,,,
,GREGORY,,MITCHELL,,900148625,N,20260801,,,,,,,,,,,,,,N,,,,,,,,,,,
,LUKE,M,DUNCAN,,900220281,N,20260801,,,,,,,,,,,,,,N,,,,,,,,,,,
,ELISHA,L,GUILIANI,,900298647,N,20260801,,,,,,,,,,,,,,N,,,,,,,,,,,
,TIFFANY,L,KITCHENS,,900015596,N,20260801,,,,,,,,,,,,,,N,,,,,,,,,,,
,KASHUNA,R,STOREY,,900443815,N,20260801,,,,,,,,,,,,,,N,,,,,,,,,,,
,MYNELL,C,FERRARO,,900144096,N,20260801,,,,,,,,,,,,,,N,,,,,,,,,,,
,CAMILLE,N,WALKER,,900004005,N,20260801,,,,,,,,,,,,,,N,,,,,,,,,,,
,JUSTIN,,BURGESS,,900023746,N,20260801,,,,,,,,,,,,,,N,,,,,,,,,,,
,HANNAH,E,PERRY,,900294682,N,20260801,,,,,,,,,,,,,,N,,,,,,,,,,,
,SARAH,C,WELLWOOD,,900238836,N,20260801,,,,,,,,,,,,,,N,,,,,,,,,,,
,GARY,,STOUT,,900190924,N,20260801,,,,,,,,,,,,,,N,,,,,,,,,,,
,ALLISON,,QUARLES,,900269005,N,20260801,,,,,,,,,,,,,,N,,,,,,,,,,,
,CHRISTIAN,B,KEEL,,900240948,N,20260801,,,,,,,,,,,,,,N,,,,,,,,,,,
,STEFANIE,E,CHRISTENSEN,,900445186,N,20260801,,,,,,,,,,,,,,N,,,,,,,,,,,
,KERRI,,MATTHEWS,,900052490,N,20260801,,,,,,,,,,,,,,N,,,,,,,,,,,
,VERONICA,I,VENTURA,,900240580,N,20260801,,,,,,,,,,,,,,N,,,,,,,,,,,
,WILLIAM,J,POOLE,,900439514,N,20260801,,,,,,,,,,,,,,N,,,,,,,,,,,
,JAMES,R,HYDE,,900059602,N,20260801,,,,,,,,,,,,,,N,,,,,,,,,,,
,STEPHANIE,,DAVIS,,900496748,N,20260801,,,,,,,,,,,,,,N,,,,,,,,,,,
,LINDA,E,BECERRA,,900511964,N,20260801,,,,,,,,,,,,,,N,,,,,,,,,,,
,GREG,S,MOREANO CASTANEDA,,900515175,N,20260801,,,,,,,,,,,,,,N,,,,,,,,,,,
,TANIA,N,ROMERO,,900515504,N,20260801,,,,,,,,,,,,,,N,,,,,,,,,,,
,JASMINE,,CHAVIRA,,900523308,N,20260801,,,,,,,,,,,,,,N,,,,,,,,,,,
,WALKER,,PIERCE,,900447386,N,20260801,,,,,,,,,,,,,,N,,,,,,,,,,,
,MICHAEL,E,MCCARTHY,,900461811,N,20260801,,,,,,,,,,,,,,N,,,,,,,,,,,
,BRADLEY,C,SIMMONS,,900477171,N,20260801,,,,,,,,,,,,,,N,,,,,,,,,,,
,TIFFANY,A,NEWBERRY,,900484894,N,20260801,,,,,,,,,,,,,,N,,,,,,,,,,,
,ELIZABETH,B,BROWN,,900490361,N,20260801,,,,,,,,,,,,,,N,,,,,,,,,,,
,KIMBERLY,N,SMITH,,900494575,Y,20260801,002580-00,SOUTHERN NEW HAMPSHIRE- 09WEEK,NH,4,Private,20260504,20260823,F,J,PSYCHOLOGY,420101,,,N,,,,,,,,,,,1
,ERICA,J,BAIRD,,900495613,N,20260801,,,,,,,,,,,,,,N,,,,,,,,,,,
,BOBBY,M,FULLER,,900495664,N,20260801,,,,,,,,,,,,,,N,,,,,,,,,,,
,JANICE,,LACKEY,,900503501,N,20260801,,,,,,,,,,,,,,N,,,,,,,,,,,
,SUZANNA,M,BUTERA,,900172590,N,20260801,,,,,,,,,,,,,,N,,,,,,,,,,,
,KEVIN,M,KESLER,,900168790,N,20260801,,,,,,,,,,,,,,N,,,,,,,,,,,
,JENNAFER,L,HALSELL,,900033660,N,20260801,,,,,,,,,,,,,,N,,,,,,,,,,,
,BRIJUANNA,A,SMITH,,900285993,Y,20260801,038193-00,AMERICAN PUBLIC UNIVERSITY SYSTEM,WV,4,Private,20260601,20260927,H,N,NOT APPLICABLE,,,,N,,,,,,,,,,,1
,AMANDA,K,JORDAN,,900465219,N,20260801,,,,,,,,,,,,,,N,,,,,,,,,,,
,ASHLEY,,BIBBY,,900478839,N,20260801,,,,,,,,,,,,,,N,,,,,,,,,,,
,STACIE,B,CASH,,900499888,N,20260801,,,,,,,,,,,,,,N,,,,,,,,,,,
,LAUREN,,QUEEN,,900502139,N,20260801,,,,,,,,,,,,,,N,,,,,,,,,,,
,ANDRES,F,GUERRERO,,900508823,N,20260801,,,,,,,,,,,,,,N,,,,,,,,,,,
,ELIZABETH,,YANG,,900486307,N,20260801,,,,,,,,,,,,,,N,,,,,,,,,,,
,MEGAN,G,COLLINS,,900489045,N,20260801,,,,,,,,,,,,,,N,,,,,,,,,,,
,WILLIAM,H,WRIGHT,,900494907,N,20260801,,,,,,,,,,,,,,N,,,,,,,,,,,
,REMEDIOS,E,KELLEY,,900498456,N,20260801,,,,,,,,,,,,,,N,,,,,,,,,,,
,ANNAH,W,MURUNGA,,900506709,Y,20260801,001588-00,PIEDMONT UNIVERSITY,GA,4,Private,20260812,20261208,F,R,NURSING,513801,,,N,,,,,,,,,,,1
,ALETHA,J,BRITTE,,900508490,N,20260801,,,,,,,,,,,,,,N,,,,,,,,,,,
,IRENE,M,ALMANZA,,900515874,N,20260801,,,,,,,,,,,,,,N,,,,,,,,,,,
,DANIEL,H,NEWMAN,,900518239,N,20260801,,,,,,,,,,,,,,N,,,,,,,,,,,
,NORINE,,CANTOR,,900534886,N,20260801,,,,,,,,,,,,,,N,,,,,,,,,,,
,KATHY,C,HODGES,,900515761,N,20260801,,,,,,,,,,,,,,N,,,,,,,,,,,
,BRANDON,T,WARD,,900522869,N,20260801,,,,,,,,,,,,,,N,,,,,,,,,,,
,CHARLES,E,WATOLA,,900527063,N,20260801,,,,,,,,,,,,,,N,,,,,,,,,,,
,YULIO,,CHAVEZ,,900529948,N,20260801,,,,,,,,,,,,,,N,,,,,,,,,,,
,YVONNE,,ESPARZA,,900532045,N,20260801,,,,,,,,,,,,,,N,,,,,,,,,,,
,AUDREY,B,MCCONNELL,,900537019,N,20260801,,,,,,,,,,,,,,N,,,,,,,,,,,
,BROOKE,N,COGSWELL,,900541071,N,20260801,,,,,,,,,,,,,,N,,,,,,,,,,,
,BENJAMIN,B,LEDFORD,,900555655,N,20260801,,,,,,,,,,,,,,N,,,,,,,,,,,
,AARON,E,HERNANDEZ,,900287313,N,20260801,,,,,,,,,,,,,,N,,,,,,,,,,,
,LEAH,,SALOME,,900528563,N,20260801,,,,,,,,,,,,,,N,,,,,,,,,,,
,KAREN,,STRINGER,,900531684,N,20260801,,,,,,,,,,,,,,N,,,,,,,,,,,
,DULCE,R,DE LA FUENTE,,900536181,N,20260801,,,,,,,,,,,,,,N,,,,,,,,,,,
,NATASHA,E,SUMMITT,,900536504,N,20260801,,,,,,,,,,,,,,N,,,,,,,,,,,
,LISA,W,SMITH,,900001106,N,20260801,,,,,,,,,,,,,,N,,,,,,,,,,,
,MEGAN,N,MATKOVIC,,900285637,N,20260801,,,,,,,,,,,,,,N,,,,,,,,,,,
,LESLIE,C,STEIN,,900164502,N,20260801,,,,,,,,,,,,,,N,,,,,,,,,,,
,KAREN,C,ROBERTS,,900061512,N,20260801,,,,,,,,,,,,,,N,,,,,,,,,,,
,LARA,,CROSBY,,900260295,N,20260801,,,,,,,,,,,,,,N,,,,,,,,,,,
,CELIA,M,PENADO,,900538710,N,20260801,,,,,,,,,,,,,,N,,,,,,,,,,,
,ANA,M,ARELLANO,,900538842,N,20260801,,,,,,,,,,,,,,N,,,,,,,,,,,
,BRANNON,,SOLES,,900539424,N,20260801,,,,,,,,,,,,,,N,,,,,,,,,,,
,KAREN,,MARTINEZ-ARREDONDO,,900552588,N,20260801,,,,,,,,,,,,,,N,,,,,,,,,,,
,PHILLIP,K,GUNTER,,900306652,N,20260801,,,,,,,,,,,,,,N,,,,,,,,,,,
,GREGORY,,BRETT,,900042351,N,20260801,,,,,,,,,,,,,,N,,,,,,,,,,,
,FELIPE,,YANEZ,,900148973,N,20260801,,,,,,,,,,,,,,N,,,,,,,,,,,
,IVAN,,MAGANA,,900295058,N,20260801,,,,,,,,,,,,,,N,,,,,,,,,,,
,AUSTIN,W,TRUSTY,,900266730,N,20260801,,,,,,,,,,,,,,N,,,,,,,,,,,
,BERENICE,,LOPEZ,,900527508,N,20260801,,,,,,,,,,,,,,N,,,,,,,,,,,
,REBECCA,N,OLIVER ADAMS,,900534938,N,20260801,,,,,,,,,,,,,,N,,,,,,,,,,,
,SHAIN,,BERRY,,900542876,N,20260801,,,,,,,,,,,,,,N,,,,,,,,,,,
,KELLEY,E,BARGER,,900544651,N,20260801,,,,,,,,,,,,,,N,,,,,,,,,,,
,KELANDRIA,,LEE,,900553649,N,20260801,,,,,,,,,,,,,,N,,,,,,,,,,,
,TERRY,L,PALMER,,900048957,N,20260801,,,,,,,,,,,,,,N,,,,,,,,,,,
,LORI,C,MOONEY,,900248076,N,20260801,,,,,,,,,,,,,,N,,,,,,,,,,,
,CHRISTIAN,L,COLE,,900279411,Y,20260801,006385-00,CHAMBERLAIN UNIVERSITY,IL,4,Private,20260504,20260829,H,B,NURSING,513801,,,N,,,,,,,,,,,1
,CORA,N,DORSEYCUNNINGHAM,,900603993,N,20260801,,,,,,,,,,,,,,N,,,,,,,,,,,
,HAILEY,J,SMALLWOOD,,900306266,N,20260801,,,,,,,,,,,,,,N,,,,,,,,,,,
,ALEJANDRO,,PARAMO,,900238749,N,20260801,,,,,,,,,,,,,,N,,,,,,,,,,,
,ETHAN,H,SMITH,,900165016,N,20260801,,,,,,,,,,,,,,N,,,,,,,,,,,
,JUSTINE,,HUDSON,,900318406,N,20260801,,,,,,,,,,,,,,N,,,,,,,,,,,
,JOURNEYAH,A,WATSON,,900609247,N,20260801,,,,,,,,,,,,,,N,,,,,,,,,,,
,COURTNEY,M,WATERS,,900612439,N,20260801,,,,,,,,,,,,,,N,,,,,,,,,,,
,SAVANNAH,,MARINO,,900634372,N,20260801,,,,,,,,,,,,,,N,,,,,,,,,,,
,MATTHEW,A,HATCHER,,900637923,N,20260801,,,,,,,,,,,,,,N,,,,,,,,,,,
,LESLIE,,RICO,,900643673,N,20260801,,,,,,,,,,,,,,N,,,,,,,,,,,
,JAMES,H,BRADLEY,,900044538,N,20260801,,,,,,,,,,,,,,N,,,,,,,,,,,
,ANGELA,D,WARD,,900168241,N,20260801,,,,,,,,,,,,,,N,,,,,,,,,,,
,JAMIE,,CARLISLE,,900250267,Y,20260801,001585-00,UNIVERSITY OF NORTH GEORGIA,GA,4,Public,20260810,20261204,H,A,SOCIOLOGY,451101,,,N,,,,,,,,,,,1
,MEGAN,M,TOAL,,900225195,N,20260801,,,,,,,,,,,,,,N,,,,,,,,,,,
,HASTEN,D,KILBY,,900316040,N,20260801,,,,,,,,,,,,,,N,,,,,,,,,,,
,LILLY,E,LORD,,900603245,N,20260801,,,,,,,,,,,,,,N,,,,,,,,,,,
,CASSIE,,BYRUM,,900321012,N,20260801,,,,,,,,,,,,,,N,,,,,,,,,,,
,MELISSA,,DUARTE,,900632589,N,20260801,,,,,,,,,,,,,,N,,,,,,,,,,,
,JUAN,L,GORDILLO,,900644824,N,20260801,,,,,,,,,,,,,,N,,,,,,,,,,,
,LOGAN,,FORD,,900298363,N,20260801,,,,,,,,,,,,,,N,,,,,,,,,,,
,OLIVIA,M,ZEIGLER,,900612505,N,20260801,,,,,,,,,,,,,,N,,,,,,,,,,,
,IRIS,B,STAYKOV,,900620190,N,20260801,,,,,,,,,,,,,,N,,,,,,,,,,,
,KAYLEE,A,CANTRELL,,900632393,N,20260801,,,,,,,,,,,,,,N,,,,,,,,,,,
,BAILEY,,ROGERS,,900644834,N,20260801,,,,,,,,,,,,,,N,,,,,,,,,,,
,KAITLYN,L,BAILEY,,900648241,N,20260801,,,,,,,,,,,,,,N,,,,,,,,,,,
,CHERISH,A,STEWART,,900649717,N,20260801,,,,,,,,,,,,,,N,,,,,,,,,,,
,DANIEL,A,COTTONGIM,,900654097,N,20260801,,,,,,,,,,,,,,N,,,,,,,,,,,
,BERNARD,P,BLEVINS,,900654580,N,20260801,,,,,,,,,,,,,,N,,,,,,,,,,,
,HAYDEN,T,INGRAM,,900644381,N,20260801,,,,,,,,,,,,,,N,,,,,,,,,,,
,VICKI,L,KENNEDY,,900645425,N,20260801,,,,,,,,,,,,,,N,,,,,,,,,,,
,ANGELICA,L,HAWKINS,,900652956,N,20260801,,,,,,,,,,,,,,N,,,,,,,,,,,
,MADISON,G,AKINS,,900663136,N,20260801,,,,,,,,,,,,,,N,,,,,,,,,,,
,SAVANA,R,BAGWELL,,900669661,N,20260801,,,,,,,,,,,,,,N,,,,,,,,,,,
,CAITLIN,A,ROSTEK,,900681144,N,20260801,,,,,,,,,,,,,,N,,,,,,,,,,,
,DILLON,S,WILSON,,900684337,N,20260801,,,,,,,,,,,,,,N,,,,,,,,,,,
,JONATHON,C,MCCAIN,,900685061,N,20260801,,,,,,,,,,,,,,N,,,,,,,,,,,
,SARAH,E,KOHRMANN,,900698146,N,20260801,,,,,,,,,,,,,,N,,,,,,,,,,,
,ASHLEY,N,CARDER,,900669535,N,20260801,,,,,,,,,,,,,,N,,,,,,,,,,,
,SONNIE,L,CANOY,,900671938,N,20260801,,,,,,,,,,,,,,N,,,,,,,,,,,
,DYKEJIAH,N,JONES,,900680067,N,20260801,,,,,,,,,,,,,,N,,,,,,,,,,,
,MARYANA,,HERNANDEZ,,900684195,N,20260801,,,,,,,,,,,,,,N,,,,,,,,,,,
,KENNA,H,BEAMAN,,900703053,N,20260801,,,,,,,,,,,,,,N,,,,,,,,,,,
,ANGELA,E,LEE,,900710730,N,20260801,,,,,,,,,,,,,,N,,,,,,,,,,,
,DALTON,Z,HALL,,900710748,N,20260801,,,,,,,,,,,,,,N,,,,,,,,,,,
,LUIS,M,OCHOA HERNANDEZ,,900710913,N,20260801,,,,,,,,,,,,,,N,,,,,,,,,,,
,SAMUEL,A,CLARK,,900718008,N,20260801,,,,,,,,,,,,,,N,,,,,,,,,,,
,JOSHUA,D,MARTIN,,900647890,N,20260801,,,,,,,,,,,,,,N,,,,,,,,,,,
,ROBERT,F,BRANDON,,900653577,N,20260801,,,,,,,,,,,,,,N,,,,,,,,,,,
,ASHLEY,N,ABERCROMBIE,,900654265,N,20260801,,,,,,,,,,,,,,N,,,,,,,,,,,
,DENISE,,CHAVEZ-MARTINEZ,,900654672,N,20260801,,,,,,,,,,,,,,N,,,,,,,,,,,
,GABRIELA,,SEPULVEDA,,900665687,N,20260801,,,,,,,,,,,,,,N,,,,,,,,,,,
,MADISON,G,PHILLIPS,,900698014,N,20260801,,,,,,,,,,,,,,N,,,,,,,,,,,
,MARGARITA,G,NAVARRETE,,900699767,N,20260801,,,,,,,,,,,,,,N,,,,,,,,,,,
,BENJAMIN,E,SANTOS,,900714431,N,20260801,,,,,,,,,,,,,,N,,,,,,,,,,,
,DELANA,R,RUDDELL,,900718211,N,20260801,,,,,,,,,,,,,,N,,,,,,,,,,,
,AUSTIN,C,MABRY,,900663381,N,20260801,,,,,,,,,,,,,,N,,,,,,,,,,,
,DANIELLE,N,MYERS,,900669522,N,20260801,,,,,,,,,,,,,,N,,,,,,,,,,,
,TAYLOR,K,KARISNY,,900669824,N,20260801,,,,,,,,,,,,,,N,,,,,,,,,,,
,CARLEIGH,E,HULSEY,,900682389,N,20260801,,,,,,,,,,,,,,N,,,,,,,,,,,
,LOGAN,T,EVANS,,900715982,N,20260801,,,,,,,,,,,,,,N,,,,,,,,,,,
,EMILY,M,COX,,900729915,N,20260801,,,,,,,,,,,,,,N,,,,,,,,,,,
,SEAN,C,TAYLOR,,900729932,N,20260801,,,,,,,,,,,,,,N,,,,,,,,,,,
,CIARA,L,HUNTINGTON,,900739977,N,20260801,,,,,,,,,,,,,,N,,,,,,,,,,,
,UYEN,L,DANG,,900753067,N,20260801,,,,,,,,,,,,,,N,,,,,,,,,,,
,CANDY,,MUNDO JUAREZ,,900718760,N,20260801,,,,,,,,,,,,,,N,,,,,,,,,,,
,WILLIAM,K,GRIFFITHS,,900720618,N,20260801,,,,,,,,,,,,,,N,,,,,,,,,,,
,JOSHUA,B,KINARD,,900729834,N,20260801,,,,,,,,,,,,,,N,,,,,,,,,,,
,TYLER,J,BANTA,,900730673,N,20260801,,,,,,,,,,,,,,N,,,,,,,,,,,
,YADIRA,L,MENDOZA,,900735760,N,20260801,,,,,,,,,,,,,,N,,,,,,,,,,,
,THOMAS,D,SANDERS,,900742708,Y,20260801,001598-00,UNIVERSITY OF GEORGIA,GA,4,Public,20260512,20260803,F,B,INTENDED MANAGEMENT,520201,,,N,,,,,,,,,,,1
,TAYLOR,L,WELLS,,900742779,N,20260801,,,,,,,,,,,,,,N,,,,,,,,,,,
,JOHN RICK,,ASOR,,900744639,N,20260801,,,,,,,,,,,,,,N,,,,,,,,,,,
,JOSHUA,,SAINE,,900759630,N,20260801,,,,,,,,,,,,,,N,,,,,,,,,,,
,JOCELYN,N,SIMPSON,,900728789,N,20260801,,,,,,,,,,,,,,N,,,,,,,,,,,
,GAVIN,,LONG,,900742594,N,20260801,,,,,,,,,,,,,,N,,,,,,,,,,,
,ANGELA,M,HYDE,,900744889,N,20260801,,,,,,,,,,,,,,N,,,,,,,,,,,
,JULIANA,,WRIGHT,,900751603,N,20260801,,,,,,,,,,,,,,N,,,,,,,,,,,
,ABRAHAM,P,XIONG,,900752664,N,20260801,,,,,,,,,,,,,,N,,,,,,,,,,,
,THERESA,N,PITTMAN,,900759204,N,20260801,,,,,,,,,,,,,,N,,,,,,,,,,,
,HANNAH,N,WOJTAS,,900762890,N,20260801,,,,,,,,,,,,,,N,,,,,,,,,,,
,CAITLIN,,ARQUETTE,,900766380,N,20260801,,,,,,,,,,,,,,N,,,,,,,,,,,
,MATTHEW,T,HOWELL,,900767602,N,20260801,,,,,,,,,,,,,,N,,,,,,,,,,,
,KAITLYN,R,YOUNG,,900703738,N,20260801,,,,,,,,,,,,,,N,,,,,,,,,,,
,NICHOLAS,D,BANTA,,900711290,N,20260801,,,,,,,,,,,,,,N,,,,,,,,,,,
,GLENDA,,CARRERA,,900724627,N,20260801,,,,,,,,,,,,,,N,,,,,,,,,,,
,NOAH,S,COPELAND,,900747949,Y,20260801,001585-00,UNIVERSITY OF NORTH GEORGIA,GA,4,Public,20260810,20261204,H,B,BIOLOGY,260101,,,N,,,,,,,,,,,1
,ASHLEY,R,MULLINAX,,900749799,N,20260801,,,,,,,,,,,,,,N,,,,,,,,,,,
,ABIGAIL,L,BURROW,,900762041,N,20260801,,,,,,,,,,,,,,N,,,,,,,,,,,
,GENESIS,,OCAMPO,,900764755,N,20260801,,,,,,,,,,,,,,N,,,,,,,,,,,
,CYNTHIA,I,HERRERA,,900777531,N,20260801,,,,,,,,,,,,,,N,,,,,,,,,,,
,CHRISTIAN,J,FLOYD,,900777598,N,20260801,,,,,,,,,,,,,,N,,,,,,,,,,,
,TIMOTHY,S,MCDANIEL,,900760363,N,20260801,,,,,,,,,,,,,,N,,,,,,,,,,,
,KRISTEN,M,ROBINSON,,900761362,Y,20260801,001585-00,UNIVERSITY OF NORTH GEORGIA,GA,4,Public,20260810,20261204,L,A,HEALTH INFORM ADM PATHWAY,240101,,,N,,,,,,,,,,,1
,MADISON,E,WILLIAMS,,900765704,N,20260801,,,,,,,,,,,,,,N,,,,,,,,,,,
,ANDREA,C,MENCHACA,,900768443,N,20260801,,,,,,,,,,,,,,N,,,,,,,,,,,
,MAYRA,,GASPAR,,900769648,N,20260801,,,,,,,,,,,,,,N,,,,,,,,,,,
,HARRISON,P,WILLIAMS,,900778699,N,20260801,,,,,,,,,,,,,,N,,,,,,,,,,,
,ELSIE,E,CHAVEZ,,900782010,N,20260801,,,,,,,,,,,,,,N,,,,,,,,,,,
,ANDREW,L,LYONS,,900782178,N,20260801,,,,,,,,,,,,,,N,,,,,,,,,,,
,SPENCER,E,BENNETT,,900787695,Y,20260801,002580-00,SOUTHERN NEW HAMPSHIRE- 09WEEK,NH,4,Private,20260504,20260823,H,R,BUSINESS ADMINISTRATION,520201,,,N,,,,,,,,,,,1
,SAVANNAH,L,LAWRENCE,,900795111,N,20260801,,,,,,,,,,,,,,N,,,,,,,,,,,
,ANNA,D,BAXLEY,,900801477,N,20260801,,,,,,,,,,,,,,N,,,,,,,,,,,
,HOLLIS,R,STONE,,900807891,N,20260801,,,,,,,,,,,,,,N,,,,,,,,,,,
,STEVEN,D,BROWN,,900809714,N,20260801,,,,,,,,,,,,,,N,,,,,,,,,,,
,VALENTINA,,VILLARREAL VASQUEZ,,900812813,N,20260801,,,,,,,,,,,,,,N,,,,,,,,,,,
,YESICA,,TURCIOS-GALVEZ,,900816057,N,20260801,,,,,,,,,,,,,,N,,,,,,,,,,,
,NYOMI,C,BOYD,,900816155,N,20260801,,,,,,,,,,,,,,N,,,,,,,,,,,
,NICOLAS,A,HENDERSON,,900824376,N,20260801,,,,,,,,,,,,,,N,,,,,,,,,,,
,JUSTIN,M,RICHEY,,900826744,N,20260801,,,,,,,,,,,,,,N,,,,,,,,,,,
,GLENN,S,BRYANT,,900767657,N,20260801,,,,,,,,,,,,,,N,,,,,,,,,,,
,HANNAH,N,FREEMAN,,900783079,N,20260801,,,,,,,,,,,,,,N,,,,,,,,,,,
,MARIA,M,GUTIERREZ URIBE,,900786068,N,20260801,,,,,,,,,,,,,,N,,,,,,,,,,,
,JAMES,H,HALL,,900789990,N,20260801,,,,,,,,,,,,,,N,,,,,,,,,,,
,BRIANNA,E,FOLKERTS,,900790077,N,20260801,,,,,,,,,,,,,,N,,,,,,,,,,,
,JELMA,,FLORES-MOTA,,900792826,N,20260801,,,,,,,,,,,,,,N,,,,,,,,,,,
,ADRIANA,I,WILLIAMS,,900797421,N,20260801,,,,,,,,,,,,,,N,,,,,,,,,,,
,JERRON,C,WADE,,900804278,N,20260801,,,,,,,,,,,,,,N,,,,,,,,,,,
,DAVID,A,HAIMBACH,,900804960,Y,20260801,001585-00,UNIVERSITY OF NORTH GEORGIA,GA,4,Public,20260810,20261204,L,C,NO BACC NON DEGREE,240102,,,N,,,,,,,,,,,1
,RACHELANN,G,BELL,,900792152,N,20260801,,,,,,,,,,,,,,N,,,,,,,,,,,
,KIMBERLY,M,ARROYO,,900795600,N,20260801,,,,,,,,,,,,,,N,,,,,,,,,,,
,MORIAH,N,COOK,,900800004,N,20260801,,,,,,,,,,,,,,N,,,,,,,,,,,
,YE RANG,,PARK,,900801402,N,20260801,,,,,,,,,,,,,,N,,,,,,,,,,,
,GISELLE,O,GUZMAN,,900805652,N,20260801,,,,,,,,,,,,,,N,,,,,,,,,,,
,ASHLEY,R,PHIPPS,,900808882,Y,20260801,020530-00,LIBERTY UNIVERSITY,VA,4,Private,20260629,20260821,F,R,INFORMATICS HLTH CARE INFO,110104,,,N,,,,,,,,,,,1
,GRACE,A,COUNTER,,900817388,N,20260801,,,,,,,,,,,,,,N,,,,,,,,,,,
,ALEXANDER,C,HOWARD,,900824406,N,20260801,,,,,,,,,,,,,,N,,,,,,,,,,,
,AUDREY,M,COVEL,,900825765,N,20260801,,,,,,,,,,,,,,N,,,,,,,,,,,
,JAMES,M,DURDEN,,900784192,N,20260801,,,,,,,,,,,,,,N,,,,,,,,,,,
,NATHANIEL,T,WARD,,900784495,N,20260801,,,,,,,,,,,,,,N,,,,,,,,,,,
,QUEEN,D,MIRANDILLA,,900795444,N,20260801,,,,,,,,,,,,,,N,,,,,,,,,,,
,HAYLEY,B,HARSHBARGER,,900804833,N,20260801,,,,,,,,,,,,,,N,,,,,,,,,,,
,ERICA,,PIZANO-HERNANDEZ,,900809639,N,20260801,,,,,,,,,,,,,,N,,,,,,,,,,,
,BRANDON,,PHILLIPS,,900811767,N,20260801,,,,,,,,,,,,,,N,,,,,,,,,,,
,BRADY,P,TURNER,,900811879,N,20260801,,,,,,,,,,,,,,N,,,,,,,,,,,
,BRITNEY,,ESTUDILLO-RAMIREZ,,900812368,N,20260801,,,,,,,,,,,,,,N,,,,,,,,,,,
,BRYCE,T,HORNER,,900815725,N,20260801,,,,,,,,,,,,,,N,,,,,,,,,,,
,CARMEN,A,THOMAS,,900827686,N,20260801,,,,,,,,,,,,,,N,,,,,,,,,,,
,TIMOTHY,C,CULP,,900829702,Y,20260801,003502-00,LINCOLN MEMORIAL UNIVERSITY,TN,4,Private,20260420,20260830,F,,VETERINARY MEDICINE,018001,,,N,,,,,,,,,,,1
,LAUREN,M,SHUBERT,,900831372,N,20260801,,,,,,,,,,,,,,N,,,,,,,,,,,
,LUIS,D,AYALA,,900833039,N,20260801,,,,,,,,,,,,,,N,,,,,,,,,,,
,MYKA,T,RICKS,,900834755,Y,20260801,002126-00,BERKLEE COLLEGE OF MUSIC - ONLINE,MA,4,Private,20260629,20260920,L,,GUITAR,500903,,,N,,,,,,,,,,,1
,ARIANNA,,HERNANDEZ LOPEZ,,900835813,N,20260801,,,,,,,,,,,,,,N,,,,,,,,,,,
,ASHLEY,,FIELDS,,900836384,N,20260801,,,,,,,,,,,,,,N,,,,,,,,,,,
,VOLHA,V,DULKO,,900839220,N,20260801,,,,,,,,,,,,,,N,,,,,,,,,,,
,JUAN,C,AGUIRRE,,900841454,N,20260801,,,,,,,,,,,,,,N,,,,,,,,,,,
,BRIANNA,M,REYNOLDS,,900817605,N,20260801,,,,,,,,,,,,,,N,,,,,,,,,,,
,JAMES,P,HOLLOWAY,,900820937,N,20260801,,,,,,,,,,,,,,N,,,,,,,,,,,
,SAVANA,L,BELDOWSKI,,900828826,N,20260801,,,,,,,,,,,,,,N,,,,,,,,,,,
,EMMA,J,DAY,,900828898,N,20260801,,,,,,,,,,,,,,N,,,,,,,,,,,
,DILLIAN,L,JARVIS,,900830615,N,20260801,,,,,,,,,,,,,,N,,,,,,,,,,,
,ALEX,,WRIGHT,,900840709,N,20260801,,,,,,,,,,,,,,N,,,,,,,,,,,
,ZARIA,,PRESSLEY,,900846185,N,20260801,,,,,,,,,,,,,,N,,,,,,,,,,,
,RUTH,L,MORENO CARPIO,,900853227,N,20260801,,,,,,,,,,,,,,N,,,,,,,,,,,
,RYAN,A,GALLENKAMP,,900854897,N,20260801,,,,,,,,,,,,,,N,,,,,,,,,,,
,ANDREW,J,SOLIS,,900827475,N,20260801,,,,,,,,,,,,,,N,,,,,,,,,,,
,MELANIE,,FUQUA,,900829287,N,20260801,,,,,,,,,,,,,,N,,,,,,,,,,,
,GLADYS,A,PADILLA,,900834666,N,20260801,,,,,,,,,,,,,,N,,,,,,,,,,,
,JOSHUA,J,HAWKINS,,900837056,N,20260801,,,,,,,,,,,,,,N,,,,,,,,,,,
,OMAR,,JOHNSON,,900838659,N,20260801,,,,,,,,,,,,,,N,,,,,,,,,,,
,ETHAN,,LEUENBERGER,,900841528,N,20260801,,,,,,,,,,,,,,N,,,,,,,,,,,
,BRIANNA,A,DALY,,900842899,N,20260801,,,,,,,,,,,,,,N,,,,,,,,,,,
,DAVID,C,VORBECK,,900852360,Y,20260801,001081-00,ARIZONA STATE UNIVERSITY,AZ,4,Public,20260518,20260811,Q,R,,141901,,,N,,,,,,,,,,,1
,BENJAMIN,F,IRIO,,900855825,N,20260801,,,,,,,,,,,,,,N,,,,,,,,,,,
,CHRISTINE,A,KIMBRO,,900827976,N,20260801,,,,,,,,,,,,,,N,,,,,,,,,,,
,KONLAN,C,BENSLAY,,900828828,N,20260801,,,,,,,,,,,,,,N,,,,,,,,,,,
,GRANT,D,NIEKAMP,,900829473,N,20260801,,,,,,,,,,,,,,N,,,,,,,,,,,
,BLAKE,A,WILSON,,900839285,N,20260801,,,,,,,,,,,,,,N,,,,,,,,,,,
,EVAN,M,MOODY,,900839860,N,20260801,,,,,,,,,,,,,,N,,,,,,,,,,,
,ELLISON,,PAYNE,,900841897,N,20260801,,,,,,,,,,,,,,N,,,,,,,,,,,
,KIERRA,,THOMPSON,,900847746,N,20260801,,,,,,,,,,,,,,N,,,,,,,,,,,
,PERLA,H,PLASCENCIA-CABRERA,,900851805,N,20260801,,,,,,,,,,,,,,N,,,,,,,,,,,
,CHRISTOPHER,G,OWENS,,900858949,N,20260801,,,,,,,,,,,,,,N,,,,,,,,,,,
,KATHERINE,O,BRUNK,,900860961,N,20260801,,,,,,,,,,,,,,N,,,,,,,,,,,
,JOSHUA,T,LOFTIN,,900863062,N,20260801,,,,,,,,,,,,,,N,,,,,,,,,,,
,DULCE,B,CASTRO,,900865509,N,20260801,,,,,,,,,,,,,,N,,,,,,,,,,,
,CAROLINE,M,GODFREY,,900866449,N,20260801,,,,,,,,,,,,,,N,,,,,,,,,,,
,HALEY,L,DUNN,,900871086,N,20260801,,,,,,,,,,,,,,N,,,,,,,,,,,
,JULIANA,,GARZA,,900871143,N,20260801,,,,,,,,,,,,,,N,,,,,,,,,,,
,BENJAMIN,C,LEONARD,,900871709,N,20260801,,,,,,,,,,,,,,N,,,,,,,,,,,
,COLBY,B,HUDGINS,,900874485,N,20260801,,,,,,,,,,,,,,N,,,,,,,,,,,
,KATIE,R,CARVALHO,,900879066,N,20260801,,,,,,,,,,,,,,N,,,,,,,,,,,
,KAYLA,I,SHERMAN,,900848892,N,20260801,,,,,,,,,,,,,,N,,,,,,,,,,,
,WILLIAM,H,BRAZELL,,900856117,N,20260801,,,,,,,,,,,,,,N,,,,,,,,,,,
,TYLER,M,DOTRAN,,900862144,N,20260801,,,,,,,,,,,,,,N,,,,,,,,,,,
,DAVID,A,TISDALE,,900865323,N,20260801,,,,,,,,,,,,,,N,,,,,,,,,,,
,GEOFFREY,T,DIXON,,900870130,N,20260801,,,,,,,,,,,,,,N,,,,,,,,,,,
,CONNER,W,WATERS,,900870774,N,20260801,,,,,,,,,,,,,,N,,,,,,,,,,,
,MELANIE,H,RIVERA SOLIS,,900871924,N,20260801,,,,,,,,,,,,,,N,,,,,,,,,,,
,APRIL,M,REYES,,900872129,N,20260801,,,,,,,,,,,,,,N,,,,,,,,,,,
,JONATHAN,,MIRANDA,,900878682,N,20260801,,,,,,,,,,,,,,N,,,,,,,,,,,
,DEREK,W,MUELLER,,900859394,N,20260801,,,,,,,,,,,,,,N,,,,,,,,,,,
,ALEXANDRA,T,ISAAC,,900864327,N,20260801,,,,,,,,,,,,,,N,,,,,,,,,,,
,ABBEY,E,ADAMS,,900873284,N,20260801,,,,,,,,,,,,,,N,,,,,,,,,,,
,HANNAH,C,JONES,,900874180,N,20260801,,,,,,,,,,,,,,N,,,,,,,,,,,
,AHANG,,KHANIDOKHT,,900877332,N,20260801,,,,,,,,,,,,,,N,,,,,,,,,,,
,JOCELYN,D,MALDONADO,,900878402,N,20260801,,,,,,,,,,,,,,N,,,,,,,,,,,
,BRANDON,C,QUEEN,,900878552,N,20260801,,,,,,,,,,,,,,N,,,,,,,,,,,
,ANTHONY,A,MERRIMAN,,900879192,N,20260801,,,,,,,,,,,,,,N,,,,,,,,,,,
,JAMES,A,COLEMAN,,900882615,N,20260801,,,,,,,,,,,,,,N,,,,,,,,,,,
,LISA,J,RIOS,,900862402,N,20260801,,,,,,,,,,,,,,N,,,,,,,,,,,
,JESSICA,L,BENNETT,,900866020,N,20260801,,,,,,,,,,,,,,N,,,,,,,,,,,
,JADA,N,WILBORN,,900873438,N,20260801,,,,,,,,,,,,,,N,,,,,,,,,,,
,ARMANDO,,ZAVALA,,900878025,N,20260801,,,,,,,,,,,,,,N,,,,,,,,,,,
,SEAN,,THOMAS,,900880225,N,20260801,,,,,,,,,,,,,,N,,,,,,,,,,,
,BENJAMIN,S,SPRAKER,,900882707,N,20260801,,,,,,,,,,,,,,N,,,,,,,,,,,
,SAMANTHA,N,CHAVIRA,,900882996,N,20260801,,,,,,,,,,,,,,N,,,,,,,,,,,
,TRENTON,L,TINNEY,,900883739,N,20260801,,,,,,,,,,,,,,N,,,,,,,,,,,
,ALICIA,M,CHAMBERS,,900884138,N,20260801,,,,,,,,,,,,,,N,,,,,,,,,,,
,VICTORIA,M,LYONS,,900879001,N,20260801,,,,,,,,,,,,,,N,,,,,,,,,,,
,FRANCISCO,J,ORTIZ,,900879519,N,20260801,,,,,,,,,,,,,,N,,,,,,,,,,,
,RYKER,L,MAXWELL,,900881162,N,20260801,,,,,,,,,,,,,,N,,,,,,,,,,,
,KRISTEN,A,HULL,,900882144,N,20260801,,,,,,,,,,,,,,N,,,,,,,,,,,
,LOGAN,E,HERRING,,900884043,Y,20260801,001598-00,UNIVERSITY OF GEORGIA,GA,4,Public,20260512,20260803,H,B,INTENDED ELECTRCL ELECTRON ENG,141001,,,N,,,,,,,,,,,1
,ALEXANDRA,G,EARLY,,900886606,N,20260801,,,,,,,,,,,,,,N,,,,,,,,,,,
,PAULA,F,TURNER,,900887203,N,20260801,,,,,,,,,,,,,,N,,,,,,,,,,,
,CATHERINE,E,CRAWFORD,,900889303,N,20260801,,,,,,,,,,,,,,N,,,,,,,,,,,
,SIMON,V,LOR,,900890074,N,20260801,,,,,,,,,,,,,,N,,,,,,,,,,,
,NELVIA,A,CONRAD,,900882942,N,20260801,,,,,,,,,,,,,,N,,,,,,,,,,,
,CAMERON,C,NEUMAN,,900883113,N,20260801,,,,,,,,,,,,,,N,,,,,,,,,,,
,DORCAS,W,KUM,,900883149,N,20260801,,,,,,,,,,,,,,N,,,,,,,,,,,
,JOHANNA,,MOLINA,,900885820,N,20260801,,,,,,,,,,,,,,N,,,,,,,,,,,
,HANNA,M,WILSON,,900885906,N,20260801,,,,,,,,,,,,,,N,,,,,,,,,,,
,MAGGIE,L,MITCHELL,,900886668,N,20260801,,,,,,,,,,,,,,N,,,,,,,,,,,
,MISAEL,,RUBIO,,900891273,N,20260801,,,,,,,,,,,,,,N,,,,,,,,,,,
,HOLLIN,L,HARGRAVE,,900891654,N,20260801,,,,,,,,,,,,,,N,,,,,,,,,,,
,NICK,J,TSOKALAS,,900902659,N,20260801,,,,,,,,,,,,,,N,,,,,,,,,,,
,ALEXIS,S,DEBROUX,,900884241,N,20260801,,,,,,,,,,,,,,N,,,,,,,,,,,
,HENRIETTA,G,MARLOW,,900887875,N,20260801,,,,,,,,,,,,,,N,,,,,,,,,,,
,HUNTER,,KENNY,,900888879,N,20260801,,,,,,,,,,,,,,N,,,,,,,,,,,
,JUNO,A,MANOOGIAN,,900889834,N,20260801,,,,,,,,,,,,,,N,,,,,,,,,,,
,HANNAH,R,PURDUM,,900891364,N,20260801,,,,,,,,,,,,,,N,,,,,,,,,,,
,STEPHEN,M,RUCKER,,900902331,N,20260801,,,,,,,,,,,,,,N,,,,,,,,,,,
,ASHLEY,C,READ,,900904370,N,20260801,,,,,,,,,,,,,,N,,,,,,,,,,,
,JOSEPH,E,TILLERY,,900904620,N,20260801,,,,,,,,,,,,,,N,,,,,,,,,,,
,SAVANNA,D,GILSTRAP,,900904681,N,20260801,,,,,,,,,,,,,,N,,,,,,,,,,,
,VICTOR,G,MOLINA-RUELA,,900883213,N,20260801,,,,,,,,,,,,,,N,,,,,,,,,,,
,LUZ,M,VEGA,,900883235,N,20260801,,,,,,,,,,,,,,N,,,,,,,,,,,
,MARTA,Y,CHEKERENDA,,900883555,N,20260801,,,,,,,,,,,,,,N,,,,,,,,,,,
,MAGGIE,L,SELLS,,900885877,N,20260801,,,,,,,,,,,,,,N,,,,,,,,,,,
,BRANAN,,SMITH,,900892029,N,20260801,,,,,,,,,,,,,,N,,,,,,,,,,,
,SYDNEY,M,ARGENTO,,900902495,N,20260801,,,,,,,,,,,,,,N,,,,,,,,,,,
,KAITLYN,B,MILLSAP,,900905385,N,20260801,,,,,,,,,,,,,,N,,,,,,,,,,,
,MAURA,E,JACKSON,,900905797,N,20260801,,,,,,,,,,,,,,N,,,,,,,,,,,
,FRANCISCO,I,FUERTE,,900906470,N,20260801,,,,,,,,,,,,,,N,,,,,,,,,,,
,JACOB,A,BRYAN,,900890171,N,20260801,,,,,,,,,,,,,,N,,,,,,,,,,,
,JOHN,B,CAMPBELL,,900891042,N,20260801,,,,,,,,,,,,,,N,,,,,,,,,,,
,JOSEPH,F,CLUGSTEN,,900902521,N,20260801,,,,,,,,,,,,,,N,,,,,,,,,,,
,EMILY,M,LACOUNT,,900902577,N,20260801,,,,,,,,,,,,,,N,,,,,,,,,,,
,JORGE,L,GARCIA,,900903766,N,20260801,,,,,,,,,,,,,,N,,,,,,,,,,,
,BRENNA,E,TATE,,900906170,N,20260801,,,,,,,,,,,,,,N,,,,,,,,,,,
,HANNAH,E,TENETY,,900907388,N,20260801,,,,,,,,,,,,,,N,,,,,,,,,,,
,ALICIA,P,RODRIGUEZ,,900907951,N,20260801,,,,,,,,,,,,,,N,,,,,,,,,,,
,CAROLINE,G,RAIRIGH,,900908160,N,20260801,,,,,,,,,,,,,,N,,,,,,,,,,,
,CAROLANNE,R,PITTMAN,,900907712,N,20260801,,,,,,,,,,,,,,N,,,,,,,,,,,
,EDUARDO,,BAUTISTA,,900909033,N,20260801,,,,,,,,,,,,,,N,,,,,,,,,,,
,ZACHARY,A,GOLDEN,,900910170,N,20260801,,,,,,,,,,,,,,N,,,,,,,,,,,
,GAVIN,X,ATHA,,900910180,N,20260801,,,,,,,,,,,,,,N,,,,,,,,,,,
,DAVID,,RAMOS,,900911509,N,20260801,,,,,,,,,,,,,,N,,,,,,,,,,,
,MAGGIE,M,LEWIS,,900911877,N,20260801,,,,,,,,,,,,,,N,,,,,,,,,,,
,COLLIN,W,HARKINS,,900912034,Y,20260801,001577-00,KENNESAW STATE UNIVERSITY,GA,4,Public,20260824,20261214,F,B,CONSTRUCTION MANAGEMENT,143301,,,N,,,,,,,,,,,1
,JOSUE,A,MARQUEZ,,900912340,N,20260801,,,,,,,,,,,,,,N,,,,,,,,,,,
,ERIN,L,BORBELY,,900913189,N,20260801,,,,,,,,,,,,,,N,,,,,,,,,,,
,CLAUDIA,F,GELTZ,,900908596,N,20260801,,,,,,,,,,,,,,N,,,,,,,,,,,
,REANAH,A,WILSON,,900909513,N,20260801,,,,,,,,,,,,,,N,,,,,,,,,,,
,EMANUEL,J,LATTY,,900912748,N,20260801,,,,,,,,,,,,,,N,,,,,,,,,,,
,RYAN,M,CARROLL,,900914519,N,20260801,,,,,,,,,,,,,,N,,,,,,,,,,,
,MARCO,A,MENDOZA,,900916018,N,20260801,,,,,,,,,,,,,,N,,,,,,,,,,,
,TAYLOR,A,SMITH,,900916746,N,20260801,,,,,,,,,,,,,,N,,,,,,,,,,,
,DOUGLAS,I,BOULWARE,,900917752,N,20260801,,,,,,,,,,,,,,N,,,,,,,,,,,
,GABY,H,GALVEZ GARCIA,,900918857,N,20260801,,,,,,,,,,,,,,N,,,,,,,,,,,
,SAMMY,M,SHEPARD,,900919790,Y,20260801,001585-00,UNIVERSITY OF NORTH GEORGIA,GA,4,Public,20260810,20261204,L,B,MANAGEMENT,520201,,,N,,,,,,,,,,,1
,LUIS,F,CALDERA CORDOBA,,900905185,N,20260801,,,,,,,,,,,,,,N,,,,,,,,,,,
,NOAH,A,JONES,,900907415,N,20260801,,,,,,,,,,,,,,N,,,,,,,,,,,
,CHESNEY,M,TRENT,,900909545,N,20260801,,,,,,,,,,,,,,N,,,,,,,,,,,
,JOSHUA,L,MARTIN,,900911482,N,20260801,,,,,,,,,,,,,,N,,,,,,,,,,,
,LEA,R,BERGDOLL,,900913375,N,20260801,,,,,,,,,,,,,,N,,,,,,,,,,,
,EMILY,A,BERGDOLL,,900913376,N,20260801,,,,,,,,,,,,,,N,,,,,,,,,,,
,CHARLES,S,SILVA,,900913453,N,20260801,,,,,,,,,,,,,,N,,,,,,,,,,,
,LAUREN,B,LYNES,,900915361,N,20260801,,,,,,,,,,,,,,N,,,,,,,,,,,
,CARLOS,D,ESPINOZA,,900917092,N,20260801,,,,,,,,,,,,,,N,,,,,,,,,,,
,ASHLEY,D,FRANKLIN,,900914685,N,20260801,,,,,,,,,,,,,,N,,,,,,,,,,,
,HUNTER,M,OTTO,,900917035,N,20260801,,,,,,,,,,,,,,N,,,,,,,,,,,
,JANCARLO,,ASTUA-REYES,,900917703,N,20260801,,,,,,,,,,,,,,N,,,,,,,,,,,
,SIDNEY,M,JACOBS,,900917935,N,20260801,,,,,,,,,,,,,,N,,,,,,,,,,,
,KARLEE,M,CALDWELL,,900918450,N,20260801,,,,,,,,,,,,,,N,,,,,,,,,,,
,EMMALINE,G,DYE,,900922855,N,20260801,,,,,,,,,,,,,,N,,,,,,,,,,,
,JORDIN,L,ENGLAR,,900922945,N,20260801,,,,,,,,,,,,,,N,,,,,,,,,,,
,NANCY,K,OLALDE,,900923893,N,20260801,,,,,,,,,,,,,,N,,,,,,,,,,,
,GRAYSON,T,BOSWELL,,900925161,N,20260801,,,,,,,,,,,,,,N,,,,,,,,,,,
,ALEJANDRA,,CARRILLO,,900917605,N,20260801,,,,,,,,,,,,,,N,,,,,,,,,,,
,JOHN-MARK,I,FOSTER,,900917831,N,20260801,,,,,,,,,,,,,,N,,,,,,,,,,,
,BRANDON,A,HERNANDEZ,,900919181,Y,20260801,001598-00,UNIVERSITY OF GEORGIA,GA,4,Public,20260512,20260803,F,B,MECHANICAL ENGINEERING,141901,,,N,,,,,,,,,,,1
,ADRIAN,,SEGOVIA,,900919903,N,20260801,,,,,,,,,,,,,,N,,,,,,,,,,,
,ALEXANDRIA,N,PERNELL,,900920120,N,20260801,,,,,,,,,,,,,,N,,,,,,,,,,,
,JAHAYRA,,VALDOVINOS,,900920824,N,20260801,,,,,,,,,,,,,,N,,,,,,,,,,,
,DAVID,B,VAN PELT,,900920944,N,20260801,,,,,,,,,,,,,,N,,,,,,,,,,,
,ZAKARY,A,KOGAN,,900921622,N,20260801,,,,,,,,,,,,,,N,,,,,,,,,,,
,HANNAH,E,MORRIS,,900922763,N,20260801,,,,,,,,,,,,,,N,,,,,,,,,,,
,ALIYAH,A,WHITE,,900907056,N,20260801,,,,,,,,,,,,,,N,,,,,,,,,,,
,SAVANNAH,E,GORA,,900907892,N,20260801,,,,,,,,,,,,,,N,,,,,,,,,,,
,ARIANA,E,SANCHEZ,,900908673,N,20260801,,,,,,,,,,,,,,N,,,,,,,,,,,
,TYLER,H,HOLMES,,900909380,N,20260801,,,,,,,,,,,,,,N,,,,,,,,,,,
,ALEXIS,A,BENITEZ,,900914850,N,20260801,,,,,,,,,,,,,,N,,,,,,,,,,,
,KRYSTIAN,P,BARAN,,900917137,N,20260801,,,,,,,,,,,,,,N,,,,,,,,,,,
,LAUREN,E,NEWCOMER,,900917959,N,20260801,,,,,,,,,,,,,,N,,,,,,,,,,,
,DREW,N,SKINNER,,900918143,N,20260801,,,,,,,,,,,,,,N,,,,,,,,,,,
,LOGAN,J,THOMPSON,,900918593,N,20260801,,,,,,,,,,,,,,N,,,,,,,,,,,
,ISAIAH,N,SHARP,,900919977,N,20260801,,,,,,,,,,,,,,N,,,,,,,,,,,
,LANEY,E,CLARK,,900922191,N,20260801,,,,,,,,,,,,,,N,,,,,,,,,,,
,JIAYONG,,ZHENG,,900923561,N,20260801,,,,,,,,,,,,,,N,,,,,,,,,,,
,CAROLYN,F,BOWEN,,900923617,N,20260801,,,,,,,,,,,,,,N,,,,,,,,,,,
,AYDEN,J,HOLLIS,,900923716,N,20260801,,,,,,,,,,,,,,N,,,,,,,,,,,
,IVAN,,MORALES CRUZ,,900927010,N,20260801,,,,,,,,,,,,,,N,,,,,,,,,,,
,KIMBERLY,A,VICKERS,,900929395,N,20260801,,,,,,,,,,,,,,N,,,,,,,,,,,
,DANIEL,A,CLARK,,900930249,N,20260801,,,,,,,,,,,,,,N,,,,,,,,,,,
,RUSSELL,,POPE,,900933282,N,20260801,,,,,,,,,,,,,,N,,,,,,,,,,,
,MASON,L,COKER,,900918970,N,20260801,,,,,,,,,,,,,,N,,,,,,,,,,,
,GARRETT,,SHERMAN,,900919951,N,20260801,,,,,,,,,,,,,,N,,,,,,,,,,,
,COOPER,J,GIBSON,,900921215,N,20260801,,,,,,,,,,,,,,N,,,,,,,,,,,
,CODY,S,GILREATH,,900921440,N,20260801,,,,,,,,,,,,,,N,,,,,,,,,,,
,TREVOR,,CAFFREY,,900921704,N,20260801,,,,,,,,,,,,,,N,,,,,,,,,,,
,SETH,J,ANDERSON,,900923285,N,20260801,,,,,,,,,,,,,,N,,,,,,,,,,,
,MARISSA,,GOODWIN,,900927308,N,20260801,,,,,,,,,,,,,,N,,,,,,,,,,,
,ASHLEY,W,LOGGINS,,900927783,N,20260801,,,,,,,,,,,,,,N,,,,,,,,,,,
,JENNIFER,,HALL,,900928045,N,20260801,,,,,,,,,,,,,,N,,,,,,,,,,,
,JOHN,,VICK,,900923111,N,20260801,,,,,,,,,,,,,,N,,,,,,,,,,,
,CHARLES,W,NAGY,,900925305,N,20260801,,,,,,,,,,,,,,N,,,,,,,,,,,
,BYRON,A,BONILLA,,900929605,N,20260801,,,,,,,,,,,,,,N,,,,,,,,,,,
,HALEY,,SCARBOROUGH,,900930305,N,20260801,,,,,,,,,,,,,,N,,,,,,,,,,,
,KYLE,,ADAMS,,900931210,N,20260801,,,,,,,,,,,,,,N,,,,,,,,,,,
,JUSTICE,N,HOBIN,,900931447,N,20260801,,,,,,,,,,,,,,N,,,,,,,,,,,
,JULIAN,,RANGEL,,900932963,N,20260801,,,,,,,,,,,,,,N,,,,,,,,,,,
,MADISON,E,MITCHUM,,900935379,N,20260801,,,,,,,,,,,,,,N,,,,,,,,,,,
,KARIM,A,HERRERA,,900936094,N,20260801,,,,,,,,,,,,,,N,,,,,,,,,,,
,GABRIEL,J,RODRIGUEZ,,900934569,N,20260801,,,,,,,,,,,,,,N,,,,,,,,,,,
,KAYLEE,L,HAMILTON,,900934605,N,20260801,,,,,,,,,,,,,,N,,,,,,,,,,,
,REBECA,,LANDAVERDE,,900936308,N,20260801,,,,,,,,,,,,,,N,,,,,,,,,,,
,PEYTON,J,PINCKNEY,,900937058,N,20260801,,,,,,,,,,,,,,N,,,,,,,,,,,
,JOCELYN,V,THURMOND,,900937560,N,20260801,,,,,,,,,,,,,,N,,,,,,,,,,,
,CADEN,T,BENNETT,,900937871,N,20260801,,,,,,,,,,,,,,N,,,,,,,,,,,
,TREY,A,PARRISH,,900938409,N,20260801,,,,,,,,,,,,,,N,,,,,,,,,,,
,KAITLYN,R,BIRLEW,,900938413,N,20260801,,,,,,,,,,,,,,N,,,,,,,,,,,
,THERESE,M,GAUTHIER,,900938917,N,20260801,,,,,,,,,,,,,,N,,,,,,,,,,,
,ANDREW,R,MOORE,,900930614,N,20260801,,,,,,,,,,,,,,N,,,,,,,,,,,
,WILLIAM,H,SULLIVAN,,900931731,Y,20260801,010198-00,ECPI UNIVERSITY - ONLINE,VA,4,Private,20260511,20260712,,J,,150805,,,N,,,,,,,,,,,1
,BENJAMIN,M,KWAKOMBE,,900932752,N,20260801,,,,,,,,,,,,,,N,,,,,,,,,,,
,VICTORIA,L,WOODCOCK,,900933695,N,20260801,,,,,,,,,,,,,,N,,,,,,,,,,,
,STEVIE,R,DINSMORE,,900934161,N,20260801,,,,,,,,,,,,,,N,,,,,,,,,,,
,ETHAN,A,CASON,,900934911,Y,20260801,001577-00,KENNESAW STATE UNIVERSITY,GA,4,Public,20260824,20261214,F,B,CIVIL ENGINEERING,140801,,,N,,,,,,,,,,,1
,YAILIN,N,ISLAS,,900936647,N,20260801,,,,,,,,,,,,,,N,,,,,,,,,,,
,THEODORE,J,JARRETT,,900939037,N,20260801,,,,,,,,,,,,,,N,,,,,,,,,,,
,ROBERT,J,PAYNE,,900939746,N,20260801,,,,,,,,,,,,,,N,,,,,,,,,,,
,BREANN,F,HILL,,900930997,N,20260801,,,,,,,,,,,,,,N,,,,,,,,,,,
,SARA,C,STEPHENS,,900932995,N,20260801,,,,,,,,,,,,,,N,,,,,,,,,,,
,ALONDRA,M,RODRIGUEZ-MILIAN,,900933520,Y,20260801,006385-00,CHAMBERLAIN UNIVERSITY,IL,4,Private,20260504,20260829,F,B,NURSING,513801,,,N,,,,,,,,,,,1
,MOHEB,M,IBRAHIM,,900934431,N,20260801,,,,,,,,,,,,,,N,,,,,,,,,,,
,CALEB,M,HOWARD,,900935680,N,20260801,,,,,,,,,,,,,,N,,,,,,,,,,,
,GISSELLE,,VARGAS,,900936111,N,20260801,,,,,,,,,,,,,,N,,,,,,,,,,,
,GIA,P,MOUA,,900936545,N,20260801,,,,,,,,,,,,,,N,,,,,,,,,,,
,LUKE,,ROBINSON,,900936717,Y,20260801,033394-00,WESTERN GOVERNORS UNIVERSITY,UT,4,Private,20260501,20261031,F,B,CYBERSECURITY,111003,,,N,,,,,,,,,,,1
,LOY,E,REDD,,900937313,N,20260801,,,,,,,,,,,,,,N,,,,,,,,,,,
,TYLER,V,GUGLIELMETTI,,900936925,N,20260801,,,,,,,,,,,,,,N,,,,,,,,,,,
,ASHLEY,,VICENTE-PEREZ,,900937173,Y,20260801,001598-00,UNIVERSITY OF GEORGIA,GA,4,Public,20260512,20260803,F,B,COGNITIVE SCIENCE,302501,,,N,,,,,,,,,,,1
,JOSHUA,L,HOUSE,,900937434,N,20260801,,,,,,,,,,,,,,N,,,,,,,,,,,
,JOSEPH,T,BENFANTE,,900940380,N,20260801,,,,,,,,,,,,,,N,,,,,,,,,,,
,SAMUEL,C,CHAFIN,,900942154,N,20260801,,,,,,,,,,,,,,N,,,,,,,,,,,
,MATTHEW,D,PURNELL,,900942488,N,20260801,,,,,,,,,,,,,,N,,,,,,,,,,,
,MITCHELL,M,OWENBY,,900942780,N,20260801,,,,,,,,,,,,,,N,,,,,,,,,,,
,CHASE,T,PRESLEY,,900944777,N,20260801,,,,,,,,,,,,,,N,,,,,,,,,,,
,JACOB,,BOWLING,,900945617,N,20260801,,,,,,,,,,,,,,N,,,,,,,,,,,
,EMILY,A,BELL,,900939952,N,20260801,,,,,,,,,,,,,,N,,,,,,,,,,,
,SAVANNAH,L,ROBSON,,900942043,N,20260801,,,,,,,,,,,,,,N,,,,,,,,,,,
,KILEY,B,AINSWORTH,,900942405,N,20260801,,,,,,,,,,,,,,N,,,,,,,,,,,
,EMMA,R,DELONG,,900943014,N,20260801,,,,,,,,,,,,,,N,,,,,,,,,,,
,JAMES,M,WILLIAMS,,900943076,N,20260801,,,,,,,,,,,,,,N,,,,,,,,,,,
,RUBY,J,LANDEROS,,900943164,N,20260801,,,,,,,,,,,,,,N,,,,,,,,,,,
,DAVONTE,C,POPE,,900943450,N,20260801,,,,,,,,,,,,,,N,,,,,,,,,,,
,TREY,M,PRUITT,,900943707,N,20260801,,,,,,,,,,,,,,N,,,,,,,,,,,
,CONNOR,E,ASHLIMAN,,900946310,N,20260801,,,,,,,,,,,,,,N,,,,,,,,,,,
,KATHLEEN,C,ALLEN-PENDLEY,,900940837,N,20260801,,,,,,,,,,,,,,N,,,,,,,,,,,
,ASHLEY,Y,MIN,,900940931,N,20260801,,,,,,,,,,,,,,N,,,,,,,,,,,
,HANNAH,E,MCCULLOUGH,,900941176,N,20260801,,,,,,,,,,,,,,N,,,,,,,,,,,
,MARLENE,,ESPINOZA,,900941343,N,20260801,,,,,,,,,,,,,,N,,,,,,,,,,,
,HAYOUNG,,LEE,,900943096,N,20260801,,,,,,,,,,,,,,N,,,,,,,,,,,
,JALEN,J,DAVIS,,900944251,N,20260801,,,,,,,,,,,,,,N,,,,,,,,,,,
,GABRIELLA,C,AMBROISE,,900944524,N,20260801,,,,,,,,,,,,,,N,,,,,,,,,,,
,BRYCE,,LAWSON,,900944935,N,20260801,,,,,,,,,,,,,,N,,,,,,,,,,,
,BRYCE,M,CARLTON,,900946143,N,20260801,,,,,,,,,,,,,,N,,,,,,,,,,,
,HANNA,R,PRUITT,,900941204,N,20260801,,,,,,,,,,,,,,N,,,,,,,,,,,
,MYA,M,BOSCHEN,,900941292,N,20260801,,,,,,,,,,,,,,N,,,,,,,,,,,
,RAEGAN,R,KYLE,,900943191,N,20260801,,,,,,,,,,,,,,N,,,,,,,,,,,
,JOSSELIN,,AGUILAR,,900943375,N,20260801,,,,,,,,,,,,,,N,,,,,,,,,,,
,YIMING,,ZHEN,,900943820,N,20260801,,,,,,,,,,,,,,N,,,,,,,,,,,
,HADLEIGH,P,HULSEY,,900944904,N,20260801,,,,,,,,,,,,,,N,,,,,,,,,,,
,RIVERS,O,REGISTER,,900945472,N,20260801,,,,,,,,,,,,,,N,,,,,,,,,,,
,ERICK,,ESQUEDA,,900947465,Y,20260801,001577-00,KENNESAW STATE UNIVERSITY,GA,4,Public,20260824,20261214,F,B,CIVIL ENGINEERING,140801,,,N,,,,,,,,,,,1
,PAXTON,E,MEYER,,900948640,N,20260801,,,,,,,,,,,,,,N,,,,,,,,,,,
,KAYLEE,E,BURNS,,900947278,N,20260801,,,,,,,,,,,,,,N,,,,,,,,,,,
,MAGGIE,I,HERRIN,,900947346,N,20260801,,,,,,,,,,,,,,N,,,,,,,,,,,
,TOMMY,,SZYMCZAK,,900947606,N,20260801,,,,,,,,,,,,,,N,,,,,,,,,,,
,GARRETT,F,BURCH,,900948430,Y,20260801,001585-00,UNIVERSITY OF NORTH GEORGIA,GA,4,Public,20260810,20261204,H,A,ENGINEERING REP PATHWAY,240101,,,N,,,,,,,,,,,1
,MADELINE,E,FARILL,,900950042,N,20260801,,,,,,,,,,,,,,N,,,,,,,,,,,
,KAITLYN,A,DAVES,,900950220,N,20260801,,,,,,,,,,,,,,N,,,,,,,,,,,
,RACHAEL,L,SULLIVAN,,900950727,N,20260801,,,,,,,,,,,,,,N,,,,,,,,,,,
,ETHAN,A,JOLLY,,900950786,N,20260801,,,,,,,,,,,,,,N,,,,,,,,,,,
,DULCE,M,ALEMAN,,900950945,N,20260801,,,,,,,,,,,,,,N,,,,,,,,,,,
,GABRIEL,C,DODD,,900947402,N,20260801,,,,,,,,,,,,,,N,,,,,,,,,,,
,ALEXIS,A,OUKES,,900947447,Y,20260801,041215-00,COLUMBIA SOUTHERN UNIVERSITY,AL,4,Private,20260729,20260922,F,M,MASTER OF BUSINESS ADMINISTRATION/HEALTH CARE MANAGEMENT,520201,,,N,,,,,,,,,,,1
,SETH,M,LANGLEY,,900947877,N,20260801,,,,,,,,,,,,,,N,,,,,,,,,,,
,JOHNNY,B,FRAME,,900949115,N,20260801,,,,,,,,,,,,,,N,,,,,,,,,,,
,RACHAEL,E,JOHNSON,,900949258,Y,20260801,001598-00,UNIVERSITY OF GEORGIA,GA,4,Public,20260512,20260803,H,B,ENGLISH,230101,CERT MUSEUM STUDIES,301401,N,,,,,,,,,,,1
,JEREMIAH,D,GREENE,,900949277,N,20260801,,,,,,,,,,,,,,N,,,,,,,,,,,
,CHRISTOPHER,P,LABERGE,,900949416,N,20260801,,,,,,,,,,,,,,N,,,,,,,,,,,
,RADHA,P,KHARA,,900949425,N,20260801,,,,,,,,,,,,,,N,,,,,,,,,,,
,BAILEY,A,WINGROVE,,900950335,N,20260801,,,,,,,,,,,,,,N,,,,,,,,,,,
,GAMALIEL,B,RODRIGUEZ,,900945639,N,20260801,,,,,,,,,,,,,,N,,,,,,,,,,,
,COLE,M,DAVIDENKO,,900945966,N,20260801,,,,,,,,,,,,,,N,,,,,,,,,,,
,CRISTIAN,,MARTINEZ,,900948628,N,20260801,,,,,,,,,,,,,,N,,,,,,,,,,,
,ASHLEY,,XIONG,,900949040,N,20260801,,,,,,,,,,,,,,N,,,,,,,,,,,
,REBEKAH,L,JACKSON,,900949238,N,20260801,,,,,,,,,,,,,,N,,,,,,,,,,,
,TAYLOR,R,BARBREE,,900950804,N,20260801,,,,,,,,,,,,,,N,,,,,,,,,,,
,ALANNAH,F,MCQUAIN,,900950868,N,20260801,,,,,,,,,,,,,,N,,,,,,,,,,,
,CAROL,,COMBS,,900951370,N,20260801,,,,,,,,,,,,,,N,,,,,,,,,,,
,JONATHAN,,NAVARRO,,900951460,Y,20260801,001577-00,KENNESAW STATE UNIVERSITY,GA,4,Public,20260824,20261214,F,B,CONSTRUCTION MANAGEMENT,143301,,,N,,,,,,,,,,,1
,RICHELLE,,BROWN,,900952060,Y,20260801,003749-00,GEORGE MASON UNIVERSITY,VA,4,Public,20260518,20260808,L,C,UNDECLARED,240102,,,N,,,,,,,,,,,1
,MADISON,E,DAVIS,,900953804,N,20260801,,,,,,,,,,,,,,N,,,,,,,,,,,
,SHARLI,,CANTRELL,,900956398,N,20260801,,,,,,,,,,,,,,N,,,,,,,,,,,
,JUSTIN,M,FIALLO,,900956926,N,20260801,,,,,,,,,,,,,,N,,,,,,,,,,,
,ABIGAIL,C,GALLOPS,,900959000,N,20260801,,,,,,,,,,,,,,N,,,,,,,,,,,
,MELODY,A,WADE,,900959335,N,20260801,,,,,,,,,,,,,,N,,,,,,,,,,,
,MICHAEL,J,CHIRILLO,,900959974,N,20260801,,,,,,,,,,,,,,N,,,,,,,,,,,
,XIMENA,,BAEZ-AVILA,,900960160,N,20260801,,,,,,,,,,,,,,N,,,,,,,,,,,
,GRAY,S,DEHART,,900960570,N,20260801,,,,,,,,,,,,,,N,,,,,,,,,,,
,IBRAHIM,J,MUSTAFA,,900955731,N,20260801,,,,,,,,,,,,,,N,,,,,,,,,,,
,CHLOE,G,LOUGHMILLER,,900956212,N,20260801,,,,,,,,,,,,,,N,,,,,,,,,,,
,ALEXSANDRA,,VILLA,,900956335,N,20260801,,,,,,,,,,,,,,N,,,,,,,,,,,
,ALLYSON,M,CARTER,,900957169,N,20260801,,,,,,,,,,,,,,N,,,,,,,,,,,
,NATHAN,D,RIRIE,,900957918,N,20260801,,,,,,,,,,,,,,N,,,,,,,,,,,
,MARY,C,BAKARICH,,900958692,N,20260801,,,,,,,,,,,,,,N,,,,,,,,,,,
,OZONG,W,AGBORSANGAYA,,900958735,N,20260801,,,,,,,,,,,,,,N,,,,,,,,,,,
,JESSICA,R,VERMA,,900959244,N,20260801,,,,,,,,,,,,,,N,,,,,,,,,,,
,CASSIE,M,FLOWERS,,900959780,N,20260801,,,,,,,,,,,,,,N,,,,,,,,,,,
,AYSHA,J,IQBAL,,900961373,N,20260801,,,,,,,,,,,,,,N,,,,,,,,,,,
,MAKAYLA,J,WOODSON,,900961539,N,20260801,,,,,,,,,,,,,,N,,,,,,,,,,,
,ZACHARY,,ENRIGHT,,900961611,N,20260801,,,,,,,,,,,,,,N,,,,,,,,,,,
,REBEKAH,M,PRATT,,900961710,N,20260801,,,,,,,,,,,,,,N,,,,,,,,,,,
,SARAH,P,STALEMARK,,900962350,N,20260801,,,,,,,,,,,,,,N,,,,,,,,,,,
,KAYLA,A,HELFRICH,,900962394,Y,20260801,001577-00,KENNESAW STATE UNIVERSITY,GA,4,Public,20260824,20261214,F,B,PUBLIC RELATIONS,090900,,,N,,,,,,,,,,,1
,LESLY,L,VARGAS,,900962721,N,20260801,,,,,,,,,,,,,,N,,,,,,,,,,,
,EMILY,Y,MARTINEZ,,900963426,N,20260801,,,,,,,,,,,,,,N,,,,,,,,,,,
,JAMES,H,MARTIN,,900964594,N,20260801,,,,,,,,,,,,,,N,,,,,,,,,,,
,MADISON,R,SARAZUA,,900962337,N,20260801,,,,,,,,,,,,,,N,,,,,,,,,,,
,WILLIAM,D,CARVER,,900962682,N,20260801,,,,,,,,,,,,,,N,,,,,,,,,,,
,BENNETT,J,DUNBAR,,900963017,N,20260801,,,,,,,,,,,,,,N,,,,,,,,,,,
,CHRISTOPHER,M,NGO,,900963575,N,20260801,,,,,,,,,,,,,,N,,,,,,,,,,,
,CHARLES,N,CHAPMAN,,900964107,N,20260801,,,,,,,,,,,,,,N,,,,,,,,,,,
,CARSON,A,BENNETT,,900964592,N,20260801,,,,,,,,,,,,,,N,,,,,,,,,,,
,JOHN,J,CAFFREY,,900964620,N,20260801,,,,,,,,,,,,,,N,,,,,,,,,,,
,JUNE,R,HARMON,,900964978,N,20260801,,,,,,,,,,,,,,N,,,,,,,,,,,
,DIANE,S,PINEDA RAMIREZ,,900965385,N,20260801,,,,,,,,,,,,,,N,,,,,,,,,,,
,PRISILA,A,BAUTISTA-VELASCO,,900965623,N,20260801,,,,,,,,,,,,,,N,,,,,,,,,,,
,ARIANNA,,UTRERAS,,900966066,N,20260801,,,,,,,,,,,,,,N,,,,,,,,,,,
,CONNOR,,BELL,,900967195,N,20260801,,,,,,,,,,,,,,N,,,,,,,,,,,
,VANESSA,E,NICHOLSON,,900967524,N,20260801,,,,,,,,,,,,,,N,,,,,,,,,,,
,ELI,J,COOK,,900968293,N,20260801,,,,,,,,,,,,,,N,,,,,,,,,,,
,CANNON,A,MILLER,,900969361,N,20260801,,,,,,,,,,,,,,N,,,,,,,,,,,
,FIORELLA,I,JOHNSON,,900969630,N,20260801,,,,,,,,,,,,,,N,,,,,,,,,,,
,CAMRON,T,MARTIN,,900971140,N,20260801,,,,,,,,,,,,,,N,,,,,,,,,,,
,SHARNYCE,D,WELLS,,900971162,N,20260801,,,,,,,,,,,,,,N,,,,,,,,,,,
,NATAHLIE,,VALENCIA,,900948809,N,20260801,,,,,,,,,,,,,,N,,,,,,,,,,,
,MORGAN,F,HEUSSER,,900952701,N,20260801,,,,,,,,,,,,,,N,,,,,,,,,,,
,JOSHUA,R,TAYLOR,,900956239,N,20260801,,,,,,,,,,,,,,N,,,,,,,,,,,
,DYAN,E,MAXEY,,900957589,N,20260801,,,,,,,,,,,,,,N,,,,,,,,,,,
,BISHOP,M,LUSINK,,900959054,Y,20260801,001598-00,UNIVERSITY OF GEORGIA,GA,4,Public,20260512,20260803,H,B,INTENDED MANAGEMENT,520201,,,N,,,,,,,,,,,1
,KAYLEE,N,ASCHOFF,,900962557,N,20260801,,,,,,,,,,,,,,N,,,,,,,,,,,
,YARELI,,ORTEGA-ESCAMILLA,,900962884,N,20260801,,,,,,,,,,,,,,N,,,,,,,,,,,
,JACK,D,FOLEY,,900962918,N,20260801,,,,,,,,,,,,,,N,,,,,,,,,,,
,TURNER,M,WILSON,,900963492,N,20260801,,,,,,,,,,,,,,N,,,,,,,,,,,
,ZACHARY,W,PHILLIPS,,900966152,N,20260801,,,,,,,,,,,,,,N,,,,,,,,,,,
,SILAS,R,WOOD,,900967085,N,20260801,,,,,,,,,,,,,,N,,,,,,,,,,,
,ALLISON,C,VANDIVER,,900968423,N,20260801,,,,,,,,,,,,,,N,,,,,,,,,,,
,KARISSA,M,LONGO,,900968916,N,20260801,,,,,,,,,,,,,,N,,,,,,,,,,,
,DREW,P,COSTELLO,,900969309,N,20260801,,,,,,,,,,,,,,N,,,,,,,,,,,
,MAYRA,,SOTO,,900969345,N,20260801,,,,,,,,,,,,,,N,,,,,,,,,,,
,MCKINLEY,G,MOTHERSHED,,900970687,N,20260801,,,,,,,,,,,,,,N,,,,,,,,,,,
,COLT,R,HENDRIX,,900971392,N,20260801,,,,,,,,,,,,,,N,,,,,,,,,,,
,LAKEITA,D,SERVANCE,,900972438,N,20260801,,,,,,,,,,,,,,N,,,,,,,,,,,
,ASHLEY,N,BEAL,,900951031,N,20260801,,,,,,,,,,,,,,N,,,,,,,,,,,
,CASSANDRA,,ORTIZ,,900951711,N,20260801,,,,,,,,,,,,,,N,,,,,,,,,,,
,ADAM,J,CROCKER,,900952641,N,20260801,,,,,,,,,,,,,,N,,,,,,,,,,,
,EMMA,G,HARMAN,,900957790,N,20260801,,,,,,,,,,,,,,N,,,,,,,,,,,
,HANNAH,K,SIMPSON,,900959406,N,20260801,,,,,,,,,,,,,,N,,,,,,,,,,,
,RYLEE,S,BEAUVAIS,,900959778,Y,20260801,001577-00,KENNESAW STATE UNIVERSITY,GA,4,Public,20260824,20261214,F,B,CRIMINAL JUSTICE,430104,,,N,,,,,,,,,,,1
,CAMILA,,DEL OLMO-COLON,,900959828,N,20260801,,,,,,,,,,,,,,N,,,,,,,,,,,
,DELAINEY,,MOORE,,900961108,N,20260801,,,,,,,,,,,,,,N,,,,,,,,,,,
,BRAYLY,A,PAINTER,,900962136,N,20260801,,,,,,,,,,,,,,N,,,,,,,,,,,
,ARTURO,A,CHARLES,,900963502,N,20260801,,,,,,,,,,,,,,N,,,,,,,,,,,
,JEFFREY,P,MALINEN,,900964575,N,20260801,,,,,,,,,,,,,,N,,,,,,,,,,,
,MADYSON,N,HAILEY,,900964685,Y,20260801,001588-00,PIEDMONT UNIVERSITY,GA,4,Private,20260812,20261208,F,J,NURSING,513801,,,N,,,,,,,,,,,1
,MARTIN,K,TRAN,,900965469,N,20260801,,,,,,,,,,,,,,N,,,,,,,,,,,
,NICOLE,A,HUFF,,900966410,N,20260801,,,,,,,,,,,,,,N,,,,,,,,,,,
,NATALIE,C,JONES,,900966769,N,20260801,,,,,,,,,,,,,,N,,,,,,,,,,,
,BRYANNA,N,MUZZY,,900967210,N,20260801,,,,,,,,,,,,,,N,,,,,,,,,,,
,CHARLES,A,MOON,,900968880,N,20260801,,,,,,,,,,,,,,N,,,,,,,,,,,
,AUSTIN,D,HUFFMASTER,,900970467,N,20260801,,,,,,,,,,,,,,N,,,,,,,,,,,
,ISIS,D,CORNEJO HERNANDEZ,,900962324,N,20260801,,,,,,,,,,,,,,N,,,,,,,,,,,
,RYAN,R,COUNTS,,900962331,N,20260801,,,,,,,,,,,,,,N,,,,,,,,,,,
,THOMAS,R,WALLACE,,900963411,N,20260801,,,,,,,,,,,,,,N,,,,,,,,,,,
,ALEXIS,N,PERRY,,900965059,N,20260801,,,,,,,,,,,,,,N,,,,,,,,,,,
,KIMBERLY,G,PALOMINO-VILLACORTA,,900965131,N,20260801,,,,,,,,,,,,,,N,,,,,,,,,,,
,CHARLES,H,WILLIAMS,,900965311,N,20260801,,,,,,,,,,,,,,N,,,,,,,,,,,
,KYLE,B,FARKAS,,900967352,Y,20260801,041618-00,UNIVERSITY OF MASSACHUSETTS GLOBAL,CA,4,Private,20260504,20260823,L,B,,520201,,,N,,,,,,,,,,,1
,JOHN,K,REEVES,,900967786,N,20260801,,,,,,,,,,,,,,N,,,,,,,,,,,
,ANDREW,S,KIRKPATRICK,,900967811,N,20260801,,,,,,,,,,,,,,N,,,,,,,,,,,
,JACOB,,POTTS,,900971576,N,20260801,,,,,,,,,,,,,,N,,,,,,,,,,,
,KATHERINE,R,DELISE,,900971926,N,20260801,,,,,,,,,,,,,,N,,,,,,,,,,,
,ANNA,N,HUNTER,,900972005,N,20260801,,,,,,,,,,,,,,N,,,,,,,,,,,
,VICTORIA,B,COMFORT,,900972242,N,20260801,,,,,,,,,,,,,,N,,,,,,,,,,,
,JORDAN,N,BRACKETT,,900973007,N,20260801,,,,,,,,,,,,,,N,,,,,,,,,,,
,LANNAH,M,JOHNSON,,900973185,N,20260801,,,,,,,,,,,,,,N,,,,,,,,,,,
,NATALIE,E,WORTHAM,,900974516,N,20260801,,,,,,,,,,,,,,N,,,,,,,,,,,
,SAMANTHA,,RAY,,900974591,Y,20260801,025042-00,WALDEN UNIVERSITY,MN,4,Private,20260525,20260816,Q,R,PUBLIC HEALTH,512201,,,N,,,,,,,,,,,1
,JOSEPH,D,WADE,,900975007,N,20260801,,,,,,,,,,,,,,N,,,,,,,,,,,
,YUAN,,WANG,,900973146,N,20260801,,,,,,,,,,,,,,N,,,,,,,,,,,
,BENJAMIN,J,CRUMPTON,,900973287,N,20260801,,,,,,,,,,,,,,N,,,,,,,,,,,
,KARA,,BLAKE,,900974618,N,20260801,,,,,,,,,,,,,,N,,,,,,,,,,,
,KEATON,M,SMITH,,900974726,N,20260801,,,,,,,,,,,,,,N,,,,,,,,,,,
,VALERIE,,CRUZ,,900974842,N,20260801,,,,,,,,,,,,,,N,,,,,,,,,,,
,CAROLINE,K,COOK,,900974865,N,20260801,,,,,,,,,,,,,,N,,,,,,,,,,,
,ALEX,M,MILLER,,900975365,N,20260801,,,,,,,,,,,,,,N,,,,,,,,,,,
,KAILEY,I,MENDOZA,,900975613,N,20260801,,,,,,,,,,,,,,N,,,,,,,,,,,
,ANGIE,G,SALAZAR,,900976226,N,20260801,,,,,,,,,,,,,,N,,,,,,,,,,,
,IAN,,JOHNSON,,900968409,N,20260801,,,,,,,,,,,,,,N,,,,,,,,,,,
,MADISON,L,BENTLEY,,900968433,N,20260801,,,,,,,,,,,,,,N,,,,,,,,,,,
,JAYDEN,L,RADGOWSKI,,900968818,N,20260801,,,,,,,,,,,,,,N,,,,,,,,,,,
,SARA,H,NGUYEN,,900968950,N,20260801,,,,,,,,,,,,,,N,,,,,,,,,,,
,ALEKSANDER,E,HELPINGSTINE,,900969457,Y,20260801,001585-00,UNIVERSITY OF NORTH GEORGIA,GA,4,Public,20260810,20261204,F,B,CRIMINAL JUSTICE,430104,,,N,,,,,,,,,,,1
,MOMODOU,,JALLOW,,900969618,N,20260801,,,,,,,,,,,,,,N,,,,,,,,,,,
,KATLYN,N,WINGO,,900969934,N,20260801,,,,,,,,,,,,,,N,,,,,,,,,,,
,RYAN,N,JURACIC,,900969952,N,20260801,,,,,,,,,,,,,,N,,,,,,,,,,,
,VICTORIA,N,HERNANDEZ,,900972367,N,20260801,,,,,,,,,,,,,,N,,,,,,,,,,,
,ELLA,L,HORN,,900972623,Y,20260801,001598-00,UNIVERSITY OF GEORGIA,GA,4,Public,20260512,20260803,H,B,INTENDED MARKETING,521401,CERT LGBTQ STUDIES,050208,N,,,,,,,,,,,1
,ALEXIS,B,FLORES,,900972780,N,20260801,,,,,,,,,,,,,,N,,,,,,,,,,,
,HAILEY,A,BREWER,,900973115,N,20260801,,,,,,,,,,,,,,N,,,,,,,,,,,
,DYLAN,,BOBGA BENKAM,,900973603,N,20260801,,,,,,,,,,,,,,N,,,,,,,,,,,
,SEAN,P,TOTTEN,,900973868,Y,20260801,001598-00,UNIVERSITY OF GEORGIA,GA,4,Public,20260512,20260803,H,B,CONSUMER ECONOMICS,190402,,,N,,,,,,,,,,,1
,AMY,,RODRIGUEZ,,900974997,N,20260801,,,,,,,,,,,,,,N,,,,,,,,,,,
,HUNTER,J,PHILLIPS,,900975285,N,20260801,,,,,,,,,,,,,,N,,,,,,,,,,,
,ALEXIS,G,STARLING,,900975330,N,20260801,,,,,,,,,,,,,,N,,,,,,,,,,,
,LEAH,J,RUFFIN,,900975761,N,20260801,,,,,,,,,,,,,,N,,,,,,,,,,,
,GRACIELA,,LUCARIO,,900975283,N,20260801,,,,,,,,,,,,,,N,,,,,,,,,,,
,ALEXANDRA,M,MILLER,,900975912,Y,20260801,001598-00,UNIVERSITY OF GEORGIA,GA,4,Public,20260512,20260803,F,B,NUTRITIONAL SCIENCES,301901,,,N,,,,,,,,,,,1
,JIREH,,LOPEZ,,900975964,N,20260801,,,,,,,,,,,,,,N,,,,,,,,,,,
,GRAYSON,N,SPENCE,,900976467,N,20260801,,,,,,,,,,,,,,N,,,,,,,,,,,
,EMMA,A,TURNER,,900976771,N,20260801,,,,,,,,,,,,,,N,,,,,,,,,,,
,CAMERON,J,WESTRAY,,900977202,N,20260801,,,,,,,,,,,,,,N,,,,,,,,,,,
,KENNEDY,N,GUILBEAU,,900977445,N,20260801,,,,,,,,,,,,,,N,,,,,,,,,,,
,RACHEL,J,MARAFFI,,900978243,N,20260801,,,,,,,,,,,,,,N,,,,,,,,,,,
,OLIVIA,C,KINNEY,,900978691,N,20260801,,,,,,,,,,,,,,N,,,,,,,,,,,
,KAI,M,EVANS,,900975892,N,20260801,,,,,,,,,,,,,,N,,,,,,,,,,,
,ALEC,P,LEBLANC,,900975946,N,20260801,,,,,,,,,,,,,,N,,,,,,,,,,,
,ELLA,K,THURMOND,,900976073,N,20260801,,,,,,,,,,,,,,N,,,,,,,,,,,
,JULIA,V,MALLARD,,900976818,N,20260801,,,,,,,,,,,,,,N,,,,,,,,,,,
,HUNTER,D,BELL,,900978055,N,20260801,,,,,,,,,,,,,,N,,,,,,,,,,,
,DONALD,R,MOORE,,900978056,N,20260801,,,,,,,,,,,,,,N,,,,,,,,,,,
,ASHTON,J,DINE,,900978139,N,20260801,,,,,,,,,,,,,,N,,,,,,,,,,,
,SAVANAH,,CLACK,,900978239,N,20260801,,,,,,,,,,,,,,N,,,,,,,,,,,
,DASHANA,N,TILLMAN,,900978397,Y,20260801,002678-02,BRYANT & STRATTON COLLEGE - SOUTHTOWNS,NY,4,Private,20260506,20260817,H,A,EARLY CHILDHOOD EDUCATION,131210,,,N,,,,,,,,,,,1
,TANYA,,PARRA,,900971123,N,20260801,,,,,,,,,,,,,,N,,,,,,,,,,,
,SCOTT,W,DICKERSON,,900972000,N,20260801,,,,,,,,,,,,,,N,,,,,,,,,,,
,DANIEL,B,JAECK,,900973972,N,20260801,,,,,,,,,,,,,,N,,,,,,,,,,,
,ANGEL,S,GONZALEZ,,900975224,N,20260801,,,,,,,,,,,,,,N,,,,,,,,,,,
,IVERSON,W,CHANSERI,,900975494,N,20260801,,,,,,,,,,,,,,N,,,,,,,,,,,
,REIGAN,M,O'NEAL,,900975517,N,20260801,,,,,,,,,,,,,,N,,,,,,,,,,,
,DANIEL,W,BLACK,,900975919,N,20260801,,,,,,,,,,,,,,N,,,,,,,,,,,
,DANIEL,L,HALL,,900976910,N,20260801,,,,,,,,,,,,,,N,,,,,,,,,,,
,CORY,M,SCARBOROUGH,,900977638,N,20260801,,,,,,,,,,,,,,N,,,,,,,,,,,
,MITCHELL,R,ASSURIAN,,900977729,N,20260801,,,,,,,,,,,,,,N,,,,,,,,,,,
,JADEN,,WAZNIK,,900978112,N,20260801,,,,,,,,,,,,,,N,,,,,,,,,,,
,LAURA,,ALBERTO,,900978227,N,20260801,,,,,,,,,,,,,,N,,,,,,,,,,,
,COLIN,J,DESROCHES,,900978234,Y,20260801,001598-00,UNIVERSITY OF GEORGIA,GA,4,Public,20260512,20260803,F,B,INTENDED REAL ESTATE,521501,CIVIL ENGINEERING,140801,N,,,,,,,,,,,1
,CARLO,,MICHELIN,,900978274,N,20260801,,,,,,,,,,,,,,N,,,,,,,,,,,
,KEVIN,J,WILLIAMS,,900979308,N,20260801,,,,,,,,,,,,,,N,,,,,,,,,,,
,COLE,E,JUCZYNSKI,,900979837,N,20260801,,,,,,,,,,,,,,N,,,,,,,,,,,
,HASSAN,,ALI,,900980860,N,20260801,,,,,,,,,,,,,,N,,,,,,,,,,,
,ASHLEIGH,R,SHEPPARD,,900982084,N,20260801,,,,,,,,,,,,,,N,,,,,,,,,,,
,DANIEL,J,NORMAN,,900976420,Y,20260801,001598-00,UNIVERSITY OF GEORGIA,GA,4,Public,20260512,20260803,H,B,GEOGRAPHY,450701,CERT GEOGRAPHIC INFO SCIENCE,450702,N,,,,,,,,,,,1
,KEEGAN,,BECKER ANDERSON,,900976891,N,20260801,,,,,,,,,,,,,,N,,,,,,,,,,,
,EMMA,G,HALBROOK,,900977109,N,20260801,,,,,,,,,,,,,,N,,,,,,,,,,,
,JACK,C,MASON,,900977935,N,20260801,,,,,,,,,,,,,,N,,,,,,,,,,,
,RYAN,C,CUNNINGHAM,,900979549,N,20260801,,,,,,,,,,,,,,N,,,,,,,,,,,
,ASHLEY,P,SMITH,,900981121,N,20260801,,,,,,,,,,,,,,N,,,,,,,,,,,
,CECELIA,D,BORATYN,,900982426,N,20260801,,,,,,,,,,,,,,N,,,,,,,,,,,
,NICHOLAS,W,CONOWAL,,900982459,N,20260801,,,,,,,,,,,,,,N,,,,,,,,,,,
,ARELI,,TAMAYO,,900984903,N,20260801,,,,,,,,,,,,,,N,,,,,,,,,,,
,CONNER,,CHATMAN,,900978575,N,20260801,,,,,,,,,,,,,,N,,,,,,,,,,,
,ROBERT,H,MORRIS,,900979269,N,20260801,,,,,,,,,,,,,,N,,,,,,,,,,,
,BAILEY,G,ARMISTEAD,,900979303,Y,20260801,021922-00,THOMAS EDISON STATE UNIVERSITY,NJ,4,Public,20260803,20261025,H,B,LIBERAL STUDIES,240101,,,N,,,,,,,,,,,1
,BAILEY,G,ARMISTEAD,,900979303,Y,20260801,021922-00,THOMAS EDISON STATE UNIVERSITY,NJ,4,Public,20260803,20260830,H,B,LIBERAL STUDIES,240101,,,N,,,,,,,,,,,1
,BRIGITTE,F,GUTIERREZ,,900979416,N,20260801,,,,,,,,,,,,,,N,,,,,,,,,,,
,LAUREN,T,SMITH,,900980254,N,20260801,,,,,,,,,,,,,,N,,,,,,,,,,,
,KIERSTEN,F,FERRUSQUIA,,900981113,N,20260801,,,,,,,,,,,,,,N,,,,,,,,,,,
,WILLIAM,D,HARRELL,,900982347,N,20260801,,,,,,,,,,,,,,N,,,,,,,,,,,
,JOEL,,VAZQUEZ,,900984985,N,20260801,,,,,,,,,,,,,,N,,,,,,,,,,,
,NOAH,,ROWSEY,,900985195,N,20260801,,,,,,,,,,,,,,N,,,,,,,,,,,
,KYLIE,A,DORROUGH,,900978701,N,20260801,,,,,,,,,,,,,,N,,,,,,,,,,,
,DAVID,S,PARK,,900979406,N,20260801,,,,,,,,,,,,,,N,,,,,,,,,,,
,IAN,H,DRAKE,,900979679,N,20260801,,,,,,,,,,,,,,N,,,,,,,,,,,
,TINA,L,GARLAND,,900979999,N,20260801,,,,,,,,,,,,,,N,,,,,,,,,,,
,GIANNA,S,BASTIANI,,900980345,N,20260801,,,,,,,,,,,,,,N,,,,,,,,,,,
,MARIA,T,SALAS,,900980885,N,20260801,,,,,,,,,,,,,,N,,,,,,,,,,,
,CANON,L,KINSEY,,900982134,N,20260801,,,,,,,,,,,,,,N,,,,,,,,,,,
,ANDREWS,A,OPATA,,900985161,N,20260801,,,,,,,,,,,,,,N,,,,,,,,,,,
,BLAKE,J,BRUNDIDGE,,900986163,N,20260801,,,,,,,,,,,,,,N,,,,,,,,,,,
,JACOB,B,BOLT,,900982333,N,20260801,,,,,,,,,,,,,,N,,,,,,,,,,,
,DANIEL,A,SILVA,,900982575,N,20260801,,,,,,,,,,,,,,N,,,,,,,,,,,
,ISAIAH,M,WALKER,,900982658,N,20260801,,,,,,,,,,,,,,N,,,,,,,,,,,
,THOMAS,P,LOGUE,,900984505,N,20260801,,,,,,,,,,,,,,N,,,,,,,,,,,
,TAYTEN,M,KENNEDY,,900984518,N,20260801,,,,,,,,,,,,,,N,,,,,,,,,,,
,JORDAN,K,HARRISON,,900985077,N,20260801,,,,,,,,,,,,,,N,,,,,,,,,,,
,ELIZABETH,,GARCIA,,900985974,N,20260801,,,,,,,,,,,,,,N,,,,,,,,,,,
,CRAIG,D,MASON,,900986389,N,20260801,,,,,,,,,,,,,,N,,,,,,,,,,,
,GRACE,D,HABERMAN,,900986584,N,20260801,,,,,,,,,,,,,,N,,,,,,,,,,,
,LUCAS,D,DALMAN,,900984991,N,20260801,,,,,,,,,,,,,,N,,,,,,,,,,,
,CHAYSE,M,BRANNON,,900985063,N,20260801,,,,,,,,,,,,,,N,,,,,,,,,,,
,JOLINA,B,PHONGSAVANH-KENSY,,900985258,N,20260801,,,,,,,,,,,,,,N,,,,,,,,,,,
,SAVANNAH,L,MARTIN,,900985321,N,20260801,,,,,,,,,,,,,,N,,,,,,,,,,,
,LANDON,T,OWENS,,900985471,N,20260801,,,,,,,,,,,,,,N,,,,,,,,,,,
,CHLOE,A,MCMILLAN,,900985821,N,20260801,,,,,,,,,,,,,,N,,,,,,,,,,,
,CONNOR,P,BLAUVELT,,900986313,N,20260801,,,,,,,,,,,,,,N,,,,,,,,,,,
,YAJAYRA,,TADEO,,900986380,N,20260801,,,,,,,,,,,,,,N,,,,,,,,,,,
,ADALEY,C,BURNETTE,,900988404,N,20260801,,,,,,,,,,,,,,N,,,,,,,,,,,
,KURT,J,FABIAN,,900986596,N,20260801,,,,,,,,,,,,,,N,,,,,,,,,,,
,GEHRIG,J,APOIAN,,900986842,N,20260801,,,,,,,,,,,,,,N,,,,,,,,,,,
,KAYLA,B,LUBKE,,900986958,N,20260801,,,,,,,,,,,,,,N,,,,,,,,,,,
,CONNER,A,JOHNSON,,900987650,N,20260801,,,,,,,,,,,,,,N,,,,,,,,,,,
,PHOENIX,L,BORREGO,,900987689,N,20260801,,,,,,,,,,,,,,N,,,,,,,,,,,
,AMAR,W,MOLLON-ACEVEDO,,900988026,Y,20260801,001585-00,UNIVERSITY OF NORTH GEORGIA,GA,4,Public,20260810,20261204,L,B,INTERDISCIPLINARY STUDIES,240102,,,N,,,,,,,,,,,1
,NICOLE,,MCCOMIC,,900988278,N,20260801,,,,,,,,,,,,,,N,,,,,,,,,,,
,MORGAN,L,EASTWOOD,,900988607,N,20260801,,,,,,,,,,,,,,N,,,,,,,,,,,
,GATES,T,BURKE,,900988907,N,20260801,,,,,,,,,,,,,,N,,,,,,,,,,,
,ANNA,,NGUYEN,,900985464,N,20260801,,,,,,,,,,,,,,N,,,,,,,,,,,
,JACKSON,R,HOGAN,,900985575,N,20260801,,,,,,,,,,,,,,N,,,,,,,,,,,
,DAYRYN,,MORALES,,900986174,N,20260801,,,,,,,,,,,,,,N,,,,,,,,,,,
,NOLAN,C,SMITH,,900986436,N,20260801,,,,,,,,,,,,,,N,,,,,,,,,,,
,DAVID,G,COX,,900987295,Y,20260801,001577-00,KENNESAW STATE UNIVERSITY,GA,4,Public,20260824,20261214,F,B,MECHANICAL ENGINEERING,141901,,,N,,,,,,,,,,,1
,BRANDON,M,HALL,,900987495,N,20260801,,,,,,,,,,,,,,N,,,,,,,,,,,
,EMMALEE,N,GREEN,,900987846,N,20260801,,,,,,,,,,,,,,N,,,,,,,,,,,
,JORDAN,A,CAMPBELL,,900988082,N,20260801,,,,,,,,,,,,,,N,,,,,,,,,,,
,ARLETTE,,HERNANDEZ,,900988896,N,20260801,,,,,,,,,,,,,,N,,,,,,,,,,,
,MADISON,,JUAREZ-LOPEZ,,900988554,N,20260801,,,,,,,,,,,,,,N,,,,,,,,,,,
,LYDIA,J,MUSIL,,900988751,N,20260801,,,,,,,,,,,,,,N,,,,,,,,,,,
,KEVON,L,ARNOLD,,900988895,N,20260801,,,,,,,,,,,,,,N,,,,,,,,,,,
,TARA,M,JACKSON,,900989467,N,20260801,,,,,,,,,,,,,,N,,,,,,,,,,,
,VINCENT,M,FURTADO,,900990010,N,20260801,,,,,,,,,,,,,,N,,,,,,,,,,,
,MELLANY,,ARANTES,,900990170,N,20260801,,,,,,,,,,,,,,N,,,,,,,,,,,
,CARSON,,GROSSMAN,,900990174,N,20260801,,,,,,,,,,,,,,N,,,,,,,,,,,
,KASEY,C,HOWELL,,900990393,Y,20260801,001577-00,KENNESAW STATE UNIVERSITY,GA,4,Public,20260824,20261214,F,B,DATA SCIENCE AND ANALYTICS,307001,,,N,,,,,,,,,,,1
,GAVIN,G,WILLIS,,900990524,Y,20260801,001585-00,UNIVERSITY OF NORTH GEORGIA,GA,4,Public,20260810,20261204,H,A,INTERDISCIPLINARY STUDIES PATH,240101,,,N,,,,,,,,,,,1
,KAITLYN,,SMITH,,900986181,N,20260801,,,,,,,,,,,,,,N,,,,,,,,,,,
,MACKENNA,C,JENKINS,,900986555,Y,20260801,004938-00,SOUTH COLLEGE,TN,4,Private,20260629,20260911,H,,,510912,,,N,,,,,,,,,,,1
,ELLA KATHERINE,C,MACPHERSON,,900987053,N,20260801,,,,,,,,,,,,,,N,,,,,,,,,,,
,DOMINIC,A,WILLIAMS,,900988470,N,20260801,,,,,,,,,,,,,,N,,,,,,,,,,,
,JUVENTINA,,PADILLA-ARELLANO,,900988507,N,20260801,,,,,,,,,,,,,,N,,,,,,,,,,,
,ADRIAN,,LOPEZ,,900989049,N,20260801,,,,,,,,,,,,,,N,,,,,,,,,,,
,TEMILOLUWA,,ALLI,,900989424,N,20260801,,,,,,,,,,,,,,N,,,,,,,,,,,
,CARLIE,,WOLFORD,,900990133,N,20260801,,,,,,,,,,,,,,N,,,,,,,,,,,
,EVAN,J,BEHRHORST,,900990253,N,20260801,,,,,,,,,,,,,,N,,,,,,,,,,,
,ANNA,M,RINKER,,900989535,N,20260801,,,,,,,,,,,,,,N,,,,,,,,,,,
,KATLIN,A,RICKS,,900990227,N,20260801,,,,,,,,,,,,,,N,,,,,,,,,,,
,AMANDA,K,GIL,,900990228,N,20260801,,,,,,,,,,,,,,N,,,,,,,,,,,
,AVERY,E,LECLAIR,,900990417,N,20260801,,,,,,,,,,,,,,N,,,,,,,,,,,
,ELSA,J,SJOGREN,,900990496,N,20260801,,,,,,,,,,,,,,N,,,,,,,,,,,
,JOSHUA,C,HOLT,,900991011,Y,20260801,033394-00,WESTERN GOVERNORS UNIVERSITY,UT,4,Private,20260401,20260930,F,B,ACCOUNTING,520301,,,N,,,,,,,,,,,1
,LISA,,TIAMTISACK,,900991272,N,20260801,,,,,,,,,,,,,,N,,,,,,,,,,,
,ALLISON,M,POLIO,,900991525,N,20260801,,,,,,,,,,,,,,N,,,,,,,,,,,
,DANIELLE,A,HUBBARD,,900992187,N,20260801,,,,,,,,,,,,,,N,,,,,,,,,,,
,CARLEY,R,SUTTON,,900992865,N,20260801,,,,,,,,,,,,,,N,,,,,,,,,,,
,JACOB,T,MOORE,,900993512,N,20260801,,,,,,,,,,,,,,N,,,,,,,,,,,
,WILSON,J,JONES,,900993864,N,20260801,,,,,,,,,,,,,,N,,,,,,,,,,,
,LACEY,L,LEWALLEN,,900994035,N,20260801,,,,,,,,,,,,,,N,,,,,,,,,,,
,MALCOLM,W,TJEPKEMA,,900994103,Y,20260801,001598-00,UNIVERSITY OF GEORGIA,GA,4,Public,20260512,20260803,F,B,COMMUNICATION STUDIES,090101,,,N,,,,,,,,,,,1
,OLIVIA,M,POPE,,900994141,N,20260801,,,,,,,,,,,,,,N,,,,,,,,,,,
,EVAN,S,GRIMES,,900994300,N,20260801,,,,,,,,,,,,,,N,,,,,,,,,,,
,BETHANY,J,DYER,,900994317,N,20260801,,,,,,,,,,,,,,N,,,,,,,,,,,
,JEREMY,R,HIOTT,,900994647,N,20260801,,,,,,,,,,,,,,N,,,,,,,,,,,
,BRYSON,T,MORI,,900990646,Y,20260801,001577-00,KENNESAW STATE UNIVERSITY,GA,4,Public,20260824,20261214,F,B,MECHANICAL ENGINEERING,141901,,,N,,,,,,,,,,,1
,EVAN,A,HARRIS,,900990914,N,20260801,,,,,,,,,,,,,,N,,,,,,,,,,,
,ISABELLA,N,TAYLOR,,900991189,N,20260801,,,,,,,,,,,,,,N,,,,,,,,,,,
,KATHRYN,R,PEACOCK,,900991224,N,20260801,,,,,,,,,,,,,,N,,,,,,,,,,,
,TATE,M,BROOKS,,900991697,N,20260801,,,,,,,,,,,,,,N,,,,,,,,,,,
,ZOE,A,GLASS,,900992819,N,20260801,,,,,,,,,,,,,,N,,,,,,,,,,,
,THOMAS,M,DIGSBY,,900993163,Y,20260801,001598-00,UNIVERSITY OF GEORGIA,GA,4,Public,20260512,20260803,F,,,,,,N,,,,,,,,,,,1
,PAYSLEE,H,BETTIS,,900993918,N,20260801,,,,,,,,,,,,,,N,,,,,,,,,,,
,MAGGIE,R,PERRY,,900994352,N,20260801,,,,,,,,,,,,,,N,,,,,,,,,,,
,JENNIE,,NGUYEN,,900994850,Y,20260801,001577-00,KENNESAW STATE UNIVERSITY,GA,4,Public,20260824,20261214,F,B,INFORMATION SYSTEMS INTEREST,110401,,,N,,,,,,,,,,,1
,SOFIA,,BOMBALOFF-MONCHER,,900995635,N,20260801,,,,,,,,,,,,,,N,,,,,,,,,,,
,DENIM,M,LOVETT,,900995984,N,20260801,,,,,,,,,,,,,,N,,,,,,,,,,,
,ABBY,L,ZIPFEL,,900996029,N,20260801,,,,,,,,,,,,,,N,,,,,,,,,,,
,SAVANNAH,G,RUDOW,,900996232,N,20260801,,,,,,,,,,,,,,N,,,,,,,,,,,
,EZRA,J,HOLLOWAY,,900996888,N,20260801,,,,,,,,,,,,,,N,,,,,,,,,,,
,EUGENE,,HWANG,,900996919,N,20260801,,,,,,,,,,,,,,N,,,,,,,,,,,
,SKYLAR,M,AKINS,,900997927,N,20260801,,,,,,,,,,,,,,N,,,,,,,,,,,
,MICHAEL,J,KOWALCHIK,,900998315,N,20260801,,,,,,,,,,,,,,N,,,,,,,,,,,
,EMMA,L,BURNETT,,900994376,N,20260801,,,,,,,,,,,,,,N,,,,,,,,,,,
,ELLIE,J,MILLER,,900994557,N,20260801,,,,,,,,,,,,,,N,,,,,,,,,,,
,JULIA,E,TRAILL,,900994888,Y,20260801,001598-00,UNIVERSITY OF GEORGIA,GA,4,Public,20260512,20260803,F,B,PSYCHOLOGY,420101,,,N,,,,,,,,,,,1
,LASAIDIA,G,JONES,,900995061,N,20260801,,,,,,,,,,,,,,N,,,,,,,,,,,
,ROBERT,C,WRIGHT,,900995119,N,20260801,,,,,,,,,,,,,,N,,,,,,,,,,,
,BAYLEE,R,BENNETT,,900995363,N,20260801,,,,,,,,,,,,,,N,,,,,,,,,,,
,JOSEPH,B,KNIGHT,,900995509,N,20260801,,,,,,,,,,,,,,N,,,,,,,,,,,
,EMMA,,IMSIROVIC,,900995606,N,20260801,,,,,,,,,,,,,,N,,,,,,,,,,,
,LAUREN,E,BLACK,,900995725,N,20260801,,,,,,,,,,,,,,N,,,,,,,,,,,
,MIRIAM,A,JONES,,900990266,N,20260801,,,,,,,,,,,,,,N,,,,,,,,,,,
,ISABELA,,LIMA DOS SANTOS,,900990422,N,20260801,,,,,,,,,,,,,,N,,,,,,,,,,,
,AUSTIN,F,TOWE,,900990598,N,20260801,,,,,,,,,,,,,,N,,,,,,,,,,,
,JACKSON,L,PARHAM,,900990671,N,20260801,,,,,,,,,,,,,,N,,,,,,,,,,,
,DYLAN,M,REDDOCH,,900990701,N,20260801,,,,,,,,,,,,,,N,,,,,,,,,,,
,SPENCER,S,PAYNE,,900990756,N,20260801,,,,,,,,,,,,,,N,,,,,,,,,,,
,ALEXANDER,W,FEE,,900991977,N,20260801,,,,,,,,,,,,,,N,,,,,,,,,,,
,SELENE,M,GALLEGOS,,900992853,N,20260801,,,,,,,,,,,,,,N,,,,,,,,,,,
,VIRGINIA,L,ELLIS,,900992985,N,20260801,,,,,,,,,,,,,,N,,,,,,,,,,,
,MIRANDA,G,JOHNSON,,900989022,N,20260801,,,,,,,,,,,,,,N,,,,,,,,,,,
,GEORGE,W,HAFF,,900990223,N,20260801,,,,,,,,,,,,,,N,,,,,,,,,,,
,OFELIA,,BENITEZ,,900990684,N,20260801,,,,,,,,,,,,,,N,,,,,,,,,,,
,BEAU,D,CRUMLEY,,900990804,Y,20260801,020530-00,LIBERTY UNIVERSITY,VA,4,Private,20260629,20260821,F,S,ELEMENTARY EDUCATION,131202,,,N,,,,,,,,,,,1
,KELLY,M,RUCKER,,900990925,N,20260801,,,,,,,,,,,,,,N,,,,,,,,,,,
,ADAR,A,LEAL,,900991474,N,20260801,,,,,,,,,,,,,,N,,,,,,,,,,,
,JONATHAN,A,PICKETT,,900991750,N,20260801,,,,,,,,,,,,,,N,,,,,,,,,,,
,KYLE,A,WARR,,900991842,N,20260801,,,,,,,,,,,,,,N,,,,,,,,,,,
,CORTLAND,T,MCCORMACK,,900992419,N,20260801,,,,,,,,,,,,,,N,,,,,,,,,,,
,IDANIA,G,PADILLA,,900998471,N,20260801,,,,,,,,,,,,,,N,,,,,,,,,,,
,LILLIAN,E,ODOM,,900998558,N,20260801,,,,,,,,,,,,,,N,,,,,,,,,,,
,DYLAN,C,WILLS,,900998954,N,20260801,,,,,,,,,,,,,,N,,,,,,,,,,,
,VI-ANNA,,KOTZE,,900999611,N,20260801,,,,,,,,,,,,,,N,,,,,,,,,,,
,CONNOR,L,BOU,,900999691,Y,20260801,001577-00,KENNESAW STATE UNIVERSITY,GA,4,Public,20260824,20261214,F,B,MECHANICAL ENGINEERING,141901,,,N,,,,,,,,,,,1
,JAKE,R,OWENS,,900999760,N,20260801,,,,,,,,,,,,,,N,,,,,,,,,,,
,ALANNAH,I,PADILLA,,900999824,N,20260801,,,,,,,,,,,,,,N,,,,,,,,,,,
,MACIE,E,EVANS,,901000754,N,20260801,,,,,,,,,,,,,,N,,,,,,,,,,,
,LON,K,CALLIS,,901000823,N,20260801,,,,,,,,,,,,,,N,,,,,,,,,,,
,CALEB,M,FERWERDA,,901000837,Y,20260801,001598-00,UNIVERSITY OF GEORGIA,GA,4,Public,20260512,20260803,F,B,INTENDED SPORT MANAGEMENT,310504,,,N,,,,,,,,,,,1
,JASMIN,,PARTIDA,,901001264,N,20260801,,,,,,,,,,,,,,N,,,,,,,,,,,
,LESLIE,F,LEE,,901001868,N,20260801,,,,,,,,,,,,,,N,,,,,,,,,,,
,GRACE,E,BRYSON,,901001918,Y,20260801,001598-00,UNIVERSITY OF GEORGIA,GA,4,Public,20260512,20260803,F,B,PSYCHOLOGY,420101,,,N,,,,,,,,,,,1
,GRACIE,B,WILSON,,901002136,Y,20260801,001585-00,UNIVERSITY OF NORTH GEORGIA,GA,4,Public,20260810,20261204,L,B,CHEMISTRY BIOCHEM CONCENT,400501,,,N,,,,,,,,,,,1
,ELIZABETH,M,ELDER,,901002517,N,20260801,,,,,,,,,,,,,,N,,,,,,,,,,,
,TORI,,HUMAN,,901002856,Y,20260801,001577-00,KENNESAW STATE UNIVERSITY,GA,4,Public,20260824,20261214,F,B,PSYCHOLOGY,420101,,,N,,,,,,,,,,,1
,GRANT,S,SANDERS,,901003508,Y,20260801,001598-00,UNIVERSITY OF GEORGIA,GA,4,Public,20260512,20260803,F,B,INTENDED MGMT INFO SYSTEMS,521201,,,N,,,,,,,,,,,1
,CARLY,N,SMITH,,901003676,N,20260801,,,,,,,,,,,,,,N,,,,,,,,,,,
,LAUREN,A,CANTRELL,,900995967,Y,20260801,001598-00,UNIVERSITY OF GEORGIA,GA,4,Public,20260512,20260803,H,B,INTENDED ACCOUNTING,520301,,,N,,,,,,,,,,,1
,ABRAHAM,S,CONDRELL,,900996784,N,20260801,,,,,,,,,,,,,,N,,,,,,,,,,,
,HENRY,R,LEEMAN,,900997036,N,20260801,,,,,,,,,,,,,,N,,,,,,,,,,,
,ELLA,G,SQUIRES,,900997566,Y,20260801,001598-00,UNIVERSITY OF GEORGIA,GA,4,Public,20260512,20260803,F,B,INTENDED SPORT MANAGEMENT,310504,,,N,,,,,,,,,,,1
,SARAH,M,HUCK,,900997963,N,20260801,,,,,,,,,,,,,,N,,,,,,,,,,,
,JAYDON,A,DENNIS,,900998322,N,20260801,,,,,,,,,,,,,,N,,,,,,,,,,,
,PRANAV,,NATARAJAN,,900998401,Y,20260801,003754-00,VIRGINIA POLYTECH & STATE UNIV,VA,4,Public,20260526,20260814,L,R,MECHANICAL ENGINEERING,141901,,,N,,,,,,,,,,,1
,JORDAN,D,WRIGHT,,900998676,N,20260801,,,,,,,,,,,,,,N,,,,,,,,,,,
,CASEY,A,KNIGHT,,900999502,N,20260801,,,,,,,,,,,,,,N,,,,,,,,,,,
,SARA,A,BISHOP,,900992504,N,20260801,,,,,,,,,,,,,,N,,,,,,,,,,,
,JUDE,T,DOUGLAS,,900993166,N,20260801,,,,,,,,,,,,,,N,,,,,,,,,,,
,AUTUMN,G,HERSEY,,900993219,N,20260801,,,,,,,,,,,,,,N,,,,,,,,,,,
,PEYTON,L,SCHIMMEL,,900993374,N,20260801,,,,,,,,,,,,,,N,,,,,,,,,,,
,KYLIE,A,MCDONALD,,900993834,N,20260801,,,,,,,,,,,,,,N,,,,,,,,,,,
,LANIE,R,BROWN,,900993908,N,20260801,,,,,,,,,,,,,,N,,,,,,,,,,,
,LINDY,E,COILE,,900994137,N,20260801,,,,,,,,,,,,,,N,,,,,,,,,,,
,MANIYA,L,SMITH,,900994148,Y,20260801,001579-00,AUGUSTA UNIVERSITY,GA,4,Public,20260518,20260806,H,B,KINESIOLOGY,310505,,,N,,,,,,,,,,,1
,MANIYA,L,SMITH,,900994148,Y,20260801,001579-00,AUGUSTA UNIVERSITY,GA,4,Public,20260518,20260803,H,B,KINESIOLOGY,310505,,,N,,,,,,,,,,,1
,GEORGE,S,GREEN,,900994310,N,20260801,,,,,,,,,,,,,,N,,,,,,,,,,,
,CARLY,B,WYRICK,,901004320,N,20260801,,,,,,,,,,,,,,N,,,,,,,,,,,
,GREYSON,,MADONIA,,901004328,N,20260801,,,,,,,,,,,,,,N,,,,,,,,,,,
,ARMANDO,,PADILLA-GRACIANO,,901004566,Y,20260801,001598-00,UNIVERSITY OF GEORGIA,GA,4,Public,20260512,20260803,H,B,POLITICAL SCIENCE,451001,,,N,,,,,,,,,,,1
,TRENT,H,BARNICK,,901004824,Y,20260801,001577-00,KENNESAW STATE UNIVERSITY,GA,4,Public,20260824,20261214,F,B,AEROSPACE ENGINEERING,140201,,,N,,,,,,,,,,,1
,COOPER,P,EGLIAN,,901004826,N,20260801,,,,,,,,,,,,,,N,,,,,,,,,,,
,MATHIEU,A,HOGAN,,901005158,Y,20260801,001577-00,KENNESAW STATE UNIVERSITY,GA,4,Public,20260824,20261214,Q,B,COMPUTER SCIENCE,110701,,,N,,,,,,,,,,,1
,BENJAMIN,S,BLOCH,,901005609,N,20260801,,,,,,,,,,,,,,N,,,,,,,,,,,
,ANSLEY,G,PRIDDY,,901005919,N,20260801,,,,,,,,,,,,,,N,,,,,,,,,,,
,CHRISTOPHER,B,PUCKETT,,901006088,N,20260801,,,,,,,,,,,,,,N,,,,,,,,,,,
,ESTACIA,L,LAWHORN,,900999613,N,20260801,,,,,,,,,,,,,,N,,,,,,,,,,,
,KATELYN,E,OKES,,900999616,N,20260801,,,,,,,,,,,,,,N,,,,,,,,,,,
,CASSIDY,L,CANNON,,900999687,N,20260801,,,,,,,,,,,,,,N,,,,,,,,,,,
,RYAN,D,SMILEY,,900999806,N,20260801,,,,,,,,,,,,,,N,,,,,,,,,,,
,CODY,J,BRUMBACH,,900999907,N,20260801,,,,,,,,,,,,,,N,,,,,,,,,,,
,TYLER,T,GACKELER,,900999998,N,20260801,,,,,,,,,,,,,,N,,,,,,,,,,,
,JASPER,,WOOTERS,,901000035,Y,20260801,002981-00,WESTERN CAROLINA UNIVERSITY,NC,4,Public,20260817,20261211,F,B,ANTHROPOLOGY,450201,,,N,,,,,,,,,,,1
,WILLIAM,C,JOHNSON,,901000716,N,20260801,,,,,,,,,,,,,,N,,,,,,,,,,,
,KATE,O,LOGAN,,901001218,Y,20260801,001598-00,UNIVERSITY OF GEORGIA,GA,4,Public,20260512,20260803,H,B,ART,500701,,,N,,,,,,,,,,,1
,JACKSON,C,MONIE,,900994663,Y,20260801,001598-00,UNIVERSITY OF GEORGIA,GA,4,Public,20260512,20260713,W,B,INTENDED CIVIL ENGINEERING,140801,,,N,,,,,,,,,,,1
,TYLER,K,STINCHCOMB,,900995013,N,20260801,,,,,,,,,,,,,,N,,,,,,,,,,,
,FRANCIS,C,GREEN,,900995054,N,20260801,,,,,,,,,,,,,,N,,,,,,,,,,,
,NOAH,M,BROWN,,900995219,N,20260801,,,,,,,,,,,,,,N,,,,,,,,,,,
,ESTELA,V,FLORES,,900995545,N,20260801,,,,,,,,,,,,,,N,,,,,,,,,,,
,GARRETT,M,ZALEWSKI,,900995694,N,20260801,,,,,,,,,,,,,,N,,,,,,,,,,,
,VIALY,M,BAUTISTA,,900995782,N,20260801,,,,,,,,,,,,,,N,,,,,,,,,,,
,MATTHEW,F,PHAGAN,,900996074,N,20260801,,,,,,,,,,,,,,N,,,,,,,,,,,
,SAVANNAH,E,PRUETT,,900998414,Y,20260801,001598-00,UNIVERSITY OF GEORGIA,GA,4,Public,20260512,20260803,F,B,HOSPITALITY FOOD INDUST MGMT,520901,,,N,,,,,,,,,,,1
,TURNER,C,JOHNSON,,900993609,Y,20260801,001577-00,KENNESAW STATE UNIVERSITY,GA,4,Public,20260824,20261214,F,B,SPORT MANAGEMENT INTEREST,310504,,,N,,,,,,,,,,,1
,LOGAN,G,MAGNUSON,,900993731,N,20260801,,,,,,,,,,,,,,N,,,,,,,,,,,
,CAROLINE,M,REDMOND,,900993835,N,20260801,,,,,,,,,,,,,,N,,,,,,,,,,,
,PARIS,Q,NGUYEN,,900993975,N,20260801,,,,,,,,,,,,,,N,,,,,,,,,,,
,CARSON,A,LOVELESS,,900994295,Y,20260801,001588-00,PIEDMONT UNIVERSITY,GA,4,Private,20260812,20261208,F,J,NURSING,513801,,,N,,,,,,,,,,,1
,ETHAN,T,HAGELTHORN,,900994346,N,20260801,,,,,,,,,,,,,,N,,,,,,,,,,,
,SKYLAR,G,LAMBERT,,900994353,N,20260801,,,,,,,,,,,,,,N,,,,,,,,,,,
,MACKYNZE,G,WILLIAMS,,900994436,Y,20260801,001598-00,UNIVERSITY OF GEORGIA,GA,4,Public,20260512,20260803,F,B,COMMUNICATION STUDIES,090101,,,N,,,,,,,,,,,1
,JOHN,H,HALL,,900994802,N,20260801,,,,,,,,,,,,,,N,,,,,,,,,,,
,JANEYA,,WILLIAMS,,901001487,N,20260801,,,,,,,,,,,,,,N,,,,,,,,,,,
,ERICA,T,THURMOND,,901001670,N,20260801,,,,,,,,,,,,,,N,,,,,,,,,,,
,EMMA,G,PICKLESIMER,,901002453,N,20260801,,,,,,,,,,,,,,N,,,,,,,,,,,
,OWEN,B,MORIARTY,,901002559,Y,20260801,001598-00,UNIVERSITY OF GEORGIA,GA,4,Public,20260512,20260803,F,B,FINANCIAL PLANNING,190401,,,N,,,,,,,,,,,1
,MICHAEL,,ADAMS,,901002817,N,20260801,,,,,,,,,,,,,,N,,,,,,,,,,,
,SOPHIE,,PETERS,,901003399,N,20260801,,,,,,,,,,,,,,N,,,,,,,,,,,
,AVA,K,SILVA,,901003681,N,20260801,,,,,,,,,,,,,,N,,,,,,,,,,,
,CARSON,L,HEINZ,,901003793,N,20260801,,,,,,,,,,,,,,N,,,,,,,,,,,
,LUCY,L,COOK,,901004339,N,20260801,,,,,,,,,,,,,,N,,,,,,,,,,,
,KRYSTA,F,DANFORTH,,901004944,N,20260801,,,,,,,,,,,,,,N,,,,,,,,,,,
,LAURA,G,DUNCAN,,901004967,Y,20260801,001598-00,UNIVERSITY OF GEORGIA,GA,4,Public,20260512,20260803,F,B,BIOLOGY,260101,,,N,,,,,,,,,,,1
,JOHN,C,WATSON,,901005128,N,20260801,,,,,,,,,,,,,,N,,,,,,,,,,,
,IVANNA,L,POLO,,901005281,Y,20260801,001598-00,UNIVERSITY OF GEORGIA,GA,4,Public,20260512,20260803,F,B,INTENDED MARKETING,521401,,,N,,,,,,,,,,,1
,VALERIE,,HERNANDEZ,,901005478,Y,20260801,001598-00,UNIVERSITY OF GEORGIA,GA,4,Public,20260512,20260803,F,B,BIOLOGY,260101,,,N,,,,,,,,,,,1
,ELIJAH,V,PINO,,901005677,N,20260801,,,,,,,,,,,,,,N,,,,,,,,,,,
,SARAH,,BROWN,,901005791,N,20260801,,,,,,,,,,,,,,N,,,,,,,,,,,
,ALEGEND,J,HOWARD,,901005815,Y,20260801,001577-00,KENNESAW STATE UNIVERSITY,GA,4,Public,20260824,20261214,Q,B,ACCOUNTING INTEREST,520301,,,N,,,,,,,,,,,1
,BRIANNA,M,JACOBS,,901005932,N,20260801,,,,,,,,,,,,,,N,,,,,,,,,,,
,AMAILY,,MUNOZ,,900994848,N,20260801,,,,,,,,,,,,,,N,,,,,,,,,,,
,GUY,C,HAMMOND,,900995924,N,20260801,,,,,,,,,,,,,,N,,,,,,,,,,,
,WILLIAM,B,ATKINS,,900996016,N,20260801,,,,,,,,,,,,,,N,,,,,,,,,,,
,GLYNIS,A,BROWN,,900996117,N,20260801,,,,,,,,,,,,,,N,,,,,,,,,,,
,MAGGIE,E,SPILLANE,,900996118,N,20260801,,,,,,,,,,,,,,N,,,,,,,,,,,
,PARIS,K,HUMPHREYS,,900996913,N,20260801,,,,,,,,,,,,,,N,,,,,,,,,,,
,JUSTIN,T,MYERS,,900998104,N,20260801,,,,,,,,,,,,,,N,,,,,,,,,,,
,MELISSA,,GOMEZ-SOTO,,900998109,N,20260801,,,,,,,,,,,,,,N,,,,,,,,,,,
,VICTORIA,A,CARVILLE,,900998292,N,20260801,,,,,,,,,,,,,,N,,,,,,,,,,,
,SHIAN,M,COOLEY,,900998483,N,20260801,,,,,,,,,,,,,,N,,,,,,,,,,,
,ALEXIS,A,GONZALES,,900998922,N,20260801,,,,,,,,,,,,,,N,,,,,,,,,,,
,ELISE,,CONNAUGHTON,,900998996,Y,20260801,001598-00,UNIVERSITY OF GEORGIA,GA,4,Public,20260512,20260803,F,B,PSYCHOLOGY,420101,,,N,,,,,,,,,,,1
,PAULINA,,CRUZ,,900999726,N,20260801,,,,,,,,,,,,,,N,,,,,,,,,,,
,ISABELLA,,RODRIGUEZ,,900999754,N,20260801,,,,,,,,,,,,,,N,,,,,,,,,,,
,KYAN,D,BROWN,,901000259,N,20260801,,,,,,,,,,,,,,N,,,,,,,,,,,
,BROOKE,E,BURNETTE,,901000564,N,20260801,,,,,,,,,,,,,,N,,,,,,,,,,,
,EVELYN,M,CAMPBELL,,901000682,N,20260801,,,,,,,,,,,,,,N,,,,,,,,,,,
,RAMON,,AGUILAR,,901000882,Y,20260801,001577-00,KENNESAW STATE UNIVERSITY,GA,4,Public,20260824,20261214,F,B,CONSTRUCTION MANAGEMENT,143301,,,N,,,,,,,,,,,1
,THOMAS,J,BLASSINGAME,,901001020,Y,20260801,001577-00,KENNESAW STATE UNIVERSITY,GA,4,Public,20260824,20261214,F,B,CONSTRUCTION MANAGEMENT,143301,,,N,,,,,,,,,,,1
,SAMANTHA,R,DE HAAN,,901001479,N,20260801,,,,,,,,,,,,,,N,,,,,,,,,,,
,JAMES,,HOGUE,,901001717,N,20260801,,,,,,,,,,,,,,N,,,,,,,,,,,
,BRYN,M,BRYANT,,901002093,N,20260801,,,,,,,,,,,,,,N,,,,,,,,,,,
,FAITH,,HERING,,901002479,N,20260801,,,,,,,,,,,,,,N,,,,,,,,,,,
,ROBERT,J,MYERS,,901002847,N,20260801,,,,,,,,,,,,,,N,,,,,,,,,,,
,MCKENZIE,A,REDISH,,901003275,Y,20260801,001598-00,UNIVERSITY OF GEORGIA,GA,4,Public,20260512,20260803,H,B,INTENDED PUBLIC RELATIONS,090902,,,N,,,,,,,,,,,1
,KAYLA,,XIONG,,901003338,N,20260801,,,,,,,,,,,,,,N,,,,,,,,,,,
,ANSLEY,M,LEDBETTER,,901003622,N,20260801,,,,,,,,,,,,,,N,,,,,,,,,,,
,GARRETT,C,SHORT,,900998549,N,20260801,,,,,,,,,,,,,,N,,,,,,,,,,,
,SARA,E,CURTIN,,900998864,N,20260801,,,,,,,,,,,,,,N,,,,,,,,,,,
,ANTHONY,M,LAWRENCE,,900999237,N,20260801,,,,,,,,,,,,,,N,,,,,,,,,,,
,EMILY,F,CLEMMONS,,900999419,N,20260801,,,,,,,,,,,,,,N,,,,,,,,,,,
,MADISON,R,CAMPBELL,,900999740,N,20260801,,,,,,,,,,,,,,N,,,,,,,,,,,
,CALUM,J,MCPARTLIN,,900999799,N,20260801,,,,,,,,,,,,,,N,,,,,,,,,,,
,DYLAN,,HUME,,901000168,Y,20260801,004586-00,PURDUE UNIVERSITY GLOBAL,IN,4,Public,20260729,20261006,Q,J,BUSINESS ADMINISTRATION,520201,,,N,,,,,,,,,,,1
,CAROLINE,,HARDEGREE,,901001108,N,20260801,,,,,,,,,,,,,,N,,,,,,,,,,,
,HUNTER,S,RILEY,,901001493,N,20260801,,,,,,,,,,,,,,N,,,,,,,,,,,
,HANNAH ZOE,E,CUSTER,,901003847,N,20260801,,,,,,,,,,,,,,N,,,,,,,,,,,
,LOGAN,,THORNTON,,901004778,N,20260801,,,,,,,,,,,,,,N,,,,,,,,,,,
,KALLIE,S,JANKOWSKI,,901004861,N,20260801,,,,,,,,,,,,,,N,,,,,,,,,,,
,ROCIO,A,LAZO,,901004863,Y,20260801,033394-00,WESTERN GOVERNORS UNIVERSITY,UT,4,Private,20260601,20261130,F,B,BUSINESS MANAGEMENT,520201,,,N,,,,,,,,,,,1
,OWEN,C,BROWN,,901004962,N,20260801,,,,,,,,,,,,,,N,,,,,,,,,,,
,RACHEL,,RABEL,,901005208,N,20260801,,,,,,,,,,,,,,N,,,,,,,,,,,
,CHRISTINA,D,COLLINS,,901005262,N,20260801,,,,,,,,,,,,,,N,,,,,,,,,,,
,GIOVANI,,DELGADO,,901005951,N,20260801,,,,,,,,,,,,,,N,,,,,,,,,,,
,JASON,S,HALCOMB,,901005972,N,20260801,,,,,,,,,,,,,,N,,,,,,,,,,,
,TREVOR,O,GRACE,,901006303,N,20260801,,,,,,,,,,,,,,N,,,,,,,,,,,
,ANNA,S,RUSSELL,,901006348,Y,20260801,001598-00,UNIVERSITY OF GEORGIA,GA,4,Public,20260512,20260803,H,B,INTENDED FINANCE,520801,,,N,,,,,,,,,,,1
,YOSIRI,J,PEREZ-GUEL,,901006537,N,20260801,,,,,,,,,,,,,,N,,,,,,,,,,,
,EDGAR,,VELAZQUEZ-RODRIGUEZ,,901006764,N,20260801,,,,,,,,,,,,,,N,,,,,,,,,,,
,DARLA,L,SCHMIDT,,901006872,N,20260801,,,,,,,,,,,,,,N,,,,,,,,,,,
,GRIFFIN,P,EVJE,,901007143,N,20260801,,,,,,,,,,,,,,N,,,,,,,,,,,
,CAROLINE,R,TIMLER,,901007195,Y,20260801,001598-00,UNIVERSITY OF GEORGIA,GA,4,Public,20260512,20260803,H,B,INTENDED ADVERTISING,090903,,,N,,,,,,,,,,,1
,JULIANA,L,ATKINSON,,901010172,N,20260801,,,,,,,,,,,,,,N,,,,,,,,,,,
,NATALIE,B,EYERLY,,901010184,N,20260801,,,,,,,,,,,,,,N,,,,,,,,,,,
,KATHLEEN,G,ROTHWELL-ADCOCK,,901001729,N,20260801,,,,,,,,,,,,,,N,,,,,,,,,,,
,JAYDEN,Q,PIERCE,,901001942,N,20260801,,,,,,,,,,,,,,N,,,,,,,,,,,
,ANDRE,,SANABRIA,,901001983,N,20260801,,,,,,,,,,,,,,N,,,,,,,,,,,
,JUSTIN,L,MCDOUGALD,,901002032,N,20260801,,,,,,,,,,,,,,N,,,,,,,,,,,
,OWEN,E,WALLS,,901002115,Y,20260801,001598-00,UNIVERSITY OF GEORGIA,GA,4,Public,20260512,20260803,H,B,INTENDED ACCOUNTING,520301,,,N,,,,,,,,,,,1
,DANNA,P,FLORES,,901002158,N,20260801,,,,,,,,,,,,,,N,,,,,,,,,,,
,CHARLES,M,ROZAR,,901002587,Y,20260801,001577-00,KENNESAW STATE UNIVERSITY,GA,4,Public,20260824,20261214,F,B,GEOGRAPHY,450701,CER0 IN GEOGRAPHIC INFO SCI,450702,N,,,,,,,,,,,1
,PERLA,,VALENZUELA,,901002651,N,20260801,,,,,,,,,,,,,,N,,,,,,,,,,,
,EMMALINE,P,BAILEY,,901002663,N,20260801,,,,,,,,,,,,,,N,,,,,,,,,,,
,NATHAN,E,PESTELL,,901006512,N,20260801,,,,,,,,,,,,,,N,,,,,,,,,,,
,ALEXIS,A,YEARGIN,,901006926,N,20260801,,,,,,,,,,,,,,N,,,,,,,,,,,
,JACK,M,WRIGHT,,901007358,N,20260801,,,,,,,,,,,,,,N,,,,,,,,,,,
,ARIANNA,F,BENNETT,,901010159,N,20260801,,,,,,,,,,,,,,N,,,,,,,,,,,
,CHRISTOPHER,R,OGLETREE,,901010231,N,20260801,,,,,,,,,,,,,,N,,,,,,,,,,,
,DAVIS,L,PRITCHARD,,901010235,N,20260801,,,,,,,,,,,,,,N,,,,,,,,,,,
,JADYN,A,JETT,,901011256,N,20260801,,,,,,,,,,,,,,N,,,,,,,,,,,
,GREYSON,M,KNOWLTON,,901011772,N,20260801,,,,,,,,,,,,,,N,,,,,,,,,,,
,JORDYN,B,WOLFSON,,901012094,N,20260801,,,,,,,,,,,,,,N,,,,,,,,,,,
,NATHAN,W,HOGARD,,901003141,Y,20260801,001577-00,KENNESAW STATE UNIVERSITY,GA,4,Public,20260824,20261214,F,B,MECHANICAL ENGINEERING,141901,,,N,,,,,,,,,,,1
,MCKENZIE,M,FLANAGAN,,901003430,N,20260801,,,,,,,,,,,,,,N,,,,,,,,,,,
,THOMAS,M,CABANISS,,901004083,Y,20260801,001577-00,KENNESAW STATE UNIVERSITY,GA,4,Public,20260824,20261214,F,B,MECHANICAL ENGINEERING,141901,,,N,,,,,,,,,,,1
,ABIGAYLE,G,PRESLEY,,901004275,Y,20260801,002011-00,LOUISIANA STATE UNIVERSITY AT ALEXANDRIA,LA,4,Public,20260511,20260816,F,J,ACCOUNTING,520301,,,N,,,,,,,,,,,1
,ADALBERTO,I,GARCIA-LUX,,901004331,N,20260801,,,,,,,,,,,,,,N,,,,,,,,,,,
,BRETT,A,DURHAM,,901004497,Y,20260801,001569-00,GEORGIA INSTITUTE OF TECHNOLOGY,GA,4,Public,20260518,20260806,H,B,CHEMICAL AND BIOMOLECULAR ENG,140701,,,N,,,,,,,,,,,1
,CALEB,H,NORRELL,,901004616,N,20260801,,,,,,,,,,,,,,N,,,,,,,,,,,
,BETHANY,D,POSEY,,901004726,N,20260801,,,,,,,,,,,,,,N,,,,,,,,,,,
,ANDREA,M,DINH,,901004806,Y,20260801,001571-00,GEORGIA MILITARY COLLEGE- ONLINE,GA,2,Public,20260810,20261006,F,F,,,,,N,,,,,,,,,,,1
,NATHANIEL,L,MALOOF,,901006238,N,20260801,,,,,,,,,,,,,,N,,,,,,,,,,,
,LATRICE,C,WALLER,,901006258,Y,20260801,001585-00,UNIVERSITY OF NORTH GEORGIA,GA,4,Public,20260810,20261204,L,,PUBLIC ADMINISTRATION,440401,,,N,,,,,,,,,,,1
,REESE,A,SENNETT,,901007178,N,20260801,,,,,,,,,,,,,,N,,,,,,,,,,,
,NICOLAS,D,PRATZ,,901007286,N,20260801,,,,,,,,,,,,,,N,,,,,,,,,,,
,COLIN,R,BAXTER,,901011662,N,20260801,,,,,,,,,,,,,,N,,,,,,,,,,,
,JENNIFER,L,BATCHELOR,,901011734,N,20260801,,,,,,,,,,,,,,N,,,,,,,,,,,
,MARGARET,M,CAPRARA,,901012652,N,20260801,,,,,,,,,,,,,,N,,,,,,,,,,,
,THEODORE,C,LEWIS,,901012956,N,20260801,,,,,,,,,,,,,,N,,,,,,,,,,,
,MAYA,J,KOZAK,,901013079,N,20260801,,,,,,,,,,,,,,N,,,,,,,,,,,
,DRAKE,A,SMITHERMAN,,901005551,N,20260801,,,,,,,,,,,,,,N,,,,,,,,,,,
,BLAKE,J,ROWLETT,,901005687,N,20260801,,,,,,,,,,,,,,N,,,,,,,,,,,
,ANDRES,,MADERA,,901005733,N,20260801,,,,,,,,,,,,,,N,,,,,,,,,,,
,MICHAEL,A,GANNON,,901005876,N,20260801,,,,,,,,,,,,,,N,,,,,,,,,,,
,ANNABETH,M,POOLE,,901005958,N,20260801,,,,,,,,,,,,,,N,,,,,,,,,,,
,JACOB,R,JOHNSON,,901006313,Y,20260801,001577-00,KENNESAW STATE UNIVERSITY,GA,4,Public,20260824,20261214,F,B,COMPUTER GAME DESIGN DEV,110204,,,N,,,,,,,,,,,1
,TEMANA,K,SHIMASAKI,,901006352,N,20260801,,,,,,,,,,,,,,N,,,,,,,,,,,
,ALEXANDER,F,DEL AGUILA,,901006496,N,20260801,,,,,,,,,,,,,,N,,,,,,,,,,,
,JAIA,O,GRANT,,901006763,N,20260801,,,,,,,,,,,,,,N,,,,,,,,,,,
,SOPHIA,J,PARKS,,901010233,N,20260801,,,,,,,,,,,,,,N,,,,,,,,,,,
,JEFFREY,,HAMMOND,,901011221,N,20260801,,,,,,,,,,,,,,N,,,,,,,,,,,
,ANSLEY,B,LUNSFORD,,901011242,N,20260801,,,,,,,,,,,,,,N,,,,,,,,,,,
,CARLEY,R,COCKFIELD,,901012255,N,20260801,,,,,,,,,,,,,,N,,,,,,,,,,,
,SADIE,,SCHMIDT,,901012555,N,20260801,,,,,,,,,,,,,,N,,,,,,,,,,,
,EADY,C,HALL,,901012828,N,20260801,,,,,,,,,,,,,,N,,,,,,,,,,,
,HOUSTON,J,SWINFORD,,901012878,N,20260801,,,,,,,,,,,,,,N,,,,,,,,,,,
,LOGAN,C,DEVLIN,,901013222,N,20260801,,,,,,,,,,,,,,N,,,,,,,,,,,
,KEELIN,,KLEIN,,901013385,Y,20260801,001598-00,UNIVERSITY OF GEORGIA,GA,4,Public,20260512,20260803,F,B,ANIMAL BIOSCIENCES,260701,,,N,,,,,,,,,,,1
,JESUS,,ALVARADO,,901007053,Y,20260801,001598-00,UNIVERSITY OF GEORGIA,GA,4,Public,20260512,20260803,F,B,INTENDED MECHANICAL ENG,141901,,,N,,,,,,,,,,,1
,HANSEL,J,VELASQUEZ,,901007072,N,20260801,,,,,,,,,,,,,,N,,,,,,,,,,,
,JOHN,T,DO,,901007135,Y,20260801,001577-00,KENNESAW STATE UNIVERSITY,GA,4,Public,20260824,20261214,F,B,PSYCHOLOGY,420101,,,N,,,,,,,,,,,1
,JORDYN,L,WINKLER,,901007377,Y,20260801,001588-00,PIEDMONT UNIVERSITY,GA,4,Private,20260812,20261208,F,J,NURSING,513801,,,N,,,,,,,,,,,1
,REBECCA,M,TEAGUE,,901011963,N,20260801,,,,,,,,,,,,,,N,,,,,,,,,,,
,SYDNEY,,PATTON,,901012100,Y,20260801,001598-00,UNIVERSITY OF GEORGIA,GA,4,Public,20260512,20260803,F,B,ART,500701,,,N,,,,,,,,,,,1
,CAMRYN,M,ODDO,,901012295,Y,20260801,001588-00,PIEDMONT UNIVERSITY,GA,4,Private,20260812,20261208,F,R,COMPUTER SCIENCE,110101,ENGINEERING SCIENCE,140101,N,,,,,,,,,,,1
,MADISON,R,RAFFERTY,,901012415,N,20260801,,,,,,,,,,,,,,N,,,,,,,,,,,
,CHARLES,T,TITSHAW,,901012559,N,20260801,,,,,,,,,,,,,,N,,,,,,,,,,,
,RYAN,M,HUBER,,901012746,N,20260801,,,,,,,,,,,,,,N,,,,,,,,,,,
,GABRIEL,L,HASTINGS,,901013583,N,20260801,,,,,,,,,,,,,,N,,,,,,,,,,,
,ASHLEY,R,KELTON,,901013751,N,20260801,,,,,,,,,,,,,,N,,,,,,,,,,,
,ROWAN,E,PONELIS,,901013830,N,20260801,,,,,,,,,,,,,,N,,,,,,,,,,,
,ROBERT,A,FULLER,,901013919,N,20260801,,,,,,,,,,,,,,N,,,,,,,,,,,
,GRACE,A,KELLY,,901014284,N,20260801,,,,,,,,,,,,,,N,,,,,,,,,,,
,PAYTON,M,POTLOCK-PIZANO,,901014356,N,20260801,,,,,,,,,,,,,,N,,,,,,,,,,,
,MATHIS,,HUDGINS,,901014672,N,20260801,,,,,,,,,,,,,,N,,,,,,,,,,,
,ALISON,F,MCGINNIS,,901014736,Y,20260801,001598-00,UNIVERSITY OF GEORGIA,GA,4,Public,20260512,20260803,F,B,COMMUNICATION STUDIES,090101,,,N,,,,,,,,,,,1
,ZAKIR,,HAJIGIL,,901014767,N,20260801,,,,,,,,,,,,,,N,,,,,,,,,,,
,CARTER,A,SMITH,,901014981,N,20260801,,,,,,,,,,,,,,N,,,,,,,,,,,
,KIARA,,WEEKS,,901014984,N,20260801,,,,,,,,,,,,,,N,,,,,,,,,,,
,CORBIN,W,JOCKERS,,901015058,N,20260801,,,,,,,,,,,,,,N,,,,,,,,,,,
,ANNA,G,SHEPPARD,,901015080,N,20260801,,,,,,,,,,,,,,N,,,,,,,,,,,
,MALLORY,C,HOWARD,,901015170,Y,20260801,020530-00,LIBERTY UNIVERSITY,VA,4,Private,20260518,20260821,H,J,ELEMENTARY EDUCATION,131202,,,N,,,,,,,,,,,1
,REECE,R,TAYLOR,,901015346,N,20260801,,,,,,,,,,,,,,N,,,,,,,,,,,
,COLTON,G,HICKS,,901015377,N,20260801,,,,,,,,,,,,,,N,,,,,,,,,,,
,REESE,,MCHUGH,,901015426,N,20260801,,,,,,,,,,,,,,N,,,,,,,,,,,
,WILLIAM,A,CHAFIN,,901012222,N,20260801,,,,,,,,,,,,,,N,,,,,,,,,,,
,CASEY,M,WEBB,,901012402,N,20260801,,,,,,,,,,,,,,N,,,,,,,,,,,
,HEATHER,G,GROOM,,901012915,N,20260801,,,,,,,,,,,,,,N,,,,,,,,,,,
,CALLUM,A,CAMPBELL,,901013027,N,20260801,,,,,,,,,,,,,,N,,,,,,,,,,,
,JULIAN,,NUTHMANN,,901013637,N,20260801,,,,,,,,,,,,,,N,,,,,,,,,,,
,TYLER,A,WIGGINS,,901013788,N,20260801,,,,,,,,,,,,,,N,,,,,,,,,,,
,EVAN,C,CUMMINGS,,901014590,N,20260801,,,,,,,,,,,,,,N,,,,,,,,,,,
,KATIARA,T,HERNANDEZ,,901014696,Y,20260801,001598-00,UNIVERSITY OF GEORGIA,GA,4,Public,20260512,20260803,F,B,BIOLOGY,260101,,,N,,,,,,,,,,,1
,HADEN,,HARPER,,901014700,Y,20260801,001598-00,UNIVERSITY OF GEORGIA,GA,4,Public,20260512,20260803,F,B,INTENDED MANAGEMENT,520201,,,N,,,,,,,,,,,1
,TRENTON,C,LANIER,,901013219,Y,20260801,001598-00,UNIVERSITY OF GEORGIA,GA,4,Public,20260512,20260803,F,B,SPORT MANAGEMENT,310504,,,N,,,,,,,,,,,1
,CAMERON,B,WOODS,,901013396,Y,20260801,001598-00,UNIVERSITY OF GEORGIA,GA,4,Public,20260512,20260803,F,B,INTENDED CRIMINAL JUSTICE,430103,,,N,,,,,,,,,,,1
,WILLIAM,J,WAGNER,,901013657,N,20260801,,,,,,,,,,,,,,N,,,,,,,,,,,
,THOMAS,L,AUCOIN,,901013721,Y,20260801,003448-00,UNIVERSITY OF SOUTH CAROLINA,SC,4,Public,20260816,20261214,F,J,SPORTS MEDIA,090906,,,N,,,,,,,,,,,1
,WILLIAM,,GOSS,,901013744,Y,20260801,020530-00,LIBERTY UNIVERSITY,VA,4,Private,20260518,20260821,F,R,ELEMENTARY EDUCATION,131202,,,N,,,,,,,,,,,1
,OLIVIA,G,THAYER,,901013924,Y,20260801,001577-00,KENNESAW STATE UNIVERSITY,GA,4,Public,20260824,20261214,F,B,ART,500701,,,N,,,,,,,,,,,1
,CATHERINE,G,HARRIS,,901014192,Y,20260801,001598-00,UNIVERSITY OF GEORGIA,GA,4,Public,20260512,20260803,F,B,MATHEMATICS,270101,CERT ACTUARIAL SCIENCE,521304,N,,,,,,,,,,,1
,CHLOE,J,MAYS,,901014219,N,20260801,,,,,,,,,,,,,,N,,,,,,,,,,,
,EMMA,M,MARTIN,,901015367,N,20260801,,,,,,,,,,,,,,N,,,,,,,,,,,
,DANIEL,J,GREEN,,901015794,N,20260801,,,,,,,,,,,,,,N,,,,,,,,,,,
,BRODY,,HEALAN,,901015820,Y,20260801,001598-00,UNIVERSITY OF GEORGIA,GA,4,Public,20260512,20260803,H,B,FINANCIAL PLANNING,190401,,,N,,,,,,,,,,,1
,CARLOS,A,CAMPOS,,901015825,N,20260801,,,,,,,,,,,,,,N,,,,,,,,,,,
,PETRINA,S,BELUK,,901015932,N,20260801,,,,,,,,,,,,,,N,,,,,,,,,,,
,CAMRYN,J,WINFREY,,901016126,N,20260801,,,,,,,,,,,,,,N,,,,,,,,,,,
,MASON,A,ERICKSON,,901016157,N,20260801,,,,,,,,,,,,,,N,,,,,,,,,,,
,NOAH,C,HARDY,,901016209,N,20260801,,,,,,,,,,,,,,N,,,,,,,,,,,
,CALEB,A,BARTON,,901016331,N,20260801,,,,,,,,,,,,,,N,,,,,,,,,,,
,BONNIE,K,WHEELER,,901016516,N,20260801,,,,,,,,,,,,,,N,,,,,,,,,,,
,MATTHEW,K,THOMASON,,901013849,N,20260801,,,,,,,,,,,,,,N,,,,,,,,,,,
,ALBERT,I,RICHARDSON,,901013853,N,20260801,,,,,,,,,,,,,,N,,,,,,,,,,,
,EMILY,A,GOLDEN,,901013907,N,20260801,,,,,,,,,,,,,,N,,,,,,,,,,,
,GABRIELA,A,ORTEGA POLANCO,,901014293,N,20260801,,,,,,,,,,,,,,N,,,,,,,,,,,
,MAGGIE,G,NUNN,,901014423,Y,20260801,001598-00,UNIVERSITY OF GEORGIA,GA,4,Public,20260512,20260803,F,B,OCEAN SCIENCE,303201,,,N,,,,,,,,,,,1
,ADRIAN,A,RIVERA RIVERA,,901014537,N,20260801,,,,,,,,,,,,,,N,,,,,,,,,,,
,AARON,M,ATTAWAY,,901014765,N,20260801,,,,,,,,,,,,,,N,,,,,,,,,,,
,GRANT,A,HAMILTON,,901015192,N,20260801,,,,,,,,,,,,,,N,,,,,,,,,,,
,CONNOR,S,JEANS,,901015988,N,20260801,,,,,,,,,,,,,,N,,,,,,,,,,,
,NORAH,E,FILLMAN,,901015937,N,20260801,,,,,,,,,,,,,,N,,,,,,,,,,,
,WILLIAM,D,WOLFE,,901016311,N,20260801,,,,,,,,,,,,,,N,,,,,,,,,,,
,GRANT,T,COKER,,901016403,N,20260801,,,,,,,,,,,,,,N,,,,,,,,,,,
,CIRA,I,GRISTINA,,901016603,N,20260801,,,,,,,,,,,,,,N,,,,,,,,,,,
,ANDERS,E,HAZELL,,901016627,N,20260801,,,,,,,,,,,,,,N,,,,,,,,,,,
,JOHN,D,ALLEN,,901016739,N,20260801,,,,,,,,,,,,,,N,,,,,,,,,,,
,BENJAMIN,N,RAY,,901016842,N,20260801,,,,,,,,,,,,,,N,,,,,,,,,,,
,JACK,T,DUVALL,,901016904,Y,20260801,001598-00,UNIVERSITY OF GEORGIA,GA,4,Public,20260512,20260803,F,B,INTENDED MARKETING,521401,,,N,,,,,,,,,,,1
,ELIZABETH,,VALDIVIA,,901016914,N,20260801,,,,,,,,,,,,,,N,,,,,,,,,,,
,WESTON,T,DAVID,,901014739,N,20260801,,,,,,,,,,,,,,N,,,,,,,,,,,
,ZACHARY,R,STEWART,,901015538,N,20260801,,,,,,,,,,,,,,N,,,,,,,,,,,
,JANIAH,R,HAYES,,901015588,N,20260801,,,,,,,,,,,,,,N,,,,,,,,,,,
,LUKE,,TIERNEY,,901015807,N,20260801,,,,,,,,,,,,,,N,,,,,,,,,,,
,ABBY,M,RICHARDSON,,901015815,Y,20260801,001598-00,UNIVERSITY OF GEORGIA,GA,4,Public,20260512,20260803,H,B,INTENDED RISK MGMT INSUR,521701,,,N,,,,,,,,,,,1
,CHRISTY,B,HULSEY,,901016450,Y,20260801,010727-00,DEVRY UNIVERSITY,IL,4,Private,20260504,20260829,H,B,TECHNICAL MANAGEMENT,520299,,,N,,,,,,,,,,,1
,VINSON,K,MEDLIN,,901016704,N,20260801,,,,,,,,,,,,,,N,,,,,,,,,,,
,EMERSON,G,TAYLOR,,901016853,N,20260801,,,,,,,,,,,,,,N,,,,,,,,,,,
,KATHRYN,T,KEADLE,,901017000,N,20260801,,,,,,,,,,,,,,N,,,,,,,,,,,
,MIKINNA,L,BRADLEY,,901016085,N,20260801,,,,,,,,,,,,,,N,,,,,,,,,,,
,TRINITY,R,KENNERLY,,901016332,N,20260801,,,,,,,,,,,,,,N,,,,,,,,,,,
,YANNA,M,BEREZNEV,,901016378,Y,20260801,001577-00,KENNESAW STATE UNIVERSITY,GA,4,Public,20260824,20261214,F,B,PUBLIC RELATIONS,090900,,,N,,,,,,,,,,,1
,EMMA,C,BARRETT,,901016442,N,20260801,,,,,,,,,,,,,,N,,,,,,,,,,,
,JULIA,S,BREEDLOVE,,901016637,N,20260801,,,,,,,,,,,,,,N,,,,,,,,,,,
,MOUSSA,A,ALSERAFEI,,901016726,N,20260801,,,,,,,,,,,,,,N,,,,,,,,,,,
,YIRAN,,PAN,,901016744,N,20260801,,,,,,,,,,,,,,N,,,,,,,,,,,
,LEILANI,P,KUENKER-FOCO,,901017263,N,20260801,,,,,,,,,,,,,,N,,,,,,,,,,,
,SKYLER,R,MURPHY,,901017382,N,20260801,,,,,,,,,,,,,,N,,,,,,,,,,,
,AARON,S,MAYO,,901016686,N,20260801,,,,,,,,,,,,,,N,,,,,,,,,,,
,RAFFERTY,H,SLAGLE,,901017051,N,20260801,,,,,,,,,,,,,,N,,,,,,,,,,,
,ULISSES,,SILIS,,901017135,N,20260801,,,,,,,,,,,,,,N,,,,,,,,,,,
,LANDAN,S,GREENE,,901017233,N,20260801,,,,,,,,,,,,,,N,,,,,,,,,,,
,HANNAH,S,GLASS,,901017282,Y,20260801,001577-00,KENNESAW STATE UNIVERSITY,GA,4,Public,20260824,20261214,F,B,PSYCHOLOGY,420101,,,N,,,,,,,,,,,1
,LUKE,B,WILKINS,,901017286,N,20260801,,,,,,,,,,,,,,N,,,,,,,,,,,
,FAISON,C,MOLLOY,,901017313,N,20260801,,,,,,,,,,,,,,N,,,,,,,,,,,
,MAXWELL,E,THOMPSON,,901017332,N,20260801,,,,,,,,,,,,,,N,,,,,,,,,,,
,BRENDAN,L,CLARK,,901017335,Y,20260801,001577-00,KENNESAW STATE UNIVERSITY,GA,4,Public,20260824,20261214,Q,B,CONSTRUCTION MANAGEMENT,143301,,,N,,,,,,,,,,,1
,MEGAN,N,TAYLOR,,901017016,Y,20260801,001598-00,UNIVERSITY OF GEORGIA,GA,4,Public,20260512,20260803,F,B,BIOLOGICAL SCIENCE,300101,,,N,,,,,,,,,,,1
,LANDON,D,AVALOS,,901017241,N,20260801,,,,,,,,,,,,,,N,,,,,,,,,,,
,MORGAN,R,TUGGLE,,901017242,N,20260801,,,,,,,,,,,,,,N,,,,,,,,,,,
,MYCHAELA,B,MOBLEY,,901017247,N,20260801,,,,,,,,,,,,,,N,,,,,,,,,,,
,CARLYN,C,MORTON,,901017668,N,20260801,,,,,,,,,,,,,,N,,,,,,,,,,,
,CIARA,,LONG,,901018312,N,20260801,,,,,,,,,,,,,,N,,,,,,,,,,,
,WILLIAM,P,FARMER,,901018348,N,20260801,,,,,,,,,,,,,,N,,,,,,,,,,,
,KATHERINE,P,HALL,,901018779,Y,20260801,001598-00,UNIVERSITY OF GEORGIA,GA,4,Public,20260512,20260803,F,B,INTENDED ADVERTISING,090903,,,N,,,,,,,,,,,1
,MATTHEW,T,KILLAM,,901018797,N,20260801,,,,,,,,,,,,,,N,,,,,,,,,,,
,JOHN,D,LITTLE,,901017011,Y,20260801,001577-00,KENNESAW STATE UNIVERSITY,GA,4,Public,20260824,20261214,F,B,MECHANICAL ENGINEERING,141901,,,N,,,,,,,,,,,1
,DAVIS,B,TANKERSLEY,,901017031,N,20260801,,,,,,,,,,,,,,N,,,,,,,,,,,
,BAILEY,M,PRESCOTT,,901017264,N,20260801,,,,,,,,,,,,,,N,,,,,,,,,,,
,ANNA,R,ANDERSON,,901017291,N,20260801,,,,,,,,,,,,,,N,,,,,,,,,,,
,FREDY,,CAMACHO,,901017293,N,20260801,,,,,,,,,,,,,,N,,,,,,,,,,,
,BRYAN,D,BENNETT,,901017408,N,20260801,,,,,,,,,,,,,,N,,,,,,,,,,,
,BENJAMIN,R,CORBETT,,901017546,N,20260801,,,,,,,,,,,,,,N,,,,,,,,,,,
,AMY,Y,LEE,,901017927,N,20260801,,,,,,,,,,,,,,N,,,,,,,,,,,
,LUCA,P,CORDANO,,901018421,N,20260801,,,,,,,,,,,,,,N,,,,,,,,,,,
,AVA,R,ASHTON,,901017501,Y,20260801,001598-00,UNIVERSITY OF GEORGIA,GA,4,Public,20260512,20260803,F,B,MARKETING,521401,,,N,,,,,,,,,,,1
,SARAH,E,THIGPEN,,901017942,Y,20260801,001598-00,UNIVERSITY OF GEORGIA,GA,4,Public,20260512,20260803,F,B,HOUSING MANAGEMENT POLICY,190601,FAMILY AND CONSUMER SCI EDUC,131308,N,,,,,,,,,,,1
,ALEXANDRA,,HEHL,,901018048,N,20260801,,,,,,,,,,,,,,N,,,,,,,,,,,
,ANDREW,T,GRIZZLE,,901018523,N,20260801,,,,,,,,,,,,,,N,,,,,,,,,,,
,BAILEIGH,N,TURANO,,901018657,N,20260801,,,,,,,,,,,,,,N,,,,,,,,,,,
,ETHAN,B,MAROTO,,901018663,N,20260801,,,,,,,,,,,,,,N,,,,,,,,,,,
,DANIEL,A,SNODGRASS,,901018849,Y,20260801,001598-00,UNIVERSITY OF GEORGIA,GA,4,Public,20260512,20260803,H,B,INTENDED MARKETING,521401,,,N,,,,,,,,,,,1
,KAMREHN,I,SIMS,,901018988,N,20260801,,,,,,,,,,,,,,N,,,,,,,,,,,
,GEORGIA,E,THOMAS,,901018992,N,20260801,,,,,,,,,,,,,,N,,,,,,,,,,,
,KENNEDY,R,FISCHER,,901017410,N,20260801,,,,,,,,,,,,,,N,,,,,,,,,,,
,CALIN,P,BAIRD,,901017414,N,20260801,,,,,,,,,,,,,,N,,,,,,,,,,,
,TYLER,M,STAWICKI,,901017458,N,20260801,,,,,,,,,,,,,,N,,,,,,,,,,,
,AMI,C,VISOSO,,901017736,N,20260801,,,,,,,,,,,,,,N,,,,,,,,,,,
,SOPHIE,L,SLAGLE,,901017806,N,20260801,,,,,,,,,,,,,,N,,,,,,,,,,,
,MILAGROS,,NUNEZ-MARTINEZ,,901017845,N,20260801,,,,,,,,,,,,,,N,,,,,,,,,,,
,LILY,T,BRUCKER,,901018522,N,20260801,,,,,,,,,,,,,,N,,,,,,,,,,,
,ASHTON,C,CANTRELL,,901018926,N,20260801,,,,,,,,,,,,,,N,,,,,,,,,,,
,SAVANNAH,A,VICKERS,,901018972,N,20260801,,,,,,,,,,,,,,N,,,,,,,,,,,
,JOSEPH,D,DOBBS,,901019107,Y,20260801,001577-00,KENNESAW STATE UNIVERSITY,GA,4,Public,20260824,20261214,F,B,MECHANICAL ENGINEERING,141901,,,N,,,,,,,,,,,1
,EDGAR,,BALDERAS ORTIZ,,901019370,N,20260801,,,,,,,,,,,,,,N,,,,,,,,,,,
,ELI,P,HINES,,901019381,N,20260801,,,,,,,,,,,,,,N,,,,,,,,,,,
,ADRIANNA,C,HERNANDEZ,,901019395,N,20260801,,,,,,,,,,,,,,N,,,,,,,,,,,
,STIRLING,M,ALLAN,,901019447,N,20260801,,,,,,,,,,,,,,N,,,,,,,,,,,
,ANNSLEE,,HUNTER,,901019526,N,20260801,,,,,,,,,,,,,,N,,,,,,,,,,,
,MARY,E,DOYLE,,901019584,Y,20260801,001598-00,UNIVERSITY OF GEORGIA,GA,4,Public,20260512,20260803,F,B,COMMUNICATION STUDIES,090101,,,N,,,,,,,,,,,1
,HARRISON,R,CURBOW,,901019696,N,20260801,,,,,,,,,,,,,,N,,,,,,,,,,,
,HANA,,SUCIC,,901019697,N,20260801,,,,,,,,,,,,,,N,,,,,,,,,,,
,ROWAN,E,MILLHOLLAND,,901018816,Y,20260801,001577-00,KENNESAW STATE UNIVERSITY,GA,4,Public,20260824,20261214,F,B,GEOGRAPHY,450701,,,N,,,,,,,,,,,1
,JASON,,CROW,,901018933,N,20260801,,,,,,,,,,,,,,N,,,,,,,,,,,
,JACK,,CRUSE,,901018965,N,20260801,,,,,,,,,,,,,,N,,,,,,,,,,,
,LAWSON,R,GUARNIERI,,901019527,Y,20260801,001598-00,UNIVERSITY OF GEORGIA,GA,4,Public,20260512,20260803,F,B,INTENDED FINANCE,520801,,,N,,,,,,,,,,,1
,DAMYA,,STEPHENS,,901019550,N,20260801,,,,,,,,,,,,,,N,,,,,,,,,,,
,MELANNY,Y,GUZMAN ORTEGA,,901019798,N,20260801,,,,,,,,,,,,,,N,,,,,,,,,,,
,ADRIANA,L,RAMIREZ,,901019892,N,20260801,,,,,,,,,,,,,,N,,,,,,,,,,,
,LEESLIE,M,LOPEZ,,901020074,N,20260801,,,,,,,,,,,,,,N,,,,,,,,,,,
,LUKE,C,COOPER,,901020251,N,20260801,,,,,,,,,,,,,,N,,,,,,,,,,,
,YENDI,A,GARCIA,,901018991,N,20260801,,,,,,,,,,,,,,N,,,,,,,,,,,
,EMMA,K,STEPHENS,,901019159,N,20260801,,,,,,,,,,,,,,N,,,,,,,,,,,
,JACOB,T,DAVISON,,901019360,Y,20260801,001598-00,UNIVERSITY OF GEORGIA,GA,4,Public,20260512,20260803,F,B,POLITICAL SCIENCE,451001,,,N,,,,,,,,,,,1
,IAN,B,HYLTON,,901019543,N,20260801,,,,,,,,,,,,,,N,,,,,,,,,,,
,CHANTELLE,E,WILLIAMS,,901019805,N,20260801,,,,,,,,,,,,,,N,,,,,,,,,,,
,STEPHEN,Z,MCGILL,,901019838,Y,20260801,001577-00,KENNESAW STATE UNIVERSITY,GA,4,Public,20260824,20261214,F,B,MECHANICAL ENGINEERING,141901,,,N,,,,,,,,,,,1
,ADAM,L,FIFE,,901020136,N,20260801,,,,,,,,,,,,,,N,,,,,,,,,,,
,RACHAEL,G,LANGFORD,,901020234,Y,20260801,001588-00,PIEDMONT UNIVERSITY,GA,4,Private,20260812,20261208,F,S,ELEMENTARY EDUCATION,131202,,,N,,,,,,,,,,,1
,JAMES,K,SMITH,,901020287,N,20260801,,,,,,,,,,,,,,N,,,,,,,,,,,
,BRAEDEN,A,BALDWIN,,901018890,N,20260801,,,,,,,,,,,,,,N,,,,,,,,,,,
,GISELLE,,MESQUITAL,,901018995,N,20260801,,,,,,,,,,,,,,N,,,,,,,,,,,
,JANET,,SALDANA,,901019509,Y,20260801,001598-00,UNIVERSITY OF GEORGIA,GA,4,Public,20260512,20260803,F,B,INTENDED JOURNALISM,090401,CERT LEARNING DESIGN TECH,130501,N,,,,,,,,,,,1
,DAMIA,,STEPHENS,,901019551,N,20260801,,,,,,,,,,,,,,N,,,,,,,,,,,
,SUMMER,K,DELOACH,,901019688,Y,20260801,001577-00,KENNESAW STATE UNIVERSITY,GA,4,Public,20260824,20261214,F,B,MARKETING,521401,,,N,,,,,,,,,,,1
,KEVIN,A,VARGAS,,901019825,N,20260801,,,,,,,,,,,,,,N,,,,,,,,,,,
,ZAIDEN,T,HANCOCK-MATHIS,,901019865,N,20260801,,,,,,,,,,,,,,N,,,,,,,,,,,
,DAWSON,T,LONG,,901020454,Y,20260801,001577-00,KENNESAW STATE UNIVERSITY,GA,4,Public,20260824,20261214,F,B,CONSTRUCTION MANAGEMENT,143301,,,N,,,,,,,,,,,1
,JOSEPH,K,BLACK,,901020494,N,20260801,,,,,,,,,,,,,,N,,,,,,,,,,,
,MATTHEW,J,MEYERS,,901020116,N,20260801,,,,,,,,,,,,,,N,,,,,,,,,,,
,IZABELLA,A,SPAZIANI,,901020220,Y,20260801,003932-00,UNIVERSITY OF WYOMING,WY,4,Public,20260526,20260814,H,S,CRIMINAL JUSTICE,430104,,,N,,,,,,,,,,,1
,ETHAN,A,HART,,901020563,N,20260801,,,,,,,,,,,,,,N,,,,,,,,,,,
,HENRY,R,COUCH,,901020666,Y,20260801,001598-00,UNIVERSITY OF GEORGIA,GA,4,Public,20260512,20260803,F,B,INTENDED MANAGEMENT,520201,,,N,,,,,,,,,,,1
,JACKIE,L,STOWE,,901020827,N,20260801,,,,,,,,,,,,,,N,,,,,,,,,,,
,HARRISON,C,HUBBARD,,901020909,N,20260801,,,,,,,,,,,,,,N,,,,,,,,,,,
,OBIE,M,ESPINOZA,,901021202,Y,20260801,001577-00,KENNESAW STATE UNIVERSITY,GA,4,Public,20260824,20261214,H,B,MECHANICAL ENGINEERING,141901,,,N,,,,,,,,,,,1
,JONAH,L,CRICK,,901021213,N,20260801,,,,,,,,,,,,,,N,,,,,,,,,,,
,CELESTE,,BERNAL,,901021304,N,20260801,,,,,,,,,,,,,,N,,,,,,,,,,,
,MARIO,A,BENJAMIN,,901020354,N,20260801,,,,,,,,,,,,,,N,,,,,,,,,,,
,DARA,N,CASIO,,901020525,N,20260801,,,,,,,,,,,,,,N,,,,,,,,,,,
,JACKSON,W,COATS,,901020530,N,20260801,,,,,,,,,,,,,,N,,,,,,,,,,,
,KENYA,K,DORSEY,,901020698,N,20260801,,,,,,,,,,,,,,N,,,,,,,,,,,
,BRAEDEN,E,BELLROSE,,901020957,N,20260801,,,,,,,,,,,,,,N,,,,,,,,,,,
,CADE,M,BROWN,,901021015,N,20260801,,,,,,,,,,,,,,N,,,,,,,,,,,
,GREGORY,S,WEYRICH,,901021100,N,20260801,,,,,,,,,,,,,,N,,,,,,,,,,,
,GRAYSON,P,CUROTT,,901021208,N,20260801,,,,,,,,,,,,,,N,,,,,,,,,,,
,CALEB,P,SMALLWOOD,,901021315,N,20260801,,,,,,,,,,,,,,N,,,,,,,,,,,
,CHRISTOPHER,,CRUZ,,901020373,N,20260801,,,,,,,,,,,,,,N,,,,,,,,,,,
,SYDNEY,E,GREENFIELD,,901020736,N,20260801,,,,,,,,,,,,,,N,,,,,,,,,,,
,KYLA,R,RUSSELL,,901020969,N,20260801,,,,,,,,,,,,,,N,,,,,,,,,,,
,COLEMAN,B,DAVIS,,901021095,N,20260801,,,,,,,,,,,,,,N,,,,,,,,,,,
,SAVANNAH,M,LOVE,,901021410,N,20260801,,,,,,,,,,,,,,N,,,,,,,,,,,
,ASHLEY,M,KNOWLES,,901021481,N,20260801,,,,,,,,,,,,,,N,,,,,,,,,,,
,REAGAN,B,CARTER,,901021487,N,20260801,,,,,,,,,,,,,,N,,,,,,,,,,,
,KEIRA,,KIRBY,,901021574,N,20260801,,,,,,,,,,,,,,N,,,,,,,,,,,
,PATRICK,M,KRALL,,901021724,N,20260801,,,,,,,,,,,,,,N,,,,,,,,,,,
,JIMENA,,LOPEZ GONZALEZ,,901020682,N,20260801,,,,,,,,,,,,,,N,,,,,,,,,,,
,REBECCA,E,ROQUE,,901020905,N,20260801,,,,,,,,,,,,,,N,,,,,,,,,,,
,JACKSON,H,LANKFORD,,901020979,N,20260801,,,,,,,,,,,,,,N,,,,,,,,,,,
,PAULA,C,MAYO-GONZALEZ,,901021126,N,20260801,,,,,,,,,,,,,,N,,,,,,,,,,,
,LUKE,W,WALLER,,901021310,N,20260801,,,,,,,,,,,,,,N,,,,,,,,,,,
,ANDREA,,LOPEZ,,901021330,N,20260801,,,,,,,,,,,,,,N,,,,,,,,,,,
,CARSON,R,PAIGE,,901021440,N,20260801,,,,,,,,,,,,,,N,,,,,,,,,,,
,COLIN,D,LEE,,901022115,N,20260801,,,,,,,,,,,,,,N,,,,,,,,,,,
,MEREDITH,,ORR,,901022435,N,20260801,,,,,,,,,,,,,,N,,,,,,,,,,,
,ROMEO,I,ALVAREZ,,901021312,N,20260801,,,,,,,,,,,,,,N,,,,,,,,,,,
,DEVIN,M,MANN,,901021467,N,20260801,,,,,,,,,,,,,,N,,,,,,,,,,,
,KHUSH,P,PATEL,,901021642,N,20260801,,,,,,,,,,,,,,N,,,,,,,,,,,
,THOMAS,D,TAYLOR,,901021748,N,20260801,,,,,,,,,,,,,,N,,,,,,,,,,,
,CASH,R,LAVIGNE,,901021860,N,20260801,,,,,,,,,,,,,,N,,,,,,,,,,,
,JOSHUA,K,HAMMOND,,901022231,N,20260801,,,,,,,,,,,,,,N,,,,,,,,,,,
,EMILIANO,,ALMONTE,,901022423,N,20260801,,,,,,,,,,,,,,N,,,,,,,,,,,
,LORENA,D,COBB,,901022464,N,20260801,,,,,,,,,,,,,,N,,,,,,,,,,,
,KAYLA,M,PARKER,,901022650,N,20260801,,,,,,,,,,,,,,N,,,,,,,,,,,
,BRIAN,,SCHMIDT,,901021408,N,20260801,,,,,,,,,,,,,,N,,,,,,,,,,,
,YANJUN,,NAN,,901022062,N,20260801,,,,,,,,,,,,,,N,,,,,,,,,,,
,MIRABELL,,RUSSU,,901022182,N,20260801,,,,,,,,,,,,,,N,,,,,,,,,,,
,MASON,,SPENCER,,901022243,Y,20260801,001598-00,UNIVERSITY OF GEORGIA,GA,4,Public,20260512,20260803,F,B,INTENDED MANAGEMENT,520201,,,N,,,,,,,,,,,1
,ETHAN,G,CALDERA,,901022260,N,20260801,,,,,,,,,,,,,,N,,,,,,,,,,,
,KATELYN,E,HILL,,901022305,N,20260801,,,,,,,,,,,,,,N,,,,,,,,,,,
,DESIREE,I,LEGRAND,,901022374,N,20260801,,,,,,,,,,,,,,N,,,,,,,,,,,
,NOAH,,PAGE,,901022553,Y,20260801,001598-00,UNIVERSITY OF GEORGIA,GA,4,Public,20260512,20260803,F,B,INTENDED FINANCE,520801,,,N,,,,,,,,,,,1
,TRAVIS,C,DELP,,901022676,Y,20260801,001598-00,UNIVERSITY OF GEORGIA,GA,4,Public,20260512,20260803,H,B,INTENDED MGMT INFO SYSTEMS,521201,,,N,,,,,,,,,,,1
,NANCY,L,TORRES,,901021916,N,20260801,,,,,,,,,,,,,,N,,,,,,,,,,,
,MINH,K,ONG,,901022233,N,20260801,,,,,,,,,,,,,,N,,,,,,,,,,,
,SAMUEL,T,REESE,,901022335,N,20260801,,,,,,,,,,,,,,N,,,,,,,,,,,
,HUNTER,,BOYER,,901022446,N,20260801,,,,,,,,,,,,,,N,,,,,,,,,,,
,NATALIE,R,BROWN,,901022721,N,20260801,,,,,,,,,,,,,,N,,,,,,,,,,,
,JOSEY,L,BARNES,,901022943,N,20260801,,,,,,,,,,,,,,N,,,,,,,,,,,
,IAN,P,KNIGHT,,901023173,N,20260801,,,,,,,,,,,,,,N,,,,,,,,,,,
,ISABELLA,L,JOHNSON,,901023221,N,20260801,,,,,,,,,,,,,,N,,,,,,,,,,,
,WILLIAM,J,HOWARD,,901023503,Y,20260801,001577-00,KENNESAW STATE UNIVERSITY,GA,4,Public,20260824,20261214,F,B,COMPUTER SCIENCE,110701,,,N,,,,,,,,,,,1
,KALEIGH,E,SMITH,,901022826,Y,20260801,001598-00,UNIVERSITY OF GEORGIA,GA,4,Public,20260512,20260803,F,B,SCIENCE EDUCATION,131316,,,N,,,,,,,,,,,1
,LANDEN,B,HITCHCOCK,,901022956,N,20260801,,,,,,,,,,,,,,N,,,,,,,,,,,
,JEREMIAH,N,ISRAEL-JOHNSON,,901022968,N,20260801,,,,,,,,,,,,,,N,,,,,,,,,,,
,JAYDIN,K,KIJANSKI,,901023086,N,20260801,,,,,,,,,,,,,,N,,,,,,,,,,,
,JOHNATHAN,H,GRAVES,,901023341,Y,20260801,001585-00,UNIVERSITY OF NORTH GEORGIA,GA,4,Public,20260810,20261204,L,B,HISTORY,540101,,,N,,,,,,,,,,,1
,KAIN,J,KIM,,901023506,N,20260801,,,,,,,,,,,,,,N,,,,,,,,,,,
,VIVIANA,J,ARZABE,,901023775,N,20260801,,,,,,,,,,,,,,N,,,,,,,,,,,
,NATHAN,C,MILLIGAN,,901023833,N,20260801,,,,,,,,,,,,,,N,,,,,,,,,,,
,TATE,D,PIERCE,,901023907,N,20260801,,,,,,,,,,,,,,N,,,,,,,,,,,
,MAXWELL,C,PARADIS,,901024145,Y,20260801,001598-00,UNIVERSITY OF GEORGIA,GA,4,Public,20260512,20260803,F,B,INTENDED REAL ESTATE,521501,,,N,,,,,,,,,,,1
,ELIJAH,T,SAVOY,,901024325,N,20260801,,,,,,,,,,,,,,N,,,,,,,,,,,
,ALEXANDER,,ALMANZAR,,901024348,N,20260801,,,,,,,,,,,,,,N,,,,,,,,,,,
,CRUZ,D,PEREZ-BLANCO,,901024700,N,20260801,,,,,,,,,,,,,,N,,,,,,,,,,,
,SAMUEL,F,BETHEA,,901024797,N,20260801,,,,,,,,,,,,,,N,,,,,,,,,,,
,WES,,SEILER,,901024951,N,20260801,,,,,,,,,,,,,,N,,,,,,,,,,,
,LEONARDO,R,NOGALES,,901025108,N,20260801,,,,,,,,,,,,,,N,,,,,,,,,,,
,SUMMER,A,KENNEDY,,901025128,Y,20260801,001598-00,UNIVERSITY OF GEORGIA,GA,4,Public,20260512,20260803,H,B,COMMUNICATION STUDIES,090101,,,N,,,,,,,,,,,1
,KENZI,,RAY,,901025170,N,20260801,,,,,,,,,,,,,,N,,,,,,,,,,,
,ERICA,,LIANG,,901025231,N,20260801,,,,,,,,,,,,,,N,,,,,,,,,,,
,ANDREW,J,GARRARD,,901025256,N,20260801,,,,,,,,,,,,,,N,,,,,,,,,,,
,ERIN,E,O'BRIEN,,901025259,N,20260801,,,,,,,,,,,,,,N,,,,,,,,,,,
,BETHANY,M,HOLMAN,,901025450,Y,20260801,001598-00,UNIVERSITY OF GEORGIA,GA,4,Public,20260512,20260803,H,B,BIOLOGY,260101,,,N,,,,,,,,,,,1
,JACKSON,G,SELKE,,901025478,N,20260801,,,,,,,,,,,,,,N,,,,,,,,,,,
,MATHEUS,J,HUAMAN-VEGA,,901026150,N,20260801,,,,,,,,,,,,,,N,,,,,,,,,,,
,ANTHONY,R,MANBECK,,901026380,N,20260801,,,,,,,,,,,,,,N,,,,,,,,,,,
,BENJAMIN,O,STRICKLING,,901026863,Y,20260801,001577-00,KENNESAW STATE UNIVERSITY,GA,4,Public,20260824,20261214,F,B,COMPUTER ENGINEERING,140901,,,N,,,,,,,,,,,1
,TYLER,S,WENTZEL,,901027011,Y,20260801,001577-00,KENNESAW STATE UNIVERSITY,GA,4,Public,20260824,20261214,F,B,MECHANICAL ENGINEERING,141901,,,N,,,,,,,,,,,1
,ANGELINA,N,WHITWORTH,,901027023,N,20260801,,,,,,,,,,,,,,N,,,,,,,,,,,
,ELI,W,BUFFINGTON,,901027378,N,20260801,,,,,,,,,,,,,,N,,,,,,,,,,,
,JORGE,L,SANDOVAL GUTIERREZ,,901027417,Y,20260801,001417-00,UNIVERSITY OF CONNECTICUT,CT,4,Public,20260511,20260828,L,N,,,,,N,,,,,,,,,,,1
,JACKSON,T,STEPHENS,,901027447,N,20260801,,,,,,,,,,,,,,N,,,,,,,,,,,
,CHARLES,A,GAMMON,,901027466,N,20260801,,,,,,,,,,,,,,N,,,,,,,,,,,
,CRISTHOPHER,A,GARCIA ORTIZ,,901027623,N,20260801,,,,,,,,,,,,,,N,,,,,,,,,,,
,CAROLINE,E,LEON,,901027634,N,20260801,,,,,,,,,,,,,,N,,,,,,,,,,,
,AARON,T,JOHNSON,,901027808,N,20260801,,,,,,,,,,,,,,N,,,,,,,,,,,
,GRAYSON,S,HARRIS,,901027815,N,20260801,,,,,,,,,,,,,,N,,,,,,,,,,,
,ALAINA,F,HARVARD,,901022745,N,20260801,,,,,,,,,,,,,,N,,,,,,,,,,,
,KEVIN,,SANCHEZ,,901023259,N,20260801,,,,,,,,,,,,,,N,,,,,,,,,,,
,NOLAN,D,JACOBY,,901023362,Y,20260801,001598-00,UNIVERSITY OF GEORGIA,GA,4,Public,20260512,20260803,H,B,FINANCIAL PLANNING,190401,,,N,,,,,,,,,,,1
,JUSTIN,P,KRYDER,,901023508,Y,20260801,001598-00,UNIVERSITY OF GEORGIA,GA,4,Public,20260512,20260803,F,B,INTENDED EXERCISE AND SPORT SC,310505,,,N,,,,,,,,,,,1
,NAOMI,,SLAVIK,,901023547,N,20260801,,,,,,,,,,,,,,N,,,,,,,,,,,
,SAMUEL,,BOTA,,901023929,N,20260801,,,,,,,,,,,,,,N,,,,,,,,,,,
,DOMINIC,H,VAN EPPS,,901023932,N,20260801,,,,,,,,,,,,,,N,,,,,,,,,,,
,SAMANTHA,,SALATHE,,901023944,N,20260801,,,,,,,,,,,,,,N,,,,,,,,,,,
,LLEYTON,W,BEASLEY,,901024326,N,20260801,,,,,,,,,,,,,,N,,,,,,,,,,,
,VALENTINA,F,GARCIA,,901028058,N,20260801,,,,,,,,,,,,,,N,,,,,,,,,,,
,ARMANDO,,RODRIGUEZ,,901028338,N,20260801,,,,,,,,,,,,,,N,,,,,,,,,,,
,BENJAMIN,L,DEMPSEY,,901028435,N,20260801,,,,,,,,,,,,,,N,,,,,,,,,,,
,ALEXANDRA,S,CERVANTES,,901028492,N,20260801,,,,,,,,,,,,,,N,,,,,,,,,,,
,ANNABELLE,L,FOSTER,,901028625,N,20260801,,,,,,,,,,,,,,N,,,,,,,,,,,
,KENNEDY,R,CROCKETT,,901028867,N,20260801,,,,,,,,,,,,,,N,,,,,,,,,,,
,ANA BEATRIZ,C,RABELO,,901028960,N,20260801,,,,,,,,,,,,,,N,,,,,,,,,,,
,CHIMALUME,B,IFESINACHI,,901028968,Y,20260801,001598-00,UNIVERSITY OF GEORGIA,GA,4,Public,20260512,20260803,F,B,INTENDED MGMT INFO SYSTEMS,521201,,,N,,,,,,,,,,,1
,ABIGAIL,V,LOTT,,901028969,Y,20260801,001577-00,KENNESAW STATE UNIVERSITY,GA,4,Public,20260824,20261214,F,B,INTERACTIVE DESIGN,110105,,,N,,,,,,,,,,,1
,ISAAC,S,DEFOOR,,901024350,N,20260801,,,,,,,,,,,,,,N,,,,,,,,,,,
,GABY,E,GONZALEZ,,901024544,N,20260801,,,,,,,,,,,,,,N,,,,,,,,,,,
,NOEL,,LARA,,901024571,N,20260801,,,,,,,,,,,,,,N,,,,,,,,,,,
,JACK,G,FREEMAN,,901024598,N,20260801,,,,,,,,,,,,,,N,,,,,,,,,,,
,CAMDEN,C,HEIDT,,901024607,N,20260801,,,,,,,,,,,,,,N,,,,,,,,,,,
,ELIZABETH,A,JENKINS,,901024619,N,20260801,,,,,,,,,,,,,,N,,,,,,,,,,,
,ASHTON,G,BECKHAM,,901024637,Y,20260801,001598-00,UNIVERSITY OF GEORGIA,GA,4,Public,20260512,20260803,F,B,FINANCIAL PLANNING,190401,,,N,,,,,,,,,,,1
,TYLER,Y,MUA,,901024824,Y,20260801,001598-00,UNIVERSITY OF GEORGIA,GA,4,Public,20260512,20260803,H,B,PHARM AND BIOMEDICAL SCIENCES,512010,,,N,,,,,,,,,,,1
,MASON,R,WATERBOR,,901024838,N,20260801,,,,,,,,,,,,,,N,,,,,,,,,,,
,DAVEIGH,,MORRISON,,901022743,N,20260801,,,,,,,,,,,,,,N,,,,,,,,,,,
,NAZLI,A,DE LA GARZA,,901022925,Y,20260801,001598-00,UNIVERSITY OF GEORGIA,GA,4,Public,20260512,20260803,F,B,EXERCISE AND SPORT SCIENCE,310505,,,N,,,,,,,,,,,1
,IAN,G,GRANN,,901023150,N,20260801,,,,,,,,,,,,,,N,,,,,,,,,,,
,TIFFANY,M,ROBINSON,,901023199,N,20260801,,,,,,,,,,,,,,N,,,,,,,,,,,
,RYAN,A,KELLEY,,901023212,N,20260801,,,,,,,,,,,,,,N,,,,,,,,,,,
,MITCHELL,J,BURKE,,901023296,Y,20260801,001598-00,UNIVERSITY OF GEORGIA,GA,4,Public,20260512,20260803,F,B,BIOLOGY,260101,,,N,,,,,,,,,,,1
,AIDAN,D,BROWN,,901023738,N,20260801,,,,,,,,,,,,,,N,,,,,,,,,,,
,AMORA,E,CODIO,,901023921,Y,20260801,001574-00,GEORGIA STATE UNIVERSITY,GA,4,Public,20260511,20260803,H,J,PSYCHOLOGY,420101,,,N,,,,,,,,,,,1
,RONI,M,GARCIA,,901024710,N,20260801,,,,,,,,,,,,,,N,,,,,,,,,,,
,MAGGIE,C,DAVIS,,901024918,N,20260801,,,,,,,,,,,,,,N,,,,,,,,,,,
,KATHERINE,N,BARABOLKIN,,901024955,N,20260801,,,,,,,,,,,,,,N,,,,,,,,,,,
,ANDREW,J,FERRER,,901025120,N,20260801,,,,,,,,,,,,,,N,,,,,,,,,,,
,AMELIA,M,VASQUEZ,,901025449,N,20260801,,,,,,,,,,,,,,N,,,,,,,,,,,
,MIKAELA,L,DELK,,901025812,N,20260801,,,,,,,,,,,,,,N,,,,,,,,,,,
,FAID,,ELIAS,,901025884,N,20260801,,,,,,,,,,,,,,N,,,,,,,,,,,
,SAMUEL,L,GUEST,,901026055,N,20260801,,,,,,,,,,,,,,N,,,,,,,,,,,
,DELANEY,N,HARVEY,,901026086,N,20260801,,,,,,,,,,,,,,N,,,,,,,,,,,
,SAMANTHA,,LARA,,901026305,N,20260801,,,,,,,,,,,,,,N,,,,,,,,,,,
,ELLA,E,LUNDBLAD,,901028991,N,20260801,,,,,,,,,,,,,,N,,,,,,,,,,,
,LILY,G,STOUGH,,901029221,N,20260801,,,,,,,,,,,,,,N,,,,,,,,,,,
,JORDAN,J,VAN UUM,,901029541,N,20260801,,,,,,,,,,,,,,N,,,,,,,,,,,
,LANDEN,,DAGOSTINO,,901029662,N,20260801,,,,,,,,,,,,,,N,,,,,,,,,,,
,ASHWIKA,R,KRISHNA,,901029667,N,20260801,,,,,,,,,,,,,,N,,,,,,,,,,,
,DANIELA,,FERNANDEZ SUAREZ,,901029923,Y,20260801,001598-00,UNIVERSITY OF GEORGIA,GA,4,Public,20260512,20260803,H,B,MECHANICAL ENGINEERING,141901,,,N,,,,,,,,,,,1
,EVELIN,D,PEREZ-JUAREZ,,901029976,N,20260801,,,,,,,,,,,,,,N,,,,,,,,,,,
,KIRSIE,,DUMITRIU,,901029988,N,20260801,,,,,,,,,,,,,,N,,,,,,,,,,,
,ETHAN,A,VILLEDA,,901030144,Y,20260801,001569-00,GEORGIA INSTITUTE OF TECHNOLOGY,GA,4,Public,20260518,20260806,H,B,CHEMICAL AND BIOMOLECULAR ENG,140701,,,N,,,,,,,,,,,1
,BRADY,K,O'CONNELL,,901030165,Y,20260801,001577-00,KENNESAW STATE UNIVERSITY,GA,4,Public,20260824,20261214,Q,B,MANAGEMENT INTEREST,520201,,,N,,,,,,,,,,,1
,CLAYTON,A,BEINE,,901030238,N,20260801,,,,,,,,,,,,,,N,,,,,,,,,,,
,DIEGO,P,RODRIGUEZ,,901030376,N,20260801,,,,,,,,,,,,,,N,,,,,,,,,,,
,PAYTON,B,JOHNSON,,901030389,Y,20260801,001598-00,UNIVERSITY OF GEORGIA,GA,4,Public,20260512,20260803,H,B,BIOLOGY,260101,,,N,,,,,,,,,,,1
,PARKER,C,GARRISON,,901030791,Y,20260801,001574-00,GEORGIA STATE UNIVERSITY,GA,4,Public,20260511,20260803,L,J,ECONOMICS,450601,,,N,,,,,,,,,,,1
,ASHLEY,J,ECKERT,,901030841,Y,20260801,001598-00,UNIVERSITY OF GEORGIA,GA,4,Public,20260512,20260803,H,B,BIOLOGY,260101,,,N,,,,,,,,,,,1
,JACOB,T,NELSON,,901030857,N,20260801,,,,,,,,,,,,,,N,,,,,,,,,,,
,EZEKIEL,B,FATZINGER,,901030927,N,20260801,,,,,,,,,,,,,,N,,,,,,,,,,,
,CULUM,S,HENRY,,901030928,N,20260801,,,,,,,,,,,,,,N,,,,,,,,,,,
,JORDI,,SANCHEZ-GUZMAN,,901026755,Y,20260801,001577-00,KENNESAW STATE UNIVERSITY,GA,4,Public,20260824,20261214,H,B,ACCOUNTING INTEREST,520301,,,N,,,,,,,,,,,1
,FRANCES,L,THRASHER,,901026903,N,20260801,,,,,,,,,,,,,,N,,,,,,,,,,,
,XIAOQING,,WANG,,901026995,N,20260801,,,,,,,,,,,,,,N,,,,,,,,,,,
,CONNOR,L,DOOLEY,,901027136,Y,20260801,001598-00,UNIVERSITY OF GEORGIA,GA,4,Public,20260512,20260713,W,B,INTENDED ACCOUNTING,520301,,,N,,,,,,,,,,,1
,SHANE,M,PETERSON,,901027262,N,20260801,,,,,,,,,,,,,,N,,,,,,,,,,,
,JUSTICE,A,MCGINNIS,,901027293,N,20260801,,,,,,,,,,,,,,N,,,,,,,,,,,
,JESUS,I,VALENCIA DE LUNA,,901027429,N,20260801,,,,,,,,,,,,,,N,,,,,,,,,,,
,TRISTEN,I,PRESSLEY,,901027771,Y,20260801,001577-00,KENNESAW STATE UNIVERSITY,GA,4,Public,20260824,20261214,F,B,MECHANICAL ENGINEERING,141901,,,N,,,,,,,,,,,1
,JAQUELYN,,VILLAGOMEZ GUZMAN,,901027782,N,20260801,,,,,,,,,,,,,,N,,,,,,,,,,,
,LANDON,A,TENCH,,901030963,N,20260801,,,,,,,,,,,,,,N,,,,,,,,,,,
,CAROLINE,H,ROBERTS,,901031026,N,20260801,,,,,,,,,,,,,,N,,,,,,,,,,,
,KEVIN,O,GREEN,,901031071,Y,20260801,001577-00,KENNESAW STATE UNIVERSITY,GA,4,Public,20260824,20261214,F,B,INDUSTRIAL ENGINEERING TECH,150000,,,N,,,,,,,,,,,1
,LIBBY,M,WELCH,,901031323,N,20260801,,,,,,,,,,,,,,N,,,,,,,,,,,
,JULIA,C,CHAMPION,,901031480,Y,20260801,001598-00,UNIVERSITY OF GEORGIA,GA,4,Public,20260512,20260803,F,B,INTENDED PUBLIC RELATIONS,090902,SPORT MANAGEMENT,310504,N,,,,,,,,,,,1
,EMILY,C,GARCIA,,901031774,N,20260801,,,,,,,,,,,,,,N,,,,,,,,,,,
,YUDIEL,,DUVERGEL,,901031845,N,20260801,,,,,,,,,,,,,,N,,,,,,,,,,,
,MARY CLARE,A,CULLOM,,901031867,N,20260801,,,,,,,,,,,,,,N,,,,,,,,,,,
,BRAYDEN,J,HUFFMASTER,,901031879,N,20260801,,,,,,,,,,,,,,N,,,,,,,,,,,
,LISSETH,M,ALVAREZ BARRIOS,,901028014,N,20260801,,,,,,,,,,,,,,N,,,,,,,,,,,
,JOSHUA,T,MARSDEN,,901028027,N,20260801,,,,,,,,,,,,,,N,,,,,,,,,,,
,AVERY,N,PERSONS,,901028127,N,20260801,,,,,,,,,,,,,,N,,,,,,,,,,,
,GUILLERMO,,ROSALES,,901028264,N,20260801,,,,,,,,,,,,,,N,,,,,,,,,,,
,MALLORY,K,MENDENHALL,,901028331,Y,20260801,001598-00,UNIVERSITY OF GEORGIA,GA,4,Public,20260512,20260803,F,B,BIOLOGICAL SCIENCE,300101,CERT INFECTIOUS DISEASES,261309,N,,,,,,,,,,,1
,MYKOLAS,,KUMPIS,,901028362,N,20260801,,,,,,,,,,,,,,N,,,,,,,,,,,
,CALAN,M,FORTUNAT,,901028381,N,20260801,,,,,,,,,,,,,,N,,,,,,,,,,,
,VICTORIA,R,BOST,,901028930,N,20260801,,,,,,,,,,,,,,N,,,,,,,,,,,
,LACEY,D,WHITE,,901028956,N,20260801,,,,,,,,,,,,,,N,,,,,,,,,,,
,ANNA,,GARCIA PEROZO,,901031982,N,20260801,,,,,,,,,,,,,,N,,,,,,,,,,,
,EMILY,E,HILL,,901032057,N,20260801,,,,,,,,,,,,,,N,,,,,,,,,,,
,ELLA,,ESPINOZA,,901032174,N,20260801,,,,,,,,,,,,,,N,,,,,,,,,,,
,JACOB,W,MALINEN,,901032221,N,20260801,,,,,,,,,,,,,,N,,,,,,,,,,,
,CLIFFORD,R,WIDMER,,901032800,N,20260801,,,,,,,,,,,,,,N,,,,,,,,,,,
,HANNAH,G,FENDLEY,,901032928,N,20260801,,,,,,,,,,,,,,N,,,,,,,,,,,
,EVERETT,D,DRENNEN,,901033200,N,20260801,,,,,,,,,,,,,,N,,,,,,,,,,,
,GEORGIANA,A,JOJA,,901033288,N,20260801,,,,,,,,,,,,,,N,,,,,,,,,,,
,ANSLEY,K,NEWMAN,,901033373,Y,20260801,001585-00,UNIVERSITY OF NORTH GEORGIA,GA,4,Public,20260810,20261204,H,A,INTERDISCIPLINARY STUDIES PATH,240101,,,N,,,,,,,,,,,1
,JOSE,L,RODRIGUEZ,,901029021,N,20260801,,,,,,,,,,,,,,N,,,,,,,,,,,
,RADHIA,,IBNEL HADJ KHALIFA,,901029122,N,20260801,,,,,,,,,,,,,,N,,,,,,,,,,,
,TEAGAN,E,LAMP,,901029411,N,20260801,,,,,,,,,,,,,,N,,,,,,,,,,,
,VICTORIA,E,CANN,,901029509,Y,20260801,001585-00,UNIVERSITY OF NORTH GEORGIA,GA,4,Public,20260810,20261204,L,,HIGHER EDUC LEADER PRACTICE,130406,,,N,,,,,,,,,,,1
,KRISTINE,L,KIENAST,,901029512,N,20260801,,,,,,,,,,,,,,N,,,,,,,,,,,
,TANEESHA,J,WARD,,901029971,N,20260801,,,,,,,,,,,,,,N,,,,,,,,,,,
,DANIELA,,VASQUEZ,,901030051,N,20260801,,,,,,,,,,,,,,N,,,,,,,,,,,
,JAMES,,WALDROP,,901030113,N,20260801,,,,,,,,,,,,,,N,,,,,,,,,,,
,AUBREY,,ALLISON,,901030313,N,20260801,,,,,,,,,,,,,,N,,,,,,,,,,,
,OLIVIA,R,SMITH,,901024827,N,20260801,,,,,,,,,,,,,,N,,,,,,,,,,,
,ANDREW,R,BARABOLKIN,,901025116,Y,20260801,001577-00,KENNESAW STATE UNIVERSITY,GA,4,Public,20260824,20261214,Q,B,MECHANICAL ENGINEERING,141901,,,N,,,,,,,,,,,1
,JACKSON,T,TAYLOR,,901025313,N,20260801,,,,,,,,,,,,,,N,,,,,,,,,,,
,SAMEER,A,REHMAN,,901025423,N,20260801,,,,,,,,,,,,,,N,,,,,,,,,,,
,LANDON,J,FULLER,,901025965,N,20260801,,,,,,,,,,,,,,N,,,,,,,,,,,
,MANUEL,R,PRADOS,,901026658,Y,20260801,001598-00,UNIVERSITY OF GEORGIA,GA,4,Public,20260512,20260803,H,B,INTENDED MARKETING,521401,,,N,,,,,,,,,,,1
,GISELLE,,RODRIGUEZ ARELLANO,,901026720,N,20260801,,,,,,,,,,,,,,N,,,,,,,,,,,
,WRIGLEY,J,STEVENS,,901026852,Y,20260801,001598-00,UNIVERSITY OF GEORGIA,GA,4,Public,20260512,20260803,H,B,INTENDED FINANCE,520801,,,N,,,,,,,,,,,1
,SCARLET,T,VO,,901026971,N,20260801,,,,,,,,,,,,,,N,,,,,,,,,,,
,JONATHAN,S,CRISP,,901030438,N,20260801,,,,,,,,,,,,,,N,,,,,,,,,,,
,EMANUEL,,ANAYA,,901030607,N,20260801,,,,,,,,,,,,,,N,,,,,,,,,,,
,SELAH,V,HOSKIN,,901030623,N,20260801,,,,,,,,,,,,,,N,,,,,,,,,,,
,HARRISON,M,KILZI,,901030686,Y,20260801,001598-00,UNIVERSITY OF GEORGIA,GA,4,Public,20260512,20260803,H,B,INTENDED MGMT INFO SYSTEMS,521201,,,N,,,,,,,,,,,1
,NORA,J,SELLARDS,,901030794,N,20260801,,,,,,,,,,,,,,N,,,,,,,,,,,
,BETHANY,A,BENNETT,,901030988,N,20260801,,,,,,,,,,,,,,N,,,,,,,,,,,
,MATTHEW,J,JOINER,,901031188,N,20260801,,,,,,,,,,,,,,N,,,,,,,,,,,
,AIDEN,,WOJTCZAK,,901031189,N,20260801,,,,,,,,,,,,,,N,,,,,,,,,,,
,ADDISON,,SANCHEZ,,901031234,N,20260801,,,,,,,,,,,,,,N,,,,,,,,,,,
,ARCIELY,M,SOSA,,901033468,N,20260801,,,,,,,,,,,,,,N,,,,,,,,,,,
,ALLYSON,G,STEWART,,901033601,Y,20260801,001588-00,PIEDMONT UNIVERSITY,GA,4,Private,20260812,20261208,F,J,NURSING,513801,,,N,,,,,,,,,,,1
,NOAH,J,SLEDGE,,901033743,N,20260801,,,,,,,,,,,,,,N,,,,,,,,,,,
,ALEX,T,VAN,,901033744,N,20260801,,,,,,,,,,,,,,N,,,,,,,,,,,
,ANAYA,,JAYASWAL,,901033929,N,20260801,,,,,,,,,,,,,,N,,,,,,,,,,,
,CHARLES,B,SOUTHER,,901034122,N,20260801,,,,,,,,,,,,,,N,,,,,,,,,,,
,DOVANNY,,JARAMILLO,,901034179,N,20260801,,,,,,,,,,,,,,N,,,,,,,,,,,
,ISABELLA,V,CARUSO,,901034311,N,20260801,,,,,,,,,,,,,,N,,,,,,,,,,,
,PARKER,J,KIELTYKA,,901034420,N,20260801,,,,,,,,,,,,,,N,,,,,,,,,,,
,KAITLYN,E,BEASLEY,,901023668,N,20260801,,,,,,,,,,,,,,N,,,,,,,,,,,
,AUSTIN,J,WHITTEMORE,,901023827,N,20260801,,,,,,,,,,,,,,N,,,,,,,,,,,
,CORBIN,M,LARNED,,901023914,N,20260801,,,,,,,,,,,,,,N,,,,,,,,,,,
,CHRISTINA,M,HAMILTON,,901024249,N,20260801,,,,,,,,,,,,,,N,,,,,,,,,,,
,DAYANARA,,PEREZ,,901024957,Y,20260801,001598-00,UNIVERSITY OF GEORGIA,GA,4,Public,20260512,20260803,F,B,COGNITIVE SCIENCE,302501,,,N,,,,,,,,,,,1
,WILLIAM,R,MOFFIT,,901025029,N,20260801,,,,,,,,,,,,,,N,,,,,,,,,,,
,JAMES,B,TISON,,901025148,N,20260801,,,,,,,,,,,,,,N,,,,,,,,,,,
,JORDANNA,M,OLIVEIRA,,901025355,N,20260801,,,,,,,,,,,,,,N,,,,,,,,,,,
,ANSLEY,R,GIDDENS,,901025367,N,20260801,,,,,,,,,,,,,,N,,,,,,,,,,,
,YINCHEN,,GU,,901031258,Y,20260801,001569-00,GEORGIA INSTITUTE OF TECHNOLOGY,GA,4,Public,20260518,20260806,H,B,ELECTRICAL ENGINEERING,141001,,,N,,,,,,,,,,,1
,ANNA,C,BLANKENSHIP,,901031461,N,20260801,,,,,,,,,,,,,,N,,,,,,,,,,,
,EMMA,F,SATTERFIELD,,901031654,Y,20260801,009507-00,GEORGIA HIGHLANDS COLLEGE,GA,4,Public,20260810,20261204,L,A,HEALTH PROFESSIONS,240101,,,N,,,,,,,,,,,1
,PAXTON,L,ACCARDY,,901031782,Y,20260801,005372-00,SOUTH PUGET SOUND COMMUNITY COLLEGE,WA,2,Public,20260706,20260826,L,A,,,,,N,,,,,,,,,,,1
,WILLIAM,J,SMITH,,901031837,Y,20260801,001598-00,UNIVERSITY OF GEORGIA,GA,4,Public,20260512,20260803,H,B,INTENDED MANAGEMENT,520201,,,N,,,,,,,,,,,1
,ALLISON,N,TEW,,901032007,N,20260801,,,,,,,,,,,,,,N,,,,,,,,,,,
,KEIRA,D,REILLY,,901032029,N,20260801,,,,,,,,,,,,,,N,,,,,,,,,,,
,KEVIN,,BERMUDEZ-PAGAN,,901032045,N,20260801,,,,,,,,,,,,,,N,,,,,,,,,,,
,ALEXANDRA,M,BRUNDELL,,901032049,Y,20260801,001577-00,KENNESAW STATE UNIVERSITY,GA,4,Public,20260824,20261214,F,B,CRIMINAL JUSTICE,430104,,,N,,,,,,,,,,,1
,JEANCARLOS,,HERNANDEZ TURCIOS,,901034497,N,20260801,,,,,,,,,,,,,,N,,,,,,,,,,,
,BRICE,D,KIMSEY,,901034589,N,20260801,,,,,,,,,,,,,,N,,,,,,,,,,,
,RAINA,E,SCOBIE,,901034760,N,20260801,,,,,,,,,,,,,,N,,,,,,,,,,,
,CALE,P,EWING,,901034959,Y,20260801,001598-00,UNIVERSITY OF GEORGIA,GA,4,Public,20260512,20260803,F,B,INTENDED SPORT MANAGEMENT,310504,,,N,,,,,,,,,,,1
,DAVID,G,SULLIVAN,,901035010,N,20260801,,,,,,,,,,,,,,N,,,,,,,,,,,
,CODY,B,COOK,,901035028,N,20260801,,,,,,,,,,,,,,N,,,,,,,,,,,
,MELANIE,,HERNANDEZ-CALZADA,,901035034,N,20260801,,,,,,,,,,,,,,N,,,,,,,,,,,
,ASHLEY,,GODINEZ,,901035279,N,20260801,,,,,,,,,,,,,,N,,,,,,,,,,,
,BRANTLEY,C,PTACEK,,901035487,Y,20260801,001598-00,UNIVERSITY OF GEORGIA,GA,4,Public,20260512,20260803,F,B,POLITICAL SCIENCE,451001,,,N,,,,,,,,,,,1
,EMMA,G,PENEGUY,,901025372,N,20260801,,,,,,,,,,,,,,N,,,,,,,,,,,
,ALEXA,M,GARCIA,,901025466,N,20260801,,,,,,,,,,,,,,N,,,,,,,,,,,
,ALEXANDER,,KUZNETSOV,,901026297,N,20260801,,,,,,,,,,,,,,N,,,,,,,,,,,
,MADILYN,G,LINEBERRY,,901026335,N,20260801,,,,,,,,,,,,,,N,,,,,,,,,,,
,WILLIAM,P,LIPSITZ,,901026338,N,20260801,,,,,,,,,,,,,,N,,,,,,,,,,,
,REECE,M,NIES,,901026538,N,20260801,,,,,,,,,,,,,,N,,,,,,,,,,,
,MCKAYLA,F,WALDEN,,901026982,N,20260801,,,,,,,,,,,,,,N,,,,,,,,,,,
,DANTE,,DADE,,901027219,N,20260801,,,,,,,,,,,,,,N,,,,,,,,,,,
,EMILY,N,REEVES,,901027305,N,20260801,,,,,,,,,,,,,,N,,,,,,,,,,,
,ETHAN,W,BISSELL,,901027409,Y,20260801,001577-00,KENNESAW STATE UNIVERSITY,GA,4,Public,20260824,20261214,Q,B,FINANCE INTEREST,520801,,,N,,,,,,,,,,,1
,JAMES,M,GRAY,,901027618,N,20260801,,,,,,,,,,,,,,N,,,,,,,,,,,
,GENEVIEVE,,SIBILA,,901027937,Y,20260801,001598-00,UNIVERSITY OF GEORGIA,GA,4,Public,20260512,20260803,F,B,INTENDED FINANCE,520801,,,N,,,,,,,,,,,1
,WILLIAM,G,ANDERSON,,901028044,N,20260801,,,,,,,,,,,,,,N,,,,,,,,,,,
,KATELYN,E,DAVIS,,901028349,Y,20260801,001598-00,UNIVERSITY OF GEORGIA,GA,4,Public,20260512,20260803,H,B,INTENDED ADVERTISING,090903,,,N,,,,,,,,,,,1
,LINETH,,GONZALEZ-RAMIREZ,,901028444,N,20260801,,,,,,,,,,,,,,N,,,,,,,,,,,
,EVELYN,K,MILLER,,901028495,Y,20260801,001574-00,GEORGIA STATE UNIVERSITY,GA,4,Public,20260511,20260803,H,S,EXPLORATORY,240102,,,N,,,,,,,,,,,1
,ADDISON,L,SKALON,,901028610,Y,20260801,001598-00,UNIVERSITY OF GEORGIA,GA,4,Public,20260512,20260803,F,B,SPECIAL EDUCATION,131001,CERT DYSLEXIA,131011,N,,,,,,,,,,,1
,DIANA,P,TOVAR,,901028800,N,20260801,,,,,,,,,,,,,,N,,,,,,,,,,,
,HARRISON,R,LYNES,,901035627,N,20260801,,,,,,,,,,,,,,N,,,,,,,,,,,
,CARRIE,,ADKINS,,901035643,Y,20260801,001598-00,UNIVERSITY OF GEORGIA,GA,4,Public,20260512,20260803,F,B,ANTHROPOLOGY,450201,,,N,,,,,,,,,,,1
,BLAKE,A,HOLCOMB,,901035737,N,20260801,,,,,,,,,,,,,,N,,,,,,,,,,,
,ALEXANDER,,CONSTANTINO,,901035746,N,20260801,,,,,,,,,,,,,,N,,,,,,,,,,,
,KARLEY,R,CREASMAN,,901035849,N,20260801,,,,,,,,,,,,,,N,,,,,,,,,,,
,RYAN,A,LOETSCHER,,901035909,N,20260801,,,,,,,,,,,,,,N,,,,,,,,,,,
,HANNAH,C,KIMSEY,,901036100,Y,20260801,001598-00,UNIVERSITY OF GEORGIA,GA,4,Public,20260512,20260803,F,B,BIOMEDICAL PHYSIOLOGY,260901,,,N,,,,,,,,,,,1
,AUDREY,M,SATORY,,901036324,N,20260801,,,,,,,,,,,,,,N,,,,,,,,,,,
,GABRIELA,,DIAZ-LEON,,901036474,N,20260801,,,,,,,,,,,,,,N,,,,,,,,,,,
,VEDANT,C,PATEL,,901027355,Y,20260801,001598-00,UNIVERSITY OF GEORGIA,GA,4,Public,20260512,20260803,F,B,INTENDED FINANCE,520801,,,N,,,,,,,,,,,1
,BLAKE,,AMOS,,901027422,N,20260801,,,,,,,,,,,,,,N,,,,,,,,,,,
,JOHANSEN,,QUIJANO,,901027464,N,20260801,,,,,,,,,,,,,,N,,,,,,,,,,,
,NATALY,,TIRADO,,901027669,N,20260801,,,,,,,,,,,,,,N,,,,,,,,,,,
,JUSTIN,,WILFORD,,901027689,N,20260801,,,,,,,,,,,,,,N,,,,,,,,,,,
,LIA,B,PETTY,,901027901,N,20260801,,,,,,,,,,,,,,N,,,,,,,,,,,
,SPENCER,J,COOK,,901027985,N,20260801,,,,,,,,,,,,,,N,,,,,,,,,,,
,WARREN,,GALLOWAY,,901028151,N,20260801,,,,,,,,,,,,,,N,,,,,,,,,,,
,CHASE,M,GREEN,,901028172,N,20260801,,,,,,,,,,,,,,N,,,,,,,,,,,
,DANIELA,,GOMEZ,,901037560,N,20260801,,,,,,,,,,,,,,N,,,,,,,,,,,
,ELIJAH,A,USHERWOOD,,901037625,N,20260801,,,,,,,,,,,,,,N,,,,,,,,,,,
,MAXWELL,W,PHILLIPS,,901037694,N,20260801,,,,,,,,,,,,,,N,,,,,,,,,,,
,ANDRE,D,ESPEUT,,901037793,N,20260801,,,,,,,,,,,,,,N,,,,,,,,,,,
,LILIANN,A,CONTRERAS,,901038151,N,20260801,,,,,,,,,,,,,,N,,,,,,,,,,,
,ELENA,I,GONZALES,,901038270,Y,20260801,001577-00,KENNESAW STATE UNIVERSITY,GA,4,Public,20260824,20261214,F,B,CRIMINAL JUSTICE,430104,,,N,,,,,,,,,,,1
,LILLIAN,M,JAHN,,901038731,N,20260801,,,,,,,,,,,,,,N,,,,,,,,,,,
,KAELIN,J,CORNELIUS,,901038802,N,20260801,,,,,,,,,,,,,,N,,,,,,,,,,,
,SAMANTHA,M,MARSDEN,,901039020,N,20260801,,,,,,,,,,,,,,N,,,,,,,,,,,
,SHAE,N,SWEENEY,,901028247,N,20260801,,,,,,,,,,,,,,N,,,,,,,,,,,
,HUDSON,J,HANAWALT,,901028284,N,20260801,,,,,,,,,,,,,,N,,,,,,,,,,,
,EMMA,G,HUTTON,,901028632,N,20260801,,,,,,,,,,,,,,N,,,,,,,,,,,
,CHLOE,R,MCDONALD,,901028811,N,20260801,,,,,,,,,,,,,,N,,,,,,,,,,,
,BREE,N,TYNER,,901028839,N,20260801,,,,,,,,,,,,,,N,,,,,,,,,,,
,JOHN,,OSIMETHA,,901028850,Y,20260801,001598-00,UNIVERSITY OF GEORGIA,GA,4,Public,20260512,20260709,W,B,INTENDED COMPUTER SCIENCE,110701,,,N,,,,,,,,,,,1
,OLIVIA,,GRANT,,901029188,N,20260801,,,,,,,,,,,,,,N,,,,,,,,,,,
,ADRIAN,L,SILECKY,,901029463,N,20260801,,,,,,,,,,,,,,N,,,,,,,,,,,
,COLE,J,YEAGER,,901029494,N,20260801,,,,,,,,,,,,,,N,,,,,,,,,,,
,LORA,A,AL-HAKIM,,901039089,N,20260801,,,,,,,,,,,,,,N,,,,,,,,,,,
,CADEN,T,GERALD,,901039167,N,20260801,,,,,,,,,,,,,,N,,,,,,,,,,,
,WILLIAM,W,SAMPLES,,901039196,N,20260801,,,,,,,,,,,,,,N,,,,,,,,,,,
,ADDISON,L,VINSON,,901039493,N,20260801,,,,,,,,,,,,,,N,,,,,,,,,,,
,JORDAN,L,GRAMLING,,901039496,Y,20260801,001577-00,KENNESAW STATE UNIVERSITY,GA,4,Public,20260824,20261214,Q,B,MARKETING INTEREST,521401,,,N,,,,,,,,,,,1
,CLARA,A,CHERRY,,901039503,N,20260801,,,,,,,,,,,,,,N,,,,,,,,,,,
,GRACE,C,RIDLEY,,901039525,Y,20260801,001598-00,UNIVERSITY OF GEORGIA,GA,4,Public,20260512,20260803,F,B,ELEMENTARY EDUCATION,131202,,,N,,,,,,,,,,,1
,EMILY,J,PETERSON,,901039549,Y,20260801,001577-00,KENNESAW STATE UNIVERSITY,GA,4,Public,20260824,20261214,F,B,SPORT MANAGEMENT INTEREST,310504,,,N,,,,,,,,,,,1
,BRINLEY,A,AMASON,,901039760,N,20260801,,,,,,,,,,,,,,N,,,,,,,,,,,
,AARON,J,SCHULTZ,,901032223,N,20260801,,,,,,,,,,,,,,N,,,,,,,,,,,
,ANITA,,CEPIC,,901032580,N,20260801,,,,,,,,,,,,,,N,,,,,,,,,,,
,SOPHIA,V,RODRIGUEZ,,901032757,Y,20260801,001577-00,KENNESAW STATE UNIVERSITY,GA,4,Public,20260824,20261214,F,B,PSYCHOLOGY,420101,,,N,,,,,,,,,,,1
,JULIETTE,A,LONGE,,901032758,N,20260801,,,,,,,,,,,,,,N,,,,,,,,,,,
,KHIAN,R,OWEN,,901032979,N,20260801,,,,,,,,,,,,,,N,,,,,,,,,,,
,JOE,,GRUBBS,,901033243,N,20260801,,,,,,,,,,,,,,N,,,,,,,,,,,
,ASHLEY,M,MCDONOUGH,,901033348,N,20260801,,,,,,,,,,,,,,N,,,,,,,,,,,
,ELLA,J,SMITH,,901033457,Y,20260801,001598-00,UNIVERSITY OF GEORGIA,GA,4,Public,20260512,20260803,H,B,BIOLOGY,260101,,,N,,,,,,,,,,,1
,DIANA,A,STRAMBU,,901033479,Y,20260801,001569-00,GEORGIA INSTITUTE OF TECHNOLOGY,GA,4,Public,20260518,20260806,H,B,AEROSPACE ENGINEERING,140201,,,N,,,,,,,,,,,1
,MATTHEW,T,CHANG,,901029715,N,20260801,,,,,,,,,,,,,,N,,,,,,,,,,,
,AZIA,C,LAWRENCE,,901029944,N,20260801,,,,,,,,,,,,,,N,,,,,,,,,,,
,LILLIAN,J,TAUBERT,,901030018,N,20260801,,,,,,,,,,,,,,N,,,,,,,,,,,
,ZACHARY,A,KROSNER,,901030270,Y,20260801,001598-00,UNIVERSITY OF GEORGIA,GA,4,Public,20260512,20260803,F,B,INTENDED MARKETING,521401,,,N,,,,,,,,,,,1
,ALEXANDER,M,GOLOTA,,901030279,N,20260801,,,,,,,,,,,,,,N,,,,,,,,,,,
,DAVID,E,WASSON,,901030659,Y,20260801,001574-00,GEORGIA STATE UNIVERSITY,GA,4,Public,20260511,20260803,H,J,PHYSICS,400801,,,N,,,,,,,,,,,1
,FERNANDO,,GARCIA PEREZ,,901031090,Y,20260801,001598-00,UNIVERSITY OF GEORGIA,GA,4,Public,20260512,20260724,W,B,INTENDED MECHANICAL ENG,141901,,,N,,,,,,,,,,,1
,WILLIAM,J,CAPSTICK,,901031273,N,20260801,,,,,,,,,,,,,,N,,,,,,,,,,,
,CAYDEN,A,MARTIN,,901031584,N,20260801,,,,,,,,,,,,,,N,,,,,,,,,,,
,CALEB,M,VAZQUEZ,,901033537,N,20260801,,,,,,,,,,,,,,N,,,,,,,,,,,
,KIARA,,DELGADO-VARGAS,,901033607,N,20260801,,,,,,,,,,,,,,N,,,,,,,,,,,
,RATHNA,P,MALAPATI,,901033653,N,20260801,,,,,,,,,,,,,,N,,,,,,,,,,,
,MARIDYAN,M,COBB-MCADAMS,,901033891,N,20260801,,,,,,,,,,,,,,N,,,,,,,,,,,
,MATTHEW,G,CARTER,,901033947,N,20260801,,,,,,,,,,,,,,N,,,,,,,,,,,
,MOUCTAR,M,DIALLO,,901034072,N,20260801,,,,,,,,,,,,,,N,,,,,,,,,,,
,KATHERINE,A,HENDRY,,901034197,N,20260801,,,,,,,,,,,,,,N,,,,,,,,,,,
,EMMA,I,GUERRERO,,901034226,N,20260801,,,,,,,,,,,,,,N,,,,,,,,,,,
,CHRISTOPHER,R,HURST,,901034248,N,20260801,,,,,,,,,,,,,,N,,,,,,,,,,,
,IVEY,M,SWANSON,,901031671,N,20260801,,,,,,,,,,,,,,N,,,,,,,,,,,
,AIDAN,,THOMAS,,901031792,N,20260801,,,,,,,,,,,,,,N,,,,,,,,,,,
,ANNABELL,,RUSSU,,901031805,N,20260801,,,,,,,,,,,,,,N,,,,,,,,,,,
,AUDRI,D,AARON,,901032130,Y,20260801,001598-00,UNIVERSITY OF GEORGIA,GA,4,Public,20260512,20260803,H,B,NEUROSCIENCE,261501,,,N,,,,,,,,,,,1
,DANIEL,P,PIRKEL,,901032163,N,20260801,,,,,,,,,,,,,,N,,,,,,,,,,,
,KINLEY,,MEEKS,,901032226,N,20260801,,,,,,,,,,,,,,N,,,,,,,,,,,
,PEYTON,L,WHEELER,,901032309,N,20260801,,,,,,,,,,,,,,N,,,,,,,,,,,
,SARAH,M,MILLER,,901032448,N,20260801,,,,,,,,,,,,,,N,,,,,,,,,,,
,JESUS,,PONCE,,901032782,N,20260801,,,,,,,,,,,,,,N,,,,,,,,,,,
,SAMUEL,S,BRAUN,,901039887,Y,20260801,001598-00,UNIVERSITY OF GEORGIA,GA,4,Public,20260512,20260803,H,B,INTENDED MARKETING,521401,,,N,,,,,,,,,,,1
,NATHAN,J,RAMOS,,901039915,Y,20260801,001577-00,KENNESAW STATE UNIVERSITY,GA,4,Public,20260824,20261214,F,B,CYBERSECURITY,430404,,,N,,,,,,,,,,,1
,JIMENA,,GUILLEN,,901040039,N,20260801,,,,,,,,,,,,,,N,,,,,,,,,,,
,BRICEN,P,DAUGHTRY,,901040099,N,20260801,,,,,,,,,,,,,,N,,,,,,,,,,,
,ANNA,J,GREGG,,901040349,Y,20260801,001577-00,KENNESAW STATE UNIVERSITY,GA,4,Public,20260824,20261214,F,B,ART,500701,,,N,,,,,,,,,,,1
,JADEN,M,EPLING,,901040594,N,20260801,,,,,,,,,,,,,,N,,,,,,,,,,,
,JUAN,D,DAVILA,,901040625,N,20260801,,,,,,,,,,,,,,N,,,,,,,,,,,
,JENAH,R,GONZALES,,901040654,Y,20260801,001598-00,UNIVERSITY OF GEORGIA,GA,4,Public,20260512,20260803,F,B,INTENDED ELEMENTARY EDUCATION,131202,,,N,,,,,,,,,,,1
,MALLORY,K,BLACKWOOD,,901040774,N,20260801,,,,,,,,,,,,,,N,,,,,,,,,,,
,JUSTIN,C,ASKEW,,901034504,N,20260801,,,,,,,,,,,,,,N,,,,,,,,,,,
,GRACIELA,L,LOPEZ,,901034963,Y,20260801,001577-00,KENNESAW STATE UNIVERSITY,GA,4,Public,20260824,20261214,F,B,ELECTRICAL ENGINEERING,141001,,,N,,,,,,,,,,,1
,JOSE,A,MARTINEZ HERNANDEZ,,901035037,N,20260801,,,,,,,,,,,,,,N,,,,,,,,,,,
,KEALUN,,WALTON,,901035263,N,20260801,,,,,,,,,,,,,,N,,,,,,,,,,,
,BRADY,W,BARTON,,901035419,N,20260801,,,,,,,,,,,,,,N,,,,,,,,,,,
,KALEIGH,M,LINGERFELT,,901035620,Y,20260801,001577-00,KENNESAW STATE UNIVERSITY,GA,4,Public,20260824,20261214,F,B,ELEMENTARY EDUCATION INTEREST,131202,,,N,,,,,,,,,,,1
,JARED,,CARMONA,,901035795,N,20260801,,,,,,,,,,,,,,N,,,,,,,,,,,
,DAVID,N,AGUIRRE,,901036263,N,20260801,,,,,,,,,,,,,,N,,,,,,,,,,,
,KEITH,L,HARGROVE,,901036288,N,20260801,,,,,,,,,,,,,,N,,,,,,,,,,,
,JESSICA,A,DAWSON,,901032950,N,20260801,,,,,,,,,,,,,,N,,,,,,,,,,,
,ZETA,N,KING,,901033032,N,20260801,,,,,,,,,,,,,,N,,,,,,,,,,,
,LUCAS,P,COPE,,901033169,N,20260801,,,,,,,,,,,,,,N,,,,,,,,,,,
,RYLIE,E,CRAMER,,901033176,N,20260801,,,,,,,,,,,,,,N,,,,,,,,,,,
,CARDER,C,FARIST,,901033213,N,20260801,,,,,,,,,,,,,,N,,,,,,,,,,,
,CHESNEE,D,HUMPHRIES,,901033274,N,20260801,,,,,,,,,,,,,,N,,,,,,,,,,,
,JAYDEN,C,SANTOS,,901033444,N,20260801,,,,,,,,,,,,,,N,,,,,,,,,,,
,MADISON,R,ANDERSON,,901033512,N,20260801,,,,,,,,,,,,,,N,,,,,,,,,,,
,BREELEIGH,E,WANGLE,,901033546,N,20260801,,,,,,,,,,,,,,N,,,,,,,,,,,
,JOHN,Q,VAUGHAN,,901041219,N,20260801,,,,,,,,,,,,,,N,,,,,,,,,,,
,ADAH,,THOMPSON,,901041346,N,20260801,,,,,,,,,,,,,,N,,,,,,,,,,,
,JIMENA,,NASSAR MOLINA,,901041397,Y,20260801,001585-00,UNIVERSITY OF NORTH GEORGIA,GA,4,Public,20260810,20261204,F,A,EDUCATION PATHWAY,240101,,,N,,,,,,,,,,,1
,CRISTINA,M,VEGA,,901041409,N,20260801,,,,,,,,,,,,,,N,,,,,,,,,,,
,CAROLINA,,NANEZ,,901041433,N,20260801,,,,,,,,,,,,,,N,,,,,,,,,,,
,ELLA,S,WHITTEMORE,,901041494,Y,20260801,001577-00,KENNESAW STATE UNIVERSITY,GA,4,Public,20260824,20261214,F,B,GEOGRAPHY,450701,,,N,,,,,,,,,,,1
,GUILLERMO,,MORALES,,901041549,N,20260801,,,,,,,,,,,,,,N,,,,,,,,,,,
,KIMBERLY,G,NEAL,,901041621,N,20260801,,,,,,,,,,,,,,N,,,,,,,,,,,
,AIDEN,,MCCONNIE,,901041696,N,20260801,,,,,,,,,,,,,,N,,,,,,,,,,,
,CHEYENNA,J,LENNOX,,901033702,N,20260801,,,,,,,,,,,,,,N,,,,,,,,,,,
,CHRISTOPHER,,THOMAS,,901033829,N,20260801,,,,,,,,,,,,,,N,,,,,,,,,,,
,CAROLINE,P,KEARBY,,901033987,N,20260801,,,,,,,,,,,,,,N,,,,,,,,,,,
,SAMUEL,J,FONTENOT,,901034202,Y,20260801,004508-00,UNIVERSITY OF COLORADO  DENVER,CO,4,Public,20260803,20261212,F,S,CSCI-BS,110101,,,N,,,,,,,,,,,1
,DYLAN,C,BOZOIAN,,901034214,N,20260801,,,,,,,,,,,,,,N,,,,,,,,,,,
,JADA,S,NELSON,,901034325,N,20260801,,,,,,,,,,,,,,N,,,,,,,,,,,
,MOLLY,J,JANSSEN,,901034328,N,20260801,,,,,,,,,,,,,,N,,,,,,,,,,,
,AUSTIN,Y,CHANG,,901034532,N,20260801,,,,,,,,,,,,,,N,,,,,,,,,,,
,KAITLYN,M,CORCORAN,,901035006,N,20260801,,,,,,,,,,,,,,N,,,,,,,,,,,
,MICHELLE,N,TYMCHUK,,901035057,N,20260801,,,,,,,,,,,,,,N,,,,,,,,,,,
,ELLE,M,BARTON,,901035139,N,20260801,,,,,,,,,,,,,,N,,,,,,,,,,,
,TRISTAN,S,BROWNING,,901035480,N,20260801,,,,,,,,,,,,,,N,,,,,,,,,,,
,COURTNEY,A,CHARPIAT,,901036149,N,20260801,,,,,,,,,,,,,,N,,,,,,,,,,,
,SARAH,G,STOTT,,901036513,N,20260801,,,,,,,,,,,,,,N,,,,,,,,,,,
,JONATHAN,C,DECARVALHO,,901037553,N,20260801,,,,,,,,,,,,,,N,,,,,,,,,,,
,MERLIN,J,VALLE GARCIA,,901038149,N,20260801,,,,,,,,,,,,,,N,,,,,,,,,,,
,ANNALAYNE,C,SCARBORO,,901038214,N,20260801,,,,,,,,,,,,,,N,,,,,,,,,,,
,MCKENZIE,G,SMITH,,901038254,N,20260801,,,,,,,,,,,,,,N,,,,,,,,,,,
,SYDNEY,M,PAMA,,901038255,Y,20260801,001598-00,UNIVERSITY OF GEORGIA,GA,4,Public,20260512,20260803,F,B,COMMUNICATION STUDIES,090101,,,N,,,,,,,,,,,1
,BROOKLYN,A,STEEN,,901038267,N,20260801,,,,,,,,,,,,,,N,,,,,,,,,,,
,ELISE,C,RABIN,,901038697,N,20260801,,,,,,,,,,,,,,N,,,,,,,,,,,
,MATTHEW,A,MCMORRIS,,901038773,N,20260801,,,,,,,,,,,,,,N,,,,,,,,,,,
,KRISTI,A,KENNEDY,,901038807,Y,20260801,001585-00,UNIVERSITY OF NORTH GEORGIA,GA,4,Public,20260810,20261204,L,B,DD PHYSICS ENGINEERING,400801,,,N,,,,,,,,,,,1
,KRISTI,A,KENNEDY,,901038807,Y,20260801,001577-00,KENNESAW STATE UNIVERSITY,GA,4,Public,20260824,20261214,Q,B,ELECTRICAL ENGINEERING,141001,,,N,,,,,,,,,,,2
,GAVIN,L,STEVENSON,,901038813,N,20260801,,,,,,,,,,,,,,N,,,,,,,,,,,
,WESLEY,H,KELLER,,901038834,N,20260801,,,,,,,,,,,,,,N,,,,,,,,,,,
,CHARLIZE,,MORGAN,,901038923,N,20260801,,,,,,,,,,,,,,N,,,,,,,,,,,
,JEFRI,,PEREZ,,901039157,N,20260801,,,,,,,,,,,,,,N,,,,,,,,,,,
,CALLIE,L,MITCHELL,,901028996,N,20260801,,,,,,,,,,,,,,N,,,,,,,,,,,
,AUBREE,M,FINCH,,901029105,N,20260801,,,,,,,,,,,,,,N,,,,,,,,,,,
,ANDREA,,GONZALEZ-ARZU,,901029111,N,20260801,,,,,,,,,,,,,,N,,,,,,,,,,,
,KAYLEE,J,KELIHER,,901029116,Y,20260801,001598-00,UNIVERSITY OF GEORGIA,GA,4,Public,20260512,20260803,H,B,INTENDED MANAGEMENT,520201,,,N,,,,,,,,,,,1
,ABIGAIL,S,HOWARD,,901029331,N,20260801,,,,,,,,,,,,,,N,,,,,,,,,,,
,PAIGE,M,FREUND,,901029367,N,20260801,,,,,,,,,,,,,,N,,,,,,,,,,,
,ADILENE,,APOLINAR-GONZALEZ,,901029521,N,20260801,,,,,,,,,,,,,,N,,,,,,,,,,,
,SAMUEL,J,ANDERSON,,901029749,Y,20260801,001598-00,UNIVERSITY OF GEORGIA,GA,4,Public,20260512,20260803,H,B,AVIAN BIOLOGY,010907,,,N,,,,,,,,,,,1
,THOMAS,W,ABERCROMBIE,,901029904,Y,20260801,001577-00,KENNESAW STATE UNIVERSITY,GA,4,Public,20260824,20261214,F,B,CYBERSECURITY,430404,,,N,,,,,,,,,,,1
,LANDON,R,NORTON,,901039245,Y,20260801,001598-00,UNIVERSITY OF GEORGIA,GA,4,Public,20260512,20260803,H,B,BIOLOGY,260101,,,N,,,,,,,,,,,1
,GARRETT,P,BROWN,,901039300,Y,20260801,001577-00,KENNESAW STATE UNIVERSITY,GA,4,Public,20260824,20261214,F,B,CYBERSECURITY,430404,,,N,,,,,,,,,,,1
,NICHOLAS,J,MCCARTHY,,901039466,Y,20260801,001598-00,UNIVERSITY OF GEORGIA,GA,4,Public,20260512,20260803,H,B,FINANCIAL PLANNING,190401,,,N,,,,,,,,,,,1
,VINCENT,J,TILELLI,,901039741,Y,20260801,001577-00,KENNESAW STATE UNIVERSITY,GA,4,Public,20260824,20261214,F,B,BS IN PUBLIC HEALTH,512207,,,N,,,,,,,,,,,1
,MILES,M,GAUDE,,901039835,N,20260801,,,,,,,,,,,,,,N,,,,,,,,,,,
,ADAM,,HAMILTON,,901039877,N,20260801,,,,,,,,,,,,,,N,,,,,,,,,,,
,ANTONIO,,ARIZPE,,901039896,N,20260801,,,,,,,,,,,,,,N,,,,,,,,,,,
,DANIEL,J,PAUTLER,,901040308,Y,20260801,001598-00,UNIVERSITY OF GEORGIA,GA,4,Public,20260512,20260803,H,B,GEOGRAPHY,304401,,,N,,,,,,,,,,,1
,JAY,M,KEATING,,901040401,N,20260801,,,,,,,,,,,,,,N,,,,,,,,,,,
,DANIEL,,LUGO-MENDOZA,,901040615,Y,20260801,001598-00,UNIVERSITY OF GEORGIA,GA,4,Public,20260512,20260803,F,B,BIOLOGY,260101,,,N,,,,,,,,,,,1
,SAREENA,S,PATEL,,901040991,Y,20260801,001598-00,UNIVERSITY OF GEORGIA,GA,4,Public,20260512,20260803,H,B,INTENDED MANAGEMENT,520201,,,N,,,,,,,,,,,1
,LUKE,W,REED,,901041090,Y,20260801,001598-00,UNIVERSITY OF GEORGIA,GA,4,Public,20260512,20260803,H,B,INTENDED SPORT MANAGEMENT,310504,,,N,,,,,,,,,,,1
,SAVANNA,P,BARTON,,901041270,N,20260801,,,,,,,,,,,,,,N,,,,,,,,,,,
,COLLIN,J,MILLER,,901041322,N,20260801,,,,,,,,,,,,,,N,,,,,,,,,,,
,VAUGHN,T,KROHN,,901041359,Y,20260801,001598-00,UNIVERSITY OF GEORGIA,GA,4,Public,20260512,20260803,F,B,CONSUMER ECONOMICS,190402,,,N,,,,,,,,,,,1
,CALE,I,GOODMAN,,901041363,N,20260801,,,,,,,,,,,,,,N,,,,,,,,,,,
,LUZ,E,RIVERA MARTINEZ,,901041526,N,20260801,,,,,,,,,,,,,,N,,,,,,,,,,,
,MADELINE,G,SCHMITT,,901041642,N,20260801,,,,,,,,,,,,,,N,,,,,,,,,,,
,LOGAN,J,BLALOCK,,901041749,N,20260801,,,,,,,,,,,,,,N,,,,,,,,,,,
,STELLA,R,ANDREW,,901041770,N,20260801,,,,,,,,,,,,,,N,,,,,,,,,,,
,ANSLEY,K,STINSON,,901041821,Y,20260801,001598-00,UNIVERSITY OF GEORGIA,GA,4,Public,20260512,20260803,F,B,INTENDED MANAGEMENT,520201,INTENDED BUSINESS UNSPECIFIED,520101,N,,,,,,,,,,,1
,PEYTON,R,COLLIN,,901041822,N,20260801,,,,,,,,,,,,,,N,,,,,,,,,,,
,MELONY,K,NGUYEN,,901041851,N,20260801,,,,,,,,,,,,,,N,,,,,,,,,,,
,CARSON,J,FEELY,,901041912,N,20260801,,,,,,,,,,,,,,N,,,,,,,,,,,
,MAURA,R,JOSSET,,901041914,N,20260801,,,,,,,,,,,,,,N,,,,,,,,,,,
,TAMAS,L,PHILLIPS,,901041987,N,20260801,,,,,,,,,,,,,,N,,,,,,,,,,,
,CHRISTOPHER,D,BAKER,,901042033,N,20260801,,,,,,,,,,,,,,N,,,,,,,,,,,
,LINCOLN,,HUDGENS,,901042058,N,20260801,,,,,,,,,,,,,,N,,,,,,,,,,,
,KATI,,KRAFT,,901036430,N,20260801,,,,,,,,,,,,,,N,,,,,,,,,,,
,DYLAN,J,PIANETA,,901036487,Y,20260801,001577-00,KENNESAW STATE UNIVERSITY,GA,4,Public,20260824,20261214,F,B,COMPUTER SCIENCE,110701,,,N,,,,,,,,,,,1
,MADISON,L,MEREDITH,,901036575,N,20260801,,,,,,,,,,,,,,N,,,,,,,,,,,
,CHRISTIAN,J,POWERS,,901037605,N,20260801,,,,,,,,,,,,,,N,,,,,,,,,,,
,JACK,R,SHURTLEFF,,901037617,Y,20260801,001598-00,UNIVERSITY OF GEORGIA,GA,4,Public,20260512,20260803,F,B,INTENDED FINANCE,520801,,,N,,,,,,,,,,,1
,AMELIA,G,DAVIS,,901038559,N,20260801,,,,,,,,,,,,,,N,,,,,,,,,,,
,ELIANA,M,TERREBONNE,,901038955,Y,20260801,001577-00,KENNESAW STATE UNIVERSITY,GA,4,Public,20260824,20261214,F,B,MARKETING INTEREST,521401,,,N,,,,,,,,,,,1
,GAGE,R,HARPER,,901039093,N,20260801,,,,,,,,,,,,,,N,,,,,,,,,,,
,ANNIE,K,FULLER,,901039535,N,20260801,,,,,,,,,,,,,,N,,,,,,,,,,,
,ALLYSON,L,PHAM,,901030203,Y,20260801,001569-00,GEORGIA INSTITUTE OF TECHNOLOGY,GA,4,Public,20260518,20260806,L,B,BUSINESS ADMINISTRATION,520201,,,N,,,,,,,,,,,1
,GISELLE,J,DIAZ,,901030393,N,20260801,,,,,,,,,,,,,,N,,,,,,,,,,,
,PEYTON,,MATTSON,,901030519,N,20260801,,,,,,,,,,,,,,N,,,,,,,,,,,
,MELINDA,L,CANTRELL,,901030576,N,20260801,,,,,,,,,,,,,,N,,,,,,,,,,,
,TAYTUM,,MCCALL,,901030583,Y,20260801,001598-00,UNIVERSITY OF GEORGIA,GA,4,Public,20260512,20260803,H,B,SOCIAL ENTR CONS WELL BEING,520704,,,N,,,,,,,,,,,1
,OLIVIA,G,LUDWIG,,901030991,N,20260801,,,,,,,,,,,,,,N,,,,,,,,,,,
,LILLIAN,B,VAN SANT,,901031016,N,20260801,,,,,,,,,,,,,,N,,,,,,,,,,,
,ADDISON,R,EMOND,,901031117,Y,20260801,001585-00,UNIVERSITY OF NORTH GEORGIA,GA,4,Public,20260810,20261204,Q,B,BIOLOGY,260101,,,N,,,,,,,,,,,1
,SOPHIA,F,STANCIL,,901031283,N,20260801,,,,,,,,,,,,,,N,,,,,,,,,,,
,GEORGE,J,JARDINA,,901039737,N,20260801,,,,,,,,,,,,,,N,,,,,,,,,,,
,REED,M,MIDDLETON,,901039803,N,20260801,,,,,,,,,,,,,,N,,,,,,,,,,,
,JESSLYN,R,COTTRELL,,901040043,N,20260801,,,,,,,,,,,,,,N,,,,,,,,,,,
,JAXON,E,BARLOGA,,901040162,N,20260801,,,,,,,,,,,,,,N,,,,,,,,,,,
,AMELIA,D,ANDERSON,,901040175,N,20260801,,,,,,,,,,,,,,N,,,,,,,,,,,
,JENNA,,ARNOLD,,901040270,Y,20260801,001598-00,UNIVERSITY OF GEORGIA,GA,4,Public,20260512,20260803,F,B,HOUSING MANAGEMENT POLICY,190601,,,N,,,,,,,,,,,1
,KAMRYN,K,GERMAIN,,901040284,N,20260801,,,,,,,,,,,,,,N,,,,,,,,,,,
,CAMERON,M,MITCHEM,,901040370,N,20260801,,,,,,,,,,,,,,N,,,,,,,,,,,
,WILLIAM,T,TANKERSLEY,,901040460,N,20260801,,,,,,,,,,,,,,N,,,,,,,,,,,
,LILY,K,DELORENZO,,901042112,N,20260801,,,,,,,,,,,,,,N,,,,,,,,,,,
,SAMUEL,B,THOMPSON,,901042199,N,20260801,,,,,,,,,,,,,,N,,,,,,,,,,,
,ISABEL,K,COCHRAN,,901042293,N,20260801,,,,,,,,,,,,,,N,,,,,,,,,,,
,MADISON,V,PITCHFORD,,901042344,N,20260801,,,,,,,,,,,,,,N,,,,,,,,,,,
,ANTHONY,B,GEVAERT,,901042428,N,20260801,,,,,,,,,,,,,,N,,,,,,,,,,,
,EVAN,N,BIER,,901042446,N,20260801,,,,,,,,,,,,,,N,,,,,,,,,,,
,ALEX,K,CHERUIYOT,,901042462,N,20260801,,,,,,,,,,,,,,N,,,,,,,,,,,
,GIAVANNA,,TURNER,,901042666,N,20260801,,,,,,,,,,,,,,N,,,,,,,,,,,
,LUKE,A,MITCHAM,,901042810,Y,20260801,001586-00,OGLETHORPE UNIVERSITY,GA,4,Private,20260518,20260807,L,F,,,,,N,,,,,,,,,,,1
,LUCY,A,YARBROUGH,,901042874,Y,20260801,001585-00,UNIVERSITY OF NORTH GEORGIA,GA,4,Public,20260810,20261204,F,B,PSYCHOLOGY,422799,,,N,,,,,,,,,,,1
,LANDON,,SANKOWSKI,,901040501,Y,20260801,001598-00,UNIVERSITY OF GEORGIA,GA,4,Public,20260512,20260803,F,B,INTENDED FINANCE,520801,,,N,,,,,,,,,,,1
,GUADALUPE,A,BARAJAS,,901040515,N,20260801,,,,,,,,,,,,,,N,,,,,,,,,,,
,JESSE,L,BATTEN,,901040770,N,20260801,,,,,,,,,,,,,,N,,,,,,,,,,,
,OWEN,R,KESLER,,901040806,N,20260801,,,,,,,,,,,,,,N,,,,,,,,,,,
,THO MINH,H,PHAM,,901040827,N,20260801,,,,,,,,,,,,,,N,,,,,,,,,,,
,DREW,,DIBIASE,,901040850,N,20260801,,,,,,,,,,,,,,N,,,,,,,,,,,
,SEAN,L,TRACK,,901040918,N,20260801,,,,,,,,,,,,,,N,,,,,,,,,,,
,SAMUEL,T,SPENCER,,901041000,N,20260801,,,,,,,,,,,,,,N,,,,,,,,,,,
,COREY,L,SUBER,,901041087,N,20260801,,,,,,,,,,,,,,N,,,,,,,,,,,
,LOGAN,S,HOLMES,,901041658,N,20260801,,,,,,,,,,,,,,N,,,,,,,,,,,
,SARA,E,BRYANT,,901041671,Y,20260801,001588-00,PIEDMONT UNIVERSITY,GA,4,Private,20260812,20261208,F,J,NURSING,513801,,,N,,,,,,,,,,,1
,CAROLINE,E,BREWER,,901041926,N,20260801,,,,,,,,,,,,,,N,,,,,,,,,,,
,ALYVIA,,BOOTH,,901041927,N,20260801,,,,,,,,,,,,,,N,,,,,,,,,,,
,WILLIAM,B,SLANINA,,901041935,N,20260801,,,,,,,,,,,,,,N,,,,,,,,,,,
,BRADEN,L,LAWRENCE,,901041963,N,20260801,,,,,,,,,,,,,,N,,,,,,,,,,,
,MATHEW,R,MCDONALD,,901042053,N,20260801,,,,,,,,,,,,,,N,,,,,,,,,,,
,KAYLEE,G,STEELE,,901042308,N,20260801,,,,,,,,,,,,,,N,,,,,,,,,,,
,RAEGAN,E,CARMICAL,,901042341,N,20260801,,,,,,,,,,,,,,N,,,,,,,,,,,
,LONDON,I,DIAMANTIDES,,901042408,Y,20260801,001598-00,UNIVERSITY OF GEORGIA,GA,4,Public,20260512,20260803,F,B,INTERNATIONAL AFFAIRS,450901,,,N,,,,,,,,,,,1
,PAYTON,A,BURGESS,,901042455,N,20260801,,,,,,,,,,,,,,N,,,,,,,,,,,
,SHYLA,L,LOUDEN,,901042511,N,20260801,,,,,,,,,,,,,,N,,,,,,,,,,,
,JOSEPH,I,HAILEY,,901042601,Y,20260801,001577-00,KENNESAW STATE UNIVERSITY,GA,4,Public,20260824,20261214,Q,B,INTEGRATED HEALTH SCIENCE,510000,,,N,,,,,,,,,,,1
,KYLIE,I,CLENDENING,,901042767,Y,20260801,001574-06,GEORGIA STATE UNIVERSITY- PERIMETER COLLEGE,GA,2,Public,20260511,20260803,L,S,PSYCHOLOGY,240101,,,N,,,,,,,,,,,1
,AIDAN,S,GUY,,901042891,N,20260801,,,,,,,,,,,,,,N,,,,,,,,,,,
,ANDREW,M,COSTELLO,,901042898,N,20260801,,,,,,,,,,,,,,N,,,,,,,,,,,
,DANIA,R,ALFARO,,901042966,Y,20260801,001598-00,UNIVERSITY OF GEORGIA,GA,4,Public,20260512,20260803,H,B,SOCIOLOGY,451101,CRIMINAL JUSTICE,430103,N,,,,,,,,,,,1
,JULIA,E,MAHONEY,,901043044,N,20260801,,,,,,,,,,,,,,N,,,,,,,,,,,
,STEVEN,M,DEMARCO,,901031322,N,20260801,,,,,,,,,,,,,,N,,,,,,,,,,,
,KYRAN,P,SHADRICK,,901031397,N,20260801,,,,,,,,,,,,,,N,,,,,,,,,,,
,KINLEE,J,HAGWOOD,,901031529,Y,20260801,001598-00,UNIVERSITY OF GEORGIA,GA,4,Public,20260512,20260803,H,B,BIOLOGY,260101,,,N,,,,,,,,,,,1
,BRENLEE,J,KITCHENS,,901031571,N,20260801,,,,,,,,,,,,,,N,,,,,,,,,,,
,RYLANT,S,UKENA,,901031783,N,20260801,,,,,,,,,,,,,,N,,,,,,,,,,,
,LANCE,A,HACKER,,901031811,N,20260801,,,,,,,,,,,,,,N,,,,,,,,,,,
,JIA,K,THAPAR,,901031913,N,20260801,,,,,,,,,,,,,,N,,,,,,,,,,,
,KYLE,C,BRYANT,,901032006,N,20260801,,,,,,,,,,,,,,N,,,,,,,,,,,
,HANNAH,M,WISE,,901032144,Y,20260801,001598-00,UNIVERSITY OF GEORGIA,GA,4,Public,20260512,20260803,H,B,COMMUNICATION SCI AND DISORDER,510201,,,N,,,,,,,,,,,1
,TAYLOR,R,CALLAWAY,,901032166,N,20260801,,,,,,,,,,,,,,N,,,,,,,,,,,
,SARA,,SOULAIM,,901032307,Y,20260801,001598-00,UNIVERSITY OF GEORGIA,GA,4,Public,20260512,20260803,F,B,HEALTH PROMOTION,512207,,,N,,,,,,,,,,,1
,JASON,,KINGSLEY,,901032353,N,20260801,,,,,,,,,,,,,,N,,,,,,,,,,,
,WILLIAM,J,FARMER,,901032999,Y,20260801,001598-00,UNIVERSITY OF GEORGIA,GA,4,Public,20260512,20260709,W,B,INTENDED MARKETING,521401,,,N,,,,,,,,,,,1
,LOLA,G,BULFORD,,901033126,N,20260801,,,,,,,,,,,,,,N,,,,,,,,,,,
,BRYCE,W,CONWAY,,901033167,Y,20260801,001598-00,UNIVERSITY OF GEORGIA,GA,4,Public,20260512,20260803,H,B,INTENDED ACCOUNTING,520301,,,N,,,,,,,,,,,1
,KAITLYN,E,PAYNE,,901033392,N,20260801,,,,,,,,,,,,,,N,,,,,,,,,,,
,CHLOE,E,SULLIVAN,,901033483,N,20260801,,,,,,,,,,,,,,N,,,,,,,,,,,
,ALEXANDER,,SALOME LORENZO,,901033504,Y,20260801,001598-00,UNIVERSITY OF GEORGIA,GA,4,Public,20260512,20260803,F,B,FINANCIAL PLANNING,190401,,,N,,,,,,,,,,,1
,COLIN,A,MADSEN,,901033507,N,20260801,,,,,,,,,,,,,,N,,,,,,,,,,,
,JEFFREY,M,PERLIN,,901033613,Y,20260801,001577-00,KENNESAW STATE UNIVERSITY,GA,4,Public,20260824,20261214,F,B,MECHANICAL ENGINEERING,141901,,,N,,,,,,,,,,,1
,VUNG,D,HUAI,,901033654,N,20260801,,,,,,,,,,,,,,N,,,,,,,,,,,
,MICAYLA,A,PETERS,,901033809,N,20260801,,,,,,,,,,,,,,N,,,,,,,,,,,
,BROOKE,F,MARTIN,,901033933,N,20260801,,,,,,,,,,,,,,N,,,,,,,,,,,
,CHARLES,T,MEYER,,901033997,Y,20260801,001598-00,UNIVERSITY OF GEORGIA,GA,4,Public,20260512,20260803,F,B,APPLIED BIOTECHNOLOGY,261201,,,N,,,,,,,,,,,1
,JOSE,O,ULLOA,,901034059,N,20260801,,,,,,,,,,,,,,N,,,,,,,,,,,
,GOWAN,T,ARNOLD,,901034190,N,20260801,,,,,,,,,,,,,,N,,,,,,,,,,,
,BENJAMIN,C,BURKS,,901034206,N,20260801,,,,,,,,,,,,,,N,,,,,,,,,,,
,KARSTIN,A,HOLT,,901041169,N,20260801,,,,,,,,,,,,,,N,,,,,,,,,,,
,BRANTLEY,D,CROSSFIELD,,901041250,Y,20260801,001598-00,UNIVERSITY OF GEORGIA,GA,4,Public,20260512,20260803,H,B,FINANCIAL PLANNING,190401,,,N,,,,,,,,,,,1
,LUCIO,,PARRA,,901041407,N,20260801,,,,,,,,,,,,,,N,,,,,,,,,,,
,JHEMILIA,,PASMORE,,901041491,Y,20260801,009507-00,GEORGIA HIGHLANDS COLLEGE,GA,4,Public,20260810,20261204,F,A,ENGINEERING,240101,,,N,,,,,,,,,,,1
,SIENNA,R,TYSON,,901041579,Y,20260801,001577-00,KENNESAW STATE UNIVERSITY,GA,4,Public,20260824,20261214,F,B,EXERCISE SCIENCE INTEREST,260908,,,N,,,,,,,,,,,1
,AMBER,L,JACOBS,,901041760,N,20260801,,,,,,,,,,,,,,N,,,,,,,,,,,
,REAGAN,E,CAPPS,,901041843,N,20260801,,,,,,,,,,,,,,N,,,,,,,,,,,
,JACK,,CENDOYA,,901042149,N,20260801,,,,,,,,,,,,,,N,,,,,,,,,,,
,KRISH,I,PATEL,,901042160,Y,20260801,001598-00,UNIVERSITY OF GEORGIA,GA,4,Public,20260512,20260803,F,B,INTENDED COMPUTER SCIENCE,110701,,,N,,,,,,,,,,,1
,BRENDAN,T,MCCOY,,901042215,N,20260801,,,,,,,,,,,,,,N,,,,,,,,,,,
,BRODIE,G,HICKS,,901042465,N,20260801,,,,,,,,,,,,,,N,,,,,,,,,,,
,ISABELLA,,MARTINEZ FERRO,,901042535,N,20260801,,,,,,,,,,,,,,N,,,,,,,,,,,
,DONALD,M,RUSH,,901042587,N,20260801,,,,,,,,,,,,,,N,,,,,,,,,,,
,MYA,A,NIX,,901042596,N,20260801,,,,,,,,,,,,,,N,,,,,,,,,,,
,GEORGE,S,THOMAS,,901042708,N,20260801,,,,,,,,,,,,,,N,,,,,,,,,,,
,TOBY,A,PARKER,,901042777,Y,20260801,001577-00,KENNESAW STATE UNIVERSITY,GA,4,Public,20260824,20261214,F,B,MARKETING INTEREST,521401,,,N,,,,,,,,,,,1
,ELIZABETH,G,BASSETT,,901042786,N,20260801,,,,,,,,,,,,,,N,,,,,,,,,,,
,GRACE,E,MCABEE,,901042858,N,20260801,,,,,,,,,,,,,,N,,,,,,,,,,,
,ERIKA,D,HULL,,901042888,N,20260801,,,,,,,,,,,,,,N,,,,,,,,,,,
,CLINTON,B,TWIGGS,,901042993,N,20260801,,,,,,,,,,,,,,N,,,,,,,,,,,
,KARIYAUNA,,GREEN,,901043126,Y,20260801,001577-00,KENNESAW STATE UNIVERSITY,GA,4,Public,20260824,20261214,Q,B,BIOLOGY,260101,,,N,,,,,,,,,,,1
,LUCY,S,HATCHER,,901043299,N,20260801,,,,,,,,,,,,,,N,,,,,,,,,,,
,EMILY,R,SCHINDLER,,901043574,N,20260801,,,,,,,,,,,,,,N,,,,,,,,,,,
,RILEY,A,WRIGHT,,901043577,N,20260801,,,,,,,,,,,,,,N,,,,,,,,,,,
,ARIANA,I,GIRALDO,,901043623,N,20260801,,,,,,,,,,,,,,N,,,,,,,,,,,
,RYLEE,M,KING,,901043627,N,20260801,,,,,,,,,,,,,,N,,,,,,,,,,,
,JOSHUA,B,SMITH,,901043650,N,20260801,,,,,,,,,,,,,,N,,,,,,,,,,,
,BRIANNA,,RYALS,,901042929,Y,20260801,004938-00,SOUTH COLLEGE,TN,4,Private,20260624,20260910,Q,,,510910,,,N,,,,,,,,,,,1
,SAMANTHA,J,HOEHN,,901043081,N,20260801,,,,,,,,,,,,,,N,,,,,,,,,,,
,ATHALIA,N,WILSON,,901043092,N,20260801,,,,,,,,,,,,,,N,,,,,,,,,,,
,LENYCA,,FILIP,,901043110,N,20260801,,,,,,,,,,,,,,N,,,,,,,,,,,
,SPENCER,,SUVEG-DIPPEL,,901043116,N,20260801,,,,,,,,,,,,,,N,,,,,,,,,,,
,COOPER,C,GREEN,,901043335,N,20260801,,,,,,,,,,,,,,N,,,,,,,,,,,
,LANDON,M,TYSON,,901043476,N,20260801,,,,,,,,,,,,,,N,,,,,,,,,,,
,DEVIN,K,WARD,,901043652,N,20260801,,,,,,,,,,,,,,N,,,,,,,,,,,
,KAMDEN,A,HIGHTOWER,,901043737,N,20260801,,,,,,,,,,,,,,N,,,,,,,,,,,
,GIOVANY,S,BRADLEY,,901043080,N,20260801,,,,,,,,,,,,,,N,,,,,,,,,,,
,ABBY,C,HARBER,,901043166,N,20260801,,,,,,,,,,,,,,N,,,,,,,,,,,
,CORA,E,PATE,,901043174,N,20260801,,,,,,,,,,,,,,N,,,,,,,,,,,
,DANYLO,V,PYNZENYK,,901043402,N,20260801,,,,,,,,,,,,,,N,,,,,,,,,,,
,NOUR,S,HILAL,,901043495,N,20260801,,,,,,,,,,,,,,N,,,,,,,,,,,
,ANDREW,B,SMITH,,901043649,N,20260801,,,,,,,,,,,,,,N,,,,,,,,,,,
,AVERIE,L,PRUITT,,901043748,N,20260801,,,,,,,,,,,,,,N,,,,,,,,,,,
,ALLIE,C,JONES,,901043807,N,20260801,,,,,,,,,,,,,,N,,,,,,,,,,,
,LEONARDO,,PEREZ-TINAJERO,,901043906,N,20260801,,,,,,,,,,,,,,N,,,,,,,,,,,
,LYLA,A,FRADY,,901043782,N,20260801,,,,,,,,,,,,,,N,,,,,,,,,,,
,NATALIE,P,TAYLOR,,901043810,N,20260801,,,,,,,,,,,,,,N,,,,,,,,,,,
,CONNOR,F,BRIDGERS,,901043862,Y,20260801,001577-00,KENNESAW STATE UNIVERSITY,GA,4,Public,20260824,20261214,F,B,MECHANICAL ENGINEERING,141901,,,N,,,,,,,,,,,1
,KALEB,A,O'NEAL,,901043904,N,20260801,,,,,,,,,,,,,,N,,,,,,,,,,,
,KYLE,W,RICHARDSON,,901043923,N,20260801,,,,,,,,,,,,,,N,,,,,,,,,,,
,WESLEY,N,RICKERS,,901043924,N,20260801,,,,,,,,,,,,,,N,,,,,,,,,,,
,OLIVIA,J,DEBORD,,901044070,N,20260801,,,,,,,,,,,,,,N,,,,,,,,,,,
,DHYAY,J,PATEL,,901044082,N,20260801,,,,,,,,,,,,,,N,,,,,,,,,,,
,THOMAS,B,FREELAND,,901044103,N,20260801,,,,,,,,,,,,,,N,,,,,,,,,,,
,ANDREW,H,CHANG,,901034533,N,20260801,,,,,,,,,,,,,,N,,,,,,,,,,,
,DANIEL,,CRUZ,,901034606,N,20260801,,,,,,,,,,,,,,N,,,,,,,,,,,
,LAYNEY,G,NIX,,901034909,N,20260801,,,,,,,,,,,,,,N,,,,,,,,,,,
,EDUARDO,,ZAMORA,,901035350,N,20260801,,,,,,,,,,,,,,N,,,,,,,,,,,
,DAWSON,C,WELBORN,,901035482,N,20260801,,,,,,,,,,,,,,N,,,,,,,,,,,
,HENRY,,MORGAN,,901035511,N,20260801,,,,,,,,,,,,,,N,,,,,,,,,,,
,REBECCA,E,THOMPSON,,901035572,N,20260801,,,,,,,,,,,,,,N,,,,,,,,,,,
,LAINA,L,PATE,,901035631,Y,20260801,020748-00,LIFE UNIVERSITY,GA,4,Private,20260713,20260926,F,J,BIOLOGY,260101,,,N,,,,,,,,,,,1
,JEFFREY,J,HERNANDEZ,,901035638,Y,20260801,001577-00,KENNESAW STATE UNIVERSITY,GA,4,Public,20260824,20261214,F,B,CIVIL ENGINEERING,140801,,,N,,,,,,,,,,,1
,JENNY,M,NGUYEN,,901035704,N,20260801,,,,,,,,,,,,,,N,,,,,,,,,,,
,MAYA,G,HOLLAND,,901036179,N,20260801,,,,,,,,,,,,,,N,,,,,,,,,,,
,LOGAN,M,MOORE,,901036186,N,20260801,,,,,,,,,,,,,,N,,,,,,,,,,,
,GABRIEL,,CARRENO,,901036377,N,20260801,,,,,,,,,,,,,,N,,,,,,,,,,,
,MATTHEW,D,SMITH,,901036490,N,20260801,,,,,,,,,,,,,,N,,,,,,,,,,,
,JOSELINA,,CRAVEN,,901036534,N,20260801,,,,,,,,,,,,,,N,,,,,,,,,,,
,JAMES,H,DAVIS,,901036608,N,20260801,,,,,,,,,,,,,,N,,,,,,,,,,,
,KACPER,,MICHALAK,,901037771,Y,20260801,002103-00,UNIVERSITY OF MARYLAND-COLLEGE PARK,MD,4,Public,20260601,20260821,H,M,GEOSPATIAL INTELLIGENCE (ONLINE),290203,,,N,,,,,,,,,,,1
,TY,A,JOHNSTON,,901038222,N,20260801,,,,,,,,,,,,,,N,,,,,,,,,,,
,BLAKE,C,HOLLOWAY,,901043731,Y,20260801,001585-00,UNIVERSITY OF NORTH GEORGIA,GA,4,Public,20260810,20261204,Q,B,MARKETING,521401,,,N,,,,,,,,,,,1
,JASON,M,CHIRA,,901043784,N,20260801,,,,,,,,,,,,,,N,,,,,,,,,,,
,JA'QUON,S,STEMBRIDGE,,901043918,N,20260801,,,,,,,,,,,,,,N,,,,,,,,,,,
,CALEB,A,PEARSON,,901044059,N,20260801,,,,,,,,,,,,,,N,,,,,,,,,,,
,ADAM,C,HALBERT,,901044064,N,20260801,,,,,,,,,,,,,,N,,,,,,,,,,,
,HANNAH,C,WILLIS,,901044090,N,20260801,,,,,,,,,,,,,,N,,,,,,,,,,,
,JACKSON,T,HURST,,901044097,N,20260801,,,,,,,,,,,,,,N,,,,,,,,,,,
,ALEXANDER,,FELDMAN,,901044342,N,20260801,,,,,,,,,,,,,,N,,,,,,,,,,,
,DAERIN,L,RICHARDSON,,901044417,N,20260801,,,,,,,,,,,,,,N,,,,,,,,,,,
,MATTHEW,N,CHASTAIN,,901044294,N,20260801,,,,,,,,,,,,,,N,,,,,,,,,,,
,ARELY,E,RAMIREZ,,901044297,N,20260801,,,,,,,,,,,,,,N,,,,,,,,,,,
,JOSEPH,T,CUMMINGS,,901044341,N,20260801,,,,,,,,,,,,,,N,,,,,,,,,,,
,ISABELLA,J,OST,,901044355,Y,20260801,031009-00,LUTHER RICE COLLEGE & SEMINARY,GA,4,Private,20260525,20260810,Q,S,PSYCHOLOGY,,,,N,,,,,,,,,,,1
,ISABELLA,J,OST,,901044355,Y,20260801,031009-00,LUTHER RICE COLLEGE & SEMINARY,GA,4,Private,20260525,20260809,Q,S,PSYCHOLOGY,,,,N,,,,,,,,,,,1
,ELIZABETH,E,CLOUDT,,901044397,N,20260801,,,,,,,,,,,,,,N,,,,,,,,,,,
,ADILY,A,HUTTON,,901044451,Y,20260801,001585-00,UNIVERSITY OF NORTH GEORGIA,GA,4,Public,20260810,20261204,H,A,BEHAVIORAL SCIENCES PATHWAY,240101,,,N,,,,,,,,,,,1
,HUNTER,W,BOND,,901044472,N,20260801,,,,,,,,,,,,,,N,,,,,,,,,,,
,ARDEN,R,JENSEN,,901044535,N,20260801,,,,,,,,,,,,,,N,,,,,,,,,,,
,ETHAN,R,STOUT,,901044572,N,20260801,,,,,,,,,,,,,,N,,,,,,,,,,,
,OLIVIA,G,WILSON,,901044508,Y,20260801,001588-00,PIEDMONT UNIVERSITY,GA,4,Private,20260812,20261208,Q,F,ELEMENTARY EDUCATION,131202,,,N,,,,,,,,,,,1
,WILLIAM,P,MOYE,,901044559,N,20260801,,,,,,,,,,,,,,N,,,,,,,,,,,
,ALEX,E,LEWALLEN,,901044697,N,20260801,,,,,,,,,,,,,,N,,,,,,,,,,,
,JONAH,D,INGRAHAM,,901044699,Y,20260801,001577-00,KENNESAW STATE UNIVERSITY,GA,4,Public,20260824,20261214,F,B,MECHANICAL ENGINEERING,141901,,,N,,,,,,,,,,,1
,JOSEPH,E,BISH,,901044783,Y,20260801,001598-00,UNIVERSITY OF GEORGIA,GA,4,Public,20260512,20260803,H,B,INTENDED MECHANICAL ENG,141901,,,N,,,,,,,,,,,1
,COLIN,T,HOVATER,,901044792,N,20260801,,,,,,,,,,,,,,N,,,,,,,,,,,
,SIMON,,JOLIVETTE,,901044974,N,20260801,,,,,,,,,,,,,,N,,,,,,,,,,,
,EMILY,G,SIMMONS,,901045207,N,20260801,,,,,,,,,,,,,,N,,,,,,,,,,,
,RACHEL,M,WARTA,,901045329,N,20260801,,,,,,,,,,,,,,N,,,,,,,,,,,
,AVA,J,CRIBB,,901038408,N,20260801,,,,,,,,,,,,,,N,,,,,,,,,,,
,DAVID,E,GUEVARA,,901038507,Y,20260801,001585-00,UNIVERSITY OF NORTH GEORGIA,GA,4,Public,20260810,20261204,F,B,MANAGEMENT,520201,,,N,,,,,,,,,,,1
,CARTER,W,CHILDRESS,,901038710,N,20260801,,,,,,,,,,,,,,N,,,,,,,,,,,
,WILLIAM,D,CASTRO,,901038985,N,20260801,,,,,,,,,,,,,,N,,,,,,,,,,,
,KIRIN,E,YATSKO,,901039077,Y,20260801,001598-00,UNIVERSITY OF GEORGIA,GA,4,Public,20260512,20260803,F,B,ANIMAL BIOSCIENCES,260701,,,N,,,,,,,,,,,1
,JULIE,R,DULANEY,,901039208,N,20260801,,,,,,,,,,,,,,N,,,,,,,,,,,
,AVERY,R,MALLAS,,901039379,N,20260801,,,,,,,,,,,,,,N,,,,,,,,,,,
,KAMORA,E,HALL,,901039473,N,20260801,,,,,,,,,,,,,,N,,,,,,,,,,,
,BRENNA,L,PULLIAM,,901039515,N,20260801,,,,,,,,,,,,,,N,,,,,,,,,,,
,JORDAN,E,MEDINA,,901044625,N,20260801,,,,,,,,,,,,,,N,,,,,,,,,,,
,GRACE,A,HAMILTON,,901044681,N,20260801,,,,,,,,,,,,,,N,,,,,,,,,,,
,JOSHUA,L,BOWLES,,901044779,N,20260801,,,,,,,,,,,,,,N,,,,,,,,,,,
,MATTHEW,A,MITCHELL,,901044811,N,20260801,,,,,,,,,,,,,,N,,,,,,,,,,,
,ANNA,M,MCLANAHAN,,901044866,N,20260801,,,,,,,,,,,,,,N,,,,,,,,,,,
,MICAH,D,HOOPER,,901044988,N,20260801,,,,,,,,,,,,,,N,,,,,,,,,,,
,JOHN,R,PRESTI,,901045178,N,20260801,,,,,,,,,,,,,,N,,,,,,,,,,,
,MADDOX,M,COLLIER,,901045379,N,20260801,,,,,,,,,,,,,,N,,,,,,,,,,,
,CAYSEN,L,DUVALL,,901045392,N,20260801,,,,,,,,,,,,,,N,,,,,,,,,,,
,RYDER,L,ROMIJN,,901039553,Y,20260801,001598-00,UNIVERSITY OF GEORGIA,GA,4,Public,20260512,20260803,H,B,INTENDED FINANCE,520801,,,N,,,,,,,,,,,1
,ARABELLA,L,KOOK,,901039612,N,20260801,,,,,,,,,,,,,,N,,,,,,,,,,,
,ALLISON,M,HENNELLY,,901039724,N,20260801,,,,,,,,,,,,,,N,,,,,,,,,,,
,SARAH,E,BALDRIDGE,,901039854,N,20260801,,,,,,,,,,,,,,N,,,,,,,,,,,
,CONNOR,J,WARD,,901039869,N,20260801,,,,,,,,,,,,,,N,,,,,,,,,,,
,PEYTON,M,TORR,,901040124,Y,20260801,001598-00,UNIVERSITY OF GEORGIA,GA,4,Public,20260512,20260803,H,B,INTENDED ELEMENTARY EDUCATION,131202,,,N,,,,,,,,,,,1
,KIRSTEN,B,HERTEN,,901040183,N,20260801,,,,,,,,,,,,,,N,,,,,,,,,,,
,SHALLOT,M,SHABANTU,,901040380,N,20260801,,,,,,,,,,,,,,N,,,,,,,,,,,
,ANIYAH,,AUSTIN,,901040381,N,20260801,,,,,,,,,,,,,,N,,,,,,,,,,,
,GENEVIEVE,A,BIELLI,,901043977,N,20260801,,,,,,,,,,,,,,N,,,,,,,,,,,
,MATTHEW,R,LOVE,,901043988,N,20260801,,,,,,,,,,,,,,N,,,,,,,,,,,
,ELLA,J,HARPER,,901044140,N,20260801,,,,,,,,,,,,,,N,,,,,,,,,,,
,KARINA,,CRUZ,,901044239,Y,20260801,001577-00,KENNESAW STATE UNIVERSITY,GA,4,Public,20260824,20261214,F,B,MARKETING INTEREST,521401,,,N,,,,,,,,,,,1
,MATTHEW,D,MEYER,,901044269,N,20260801,,,,,,,,,,,,,,N,,,,,,,,,,,
,EMMA,R,CHAMPER,,901044291,Y,20260801,001577-00,KENNESAW STATE UNIVERSITY,GA,4,Public,20260824,20261214,Q,B,MANAGEMENT INTEREST,520201,,,N,,,,,,,,,,,1
,RALEIGH,,KATSANDRIS,,901044478,N,20260801,,,,,,,,,,,,,,N,,,,,,,,,,,
,CARRIGAN,L,HANEY,,901044486,Y,20260801,001598-00,UNIVERSITY OF GEORGIA,GA,4,Public,20260512,20260803,F,B,INTENDED ART EDUCATION,500701,,,N,,,,,,,,,,,1
,KAYLI,T,MIRANDA,,901044556,N,20260801,,,,,,,,,,,,,,N,,,,,,,,,,,
,SANDRA,E,BARKER,,901044664,N,20260801,,,,,,,,,,,,,,N,,,,,,,,,,,
,MICHAEL,M,JOHNSON,,901044687,Y,20260801,001598-00,UNIVERSITY OF GEORGIA,GA,4,Public,20260512,20260803,F,B,INTENDED RISK MGMT INSUR,521701,FINANCIAL PLANNING,190401,N,,,,,,,,,,,1
,ISABELLA,A,PITTMAN,,901044720,N,20260801,,,,,,,,,,,,,,N,,,,,,,,,,,
,JONATHAN,M,COPPOLA,,901044884,Y,20260801,001598-00,UNIVERSITY OF GEORGIA,GA,4,Public,20260512,20260803,H,B,INTENDED MECHANICAL ENG,141901,,,N,,,,,,,,,,,1
,JOHN,C,SLOTERBECK-COLLEY,,901044918,Y,20260801,001028-00,MILES COLLEGE,AL,4,Private,20260810,20261124,F,,,,,,N,,,,,,,,,,,1
,CONNOR,J,MILLER,,901045005,N,20260801,,,,,,,,,,,,,,N,,,,,,,,,,,
,EMMA,D,WILLIAMS,,901045006,N,20260801,,,,,,,,,,,,,,N,,,,,,,,,,,
,AVA,E,KNOWLES,,901045017,N,20260801,,,,,,,,,,,,,,N,,,,,,,,,,,
,LAUREN,T,FRADY,,901045018,N,20260801,,,,,,,,,,,,,,N,,,,,,,,,,,
,NAOMI,M,RAY,,901045060,N,20260801,,,,,,,,,,,,,,N,,,,,,,,,,,
,AMANDA,,WANG,,901045133,N,20260801,,,,,,,,,,,,,,N,,,,,,,,,,,
,SARAH,A,WEST,,901045184,N,20260801,,,,,,,,,,,,,,N,,,,,,,,,,,
,JOSHUA,R,COVEN,,901045193,Y,20260801,001598-00,UNIVERSITY OF GEORGIA,GA,4,Public,20260512,20260803,H,B,PSYCHOLOGY,420101,,,N,,,,,,,,,,,1
,LIZBETH,,CATALAN,,901045373,N,20260801,,,,,,,,,,,,,,N,,,,,,,,,,,
,AKASH,,CHATTERJEE,,901045377,N,20260801,,,,,,,,,,,,,,N,,,,,,,,,,,
,N'DIAH,G,VEAL,,901045467,N,20260801,,,,,,,,,,,,,,N,,,,,,,,,,,
,CAROLINE,M,ESQUIVEL,,901045487,N,20260801,,,,,,,,,,,,,,N,,,,,,,,,,,
,RENE,A,LINARES-VEGA,,901045493,N,20260801,,,,,,,,,,,,,,N,,,,,,,,,,,
,DAFNE,P,SOSA,,901045449,Y,20260801,001585-00,UNIVERSITY OF NORTH GEORGIA,GA,4,Public,20260810,20261204,Q,B,MANAGEMENT,520201,,,N,,,,,,,,,,,1
,SAATVIK,,BARRE,,901045520,N,20260801,,,,,,,,,,,,,,N,,,,,,,,,,,
,JOSE,R,RAMIREZ,,901045545,N,20260801,,,,,,,,,,,,,,N,,,,,,,,,,,
,MAX,E,JAREMSKI,,901045565,N,20260801,,,,,,,,,,,,,,N,,,,,,,,,,,
,MACIE,E,BROOKS,,901045797,N,20260801,,,,,,,,,,,,,,N,,,,,,,,,,,
,CARLY,M,KUNZ,,901045820,Y,20260801,001574-06,GEORGIA STATE UNIVERSITY- PERIMETER COLLEGE,GA,2,Public,20260511,20260803,H,F,ART,240101,,,N,,,,,,,,,,,1
,MEGAN,G,PRUITT,,901045913,N,20260801,,,,,,,,,,,,,,N,,,,,,,,,,,
,NATALIE,R,ALBRITTON,,901046091,Y,20260801,001459-00,STRAYER UNIVERSITY- WASHINGTON,DC,4,Private,20260706,20260921,L,B,BACHELOR OF BUSINESS ADMINISTRATION CONCENTRATION IN MARKETING,,,,N,,,,,,,,,,,1
,SAMANTHA,K,LAFLAMME,,901046116,N,20260801,,,,,,,,,,,,,,N,,,,,,,,,,,
,ADAM,,LISS,,901045494,N,20260801,,,,,,,,,,,,,,N,,,,,,,,,,,
,CADEN,S,FLEMING,,901045515,N,20260801,,,,,,,,,,,,,,N,,,,,,,,,,,
,BENJAMIN,E,GLUSHCHAK,,901045651,N,20260801,,,,,,,,,,,,,,N,,,,,,,,,,,
,ANSLEY,E,BANKS,,901045939,N,20260801,,,,,,,,,,,,,,N,,,,,,,,,,,
,SARAH,G,PARTIN,,901046075,N,20260801,,,,,,,,,,,,,,N,,,,,,,,,,,
,TRINITY,G,YOUNGBLOOD,,901046097,N,20260801,,,,,,,,,,,,,,N,,,,,,,,,,,
,KIARAH,W,DE LEON,,901046123,N,20260801,,,,,,,,,,,,,,N,,,,,,,,,,,
,EMYLE,F,WENZEL,,901046139,N,20260801,,,,,,,,,,,,,,N,,,,,,,,,,,
,ELLA,R,NORTON,,901046140,N,20260801,,,,,,,,,,,,,,N,,,,,,,,,,,
,LILY,K,MARSHALL,,901046117,N,20260801,,,,,,,,,,,,,,N,,,,,,,,,,,
,JACK,T,VAUGHN,,901046125,N,20260801,,,,,,,,,,,,,,N,,,,,,,,,,,
,LILLIAN,K,SMITH,,901046192,N,20260801,,,,,,,,,,,,,,N,,,,,,,,,,,
,ADDISON,B,LEACH,,901046295,N,20260801,,,,,,,,,,,,,,N,,,,,,,,,,,
,REYES,D,PACHECO,,901046347,Y,20260801,001598-00,UNIVERSITY OF GEORGIA,GA,4,Public,20260512,20260803,H,B,INTENDED CIVIL ENGINEERING,140801,,,N,,,,,,,,,,,1
,ALYSSA,J,SCHMELZER,,901046349,N,20260801,,,,,,,,,,,,,,N,,,,,,,,,,,
,STEPHEN,T,KINSEY,,901046395,N,20260801,,,,,,,,,,,,,,N,,,,,,,,,,,
,ELLIE,G,FELLERS,,901046554,Y,20260801,001577-00,KENNESAW STATE UNIVERSITY,GA,4,Public,20260824,20261214,H,B,MANAGEMENT INTEREST,520201,,,N,,,,,,,,,,,1
,AKINA,R,MORI,,901046566,Y,20260801,001577-00,KENNESAW STATE UNIVERSITY,GA,4,Public,20260824,20261214,F,B,MECHANICAL ENGINEERING,141901,,,N,,,,,,,,,,,1
,ELLIE,W,MIZE,,901040405,N,20260801,,,,,,,,,,,,,,N,,,,,,,,,,,
,CARA,S,BAILEY,,901040480,N,20260801,,,,,,,,,,,,,,N,,,,,,,,,,,
,SABREENA,N,GIBBLE,,901040620,N,20260801,,,,,,,,,,,,,,N,,,,,,,,,,,
,LILLIANA,A,FOX,,901040646,N,20260801,,,,,,,,,,,,,,N,,,,,,,,,,,
,JOSEPH,D,DECUBELLIS,,901040885,N,20260801,,,,,,,,,,,,,,N,,,,,,,,,,,
,CHARLOTTE,O,SKINNER,,901040909,Y,20260801,001598-00,UNIVERSITY OF GEORGIA,GA,4,Public,20260512,20260803,F,B,INTENDED REAL ESTATE,521501,,,N,,,,,,,,,,,1
,BRYSON,M,HUBBARD,,901040956,N,20260801,,,,,,,,,,,,,,N,,,,,,,,,,,
,KAYTLYN,G,WRIGHT,,901041098,N,20260801,,,,,,,,,,,,,,N,,,,,,,,,,,
,JOHN-JACOB,H,PONDERS,,901041209,Y,20260801,001577-00,KENNESAW STATE UNIVERSITY,GA,4,Public,20260824,20261214,F,B,CONSTRUCTION MANAGEMENT,143301,,,N,,,,,,,,,,,1
,AARON,B,PALMER,,901045454,N,20260801,,,,,,,,,,,,,,N,,,,,,,,,,,
,SAWYER,P,SCHUBIGER,,901045737,N,20260801,,,,,,,,,,,,,,N,,,,,,,,,,,
,JACOB,A,ACOSTA,,901045784,N,20260801,,,,,,,,,,,,,,N,,,,,,,,,,,
,FRANKLIN,S,BACA,,901045800,N,20260801,,,,,,,,,,,,,,N,,,,,,,,,,,
,BRANDI,,MENDOZA,,901045816,N,20260801,,,,,,,,,,,,,,N,,,,,,,,,,,
,LUIS,F,JUAREZ RAMIREZ,,901045852,N,20260801,,,,,,,,,,,,,,N,,,,,,,,,,,
,REBECCA,N,SWING,,901045874,N,20260801,,,,,,,,,,,,,,N,,,,,,,,,,,
,KATIA,,SOLIS-HERNANDEZ,,901045877,Y,20260801,001585-00,UNIVERSITY OF NORTH GEORGIA,GA,4,Public,20260810,20261204,H,A,CLINICAL HEALTH SCI PATHWAY,240101,,,N,,,,,,,,,,,1
,MAJA,,ADOK,,901045976,Y,20260801,001598-00,UNIVERSITY OF GEORGIA,GA,4,Public,20260512,20260803,F,B,PSYCHOLOGY,420101,,,N,,,,,,,,,,,1
,NATALIE,,BOLTON,,901045998,N,20260801,,,,,,,,,,,,,,N,,,,,,,,,,,
,MICHAEL,C,HENDERSON,,901041232,N,20260801,,,,,,,,,,,,,,N,,,,,,,,,,,
,AIDEN,J,STANLEY,,901041283,N,20260801,,,,,,,,,,,,,,N,,,,,,,,,,,
,MATTIE,B,KINIRY,,901041294,N,20260801,,,,,,,,,,,,,,N,,,,,,,,,,,
,DAVID,M,MOON,,901041344,N,20260801,,,,,,,,,,,,,,N,,,,,,,,,,,
,CONNOR,S,MITCHELL,,901041453,N,20260801,,,,,,,,,,,,,,N,,,,,,,,,,,
,MACY,D,LIEBERMAN,,901041484,Y,20260801,001598-00,UNIVERSITY OF GEORGIA,GA,4,Public,20260512,20260803,F,B,CONSUMER ECONOMICS,190402,INTENDED MANAGEMENT,520201,N,,,,,,,,,,,1
,AURELIO,,CACERES PADRON,,901041510,N,20260801,,,,,,,,,,,,,,N,,,,,,,,,,,
,SETH,L,LANARD,,901041682,N,20260801,,,,,,,,,,,,,,N,,,,,,,,,,,
,BRANDON,L,HALE,,901041771,N,20260801,,,,,,,,,,,,,,N,,,,,,,,,,,
,ZEYU,,CHEN,,901041789,N,20260801,,,,,,,,,,,,,,N,,,,,,,,,,,
,SOPHIE,G,BLEDSOE,,901041904,N,20260801,,,,,,,,,,,,,,N,,,,,,,,,,,
,CAROLINE,,CADENA,,901041925,Y,20260801,001598-00,UNIVERSITY OF GEORGIA,GA,4,Public,20260512,20260803,H,B,INTENDED EXERCISE AND SPORT SC,310505,,,N,,,,,,,,,,,1
,THOMAS,B,CALLAHAN,,901041932,N,20260801,,,,,,,,,,,,,,N,,,,,,,,,,,
,OWEN,J,ROWE,,901041976,N,20260801,,,,,,,,,,,,,,N,,,,,,,,,,,
,DEREK,A,JOHNSON,,901042191,Y,20260801,001598-00,UNIVERSITY OF GEORGIA,GA,4,Public,20260512,20260803,F,B,POLITICAL SCIENCE,451001,,,N,,,,,,,,,,,1
,KADEN,S,BORST,,901042295,N,20260801,,,,,,,,,,,,,,N,,,,,,,,,,,
,HARRISON,R,RESCIGNO,,901042441,Y,20260801,001598-00,UNIVERSITY OF GEORGIA,GA,4,Public,20260512,20260803,H,B,INTENDED REAL ESTATE,521501,,,N,,,,,,,,,,,1
,GRACYN,L,FANNING,,901042463,N,20260801,,,,,,,,,,,,,,N,,,,,,,,,,,
,RUTH,P,TORNEZ,,901042470,N,20260801,,,,,,,,,,,,,,N,,,,,,,,,,,
,TILDEN,,CARPENTER,,901042573,Y,20260801,001598-00,UNIVERSITY OF GEORGIA,GA,4,Public,20260512,20260803,H,B,INTENDED MECHANICAL ENG,141901,,,N,,,,,,,,,,,1
,COLBY,L,SELF,,901042700,N,20260801,,,,,,,,,,,,,,N,,,,,,,,,,,
,LUKE,H,FERGUSON,,901042742,N,20260801,,,,,,,,,,,,,,N,,,,,,,,,,,
,MAXWELL,A,SOKOLOFF,,901042766,Y,20260801,001598-00,UNIVERSITY OF GEORGIA,GA,4,Public,20260512,20260803,H,B,INTENDED SPORT MANAGEMENT,310504,,,N,,,,,,,,,,,1
,TYLER,J,GALASSO,,901042817,N,20260801,,,,,,,,,,,,,,N,,,,,,,,,,,
,ANGEL,,PINTO-ALVEAR,,901042820,N,20260801,,,,,,,,,,,,,,N,,,,,,,,,,,
,ELIJAN,B,SMITH,,901042920,N,20260801,,,,,,,,,,,,,,N,,,,,,,,,,,
,JACKSON,R,BOYLES,,901042924,Y,20260801,001598-00,UNIVERSITY OF GEORGIA,GA,4,Public,20260512,20260803,F,B,AGRIBUSINESS,010102,,,N,,,,,,,,,,,1
,HOPE,H,MCMICHAEL,,901046023,N,20260801,,,,,,,,,,,,,,N,,,,,,,,,,,
,STACEY,J,MACEDO,,901046047,N,20260801,,,,,,,,,,,,,,N,,,,,,,,,,,
,STATON,R,TANNER,,901046050,N,20260801,,,,,,,,,,,,,,N,,,,,,,,,,,
,MATTHEW,A,TRIFAN,,901046051,N,20260801,,,,,,,,,,,,,,N,,,,,,,,,,,
,VICTORIA,A,RAPHAEL,,901046350,N,20260801,,,,,,,,,,,,,,N,,,,,,,,,,,
,PARKER,J,WALDROP,,901046583,N,20260801,,,,,,,,,,,,,,N,,,,,,,,,,,
,AVERY,J,BAILEY,,901046674,N,20260801,,,,,,,,,,,,,,N,,,,,,,,,,,
,WESLEY,M,CRITZ,,901046720,N,20260801,,,,,,,,,,,,,,N,,,,,,,,,,,
,JAZMIN,D,TORRES,,901047029,N,20260801,,,,,,,,,,,,,,N,,,,,,,,,,,
,CECILIA,,ZARAGOZA,,901047042,N,20260801,,,,,,,,,,,,,,N,,,,,,,,,,,
,CAITLIN,B,PHENGDARA,,901047047,N,20260801,,,,,,,,,,,,,,N,,,,,,,,,,,
,CAMERON,L,SIMPSON,,901047097,N,20260801,,,,,,,,,,,,,,N,,,,,,,,,,,
,SOPHIA,A,RODRIGUEZ,,901047150,N,20260801,,,,,,,,,,,,,,N,,,,,,,,,,,
,ADELYN,V,EVANS,,901047199,N,20260801,,,,,,,,,,,,,,N,,,,,,,,,,,
,ADDISON,K,SCOTT,,901047287,N,20260801,,,,,,,,,,,,,,N,,,,,,,,,,,
,KARLEIGH,A,RAY,,901047419,N,20260801,,,,,,,,,,,,,,N,,,,,,,,,,,
,MADISON,E,HOLMES,,901047526,N,20260801,,,,,,,,,,,,,,N,,,,,,,,,,,
,MACKENZIE,G,MOORE,,901047541,N,20260801,,,,,,,,,,,,,,N,,,,,,,,,,,
,AIDAN,L,NGUYEN,,901046316,N,20260801,,,,,,,,,,,,,,N,,,,,,,,,,,
,KAYDENCE,P,BEECHING,,901046331,N,20260801,,,,,,,,,,,,,,N,,,,,,,,,,,
,JAIME,L,WARNOCK,,901046398,N,20260801,,,,,,,,,,,,,,N,,,,,,,,,,,
,THOMAS,K,MILLER,,901046472,Y,20260801,001577-00,KENNESAW STATE UNIVERSITY,GA,4,Public,20260824,20261214,Q,B,FINANCE INTEREST,520801,,,N,,,,,,,,,,,1
,LUCAS,M,BLANKENSHIP,,901046528,N,20260801,,,,,,,,,,,,,,N,,,,,,,,,,,
,ZANDER,M,POSTON,,901046622,N,20260801,,,,,,,,,,,,,,N,,,,,,,,,,,
,HENRY,M,HERNANDEZ,,901046654,N,20260801,,,,,,,,,,,,,,N,,,,,,,,,,,
,JOHAN,H,KOHNEN,,901046873,N,20260801,,,,,,,,,,,,,,N,,,,,,,,,,,
,GIOVANNI,E,DIMODICA,,901046957,Y,20260801,001598-00,UNIVERSITY OF GEORGIA,GA,4,Public,20260512,20260803,H,B,COMMUNICATION STUDIES,090101,,,N,,,,,,,,,,,1
,REAGAN,A,CORLEY,,901046606,Y,20260801,001598-00,UNIVERSITY OF GEORGIA,GA,4,Public,20260512,20260803,H,B,HOSPITALITY FOOD INDUST MGMT,520901,,,N,,,,,,,,,,,1
,KAITLYN,E,LAW,,901046633,N,20260801,,,,,,,,,,,,,,N,,,,,,,,,,,
,GRAYSON,J,DICKERHOFE,,901046723,N,20260801,,,,,,,,,,,,,,N,,,,,,,,,,,
,VICTORIA,G,WINGO,,901047078,N,20260801,,,,,,,,,,,,,,N,,,,,,,,,,,
,DENISE,,CORTEZ,,901047119,N,20260801,,,,,,,,,,,,,,N,,,,,,,,,,,
,EMMA,B,WRIGHT,,901047135,Y,20260801,003448-00,UNIVERSITY OF SOUTH CAROLINA,SC,4,Public,20260816,20261214,F,S,CARDIOVASCULAR TECHNOLOGY,510901,,,N,,,,,,,,,,,1
,JACK,T,WOOD,,901047148,N,20260801,,,,,,,,,,,,,,N,,,,,,,,,,,
,ANGELINA,N,NGUYEN,,901047333,N,20260801,,,,,,,,,,,,,,N,,,,,,,,,,,
,JAQUELIN,,TINOCO,,901047455,N,20260801,,,,,,,,,,,,,,N,,,,,,,,,,,
,ASHLEY,L,DESPAIN,,901047004,N,20260801,,,,,,,,,,,,,,N,,,,,,,,,,,
,TYLER,M,WOODBURY,,901047037,N,20260801,,,,,,,,,,,,,,N,,,,,,,,,,,
,KAVEN,S,HOWARD,,901047051,N,20260801,,,,,,,,,,,,,,N,,,,,,,,,,,
,JULIO,C,FERREYRA SALGADO,,901047202,N,20260801,,,,,,,,,,,,,,N,,,,,,,,,,,
,WILLIAM,T,JETT,,901047286,N,20260801,,,,,,,,,,,,,,N,,,,,,,,,,,
,DEBRA,L,DALY,,901047483,N,20260801,,,,,,,,,,,,,,N,,,,,,,,,,,
,JOHNNY,A,PARKS,,901047495,N,20260801,,,,,,,,,,,,,,N,,,,,,,,,,,
,WILLIAM,H,LEAVY,,901047507,N,20260801,,,,,,,,,,,,,,N,,,,,,,,,,,
,ELIZABETH,L,DUMITRASCU,,901047542,N,20260801,,,,,,,,,,,,,,N,,,,,,,,,,,
,ANNA,B,RAMEY,,901047502,N,20260801,,,,,,,,,,,,,,N,,,,,,,,,,,
,SAVANNAH,D,DUNCAN,,901047509,N,20260801,,,,,,,,,,,,,,N,,,,,,,,,,,
,RYAN,C,ROSS,,901047510,N,20260801,,,,,,,,,,,,,,N,,,,,,,,,,,
,MARIANA,,MIRANDA-MARTINEZ,,901047710,N,20260801,,,,,,,,,,,,,,N,,,,,,,,,,,
,JONATHAN,,RAMIREZ-LUVIANO,,901047734,Y,20260801,001577-00,KENNESAW STATE UNIVERSITY,GA,4,Public,20260824,20261214,F,B,CIVIL ENGINEERING,140801,,,N,,,,,,,,,,,1
,AYDAN,G,GARCIA,,901047739,Y,20260801,001577-00,KENNESAW STATE UNIVERSITY,GA,4,Public,20260824,20261214,F,B,CYBERSECURITY,430404,,,N,,,,,,,,,,,1
,EMILY,G,HUNTER,,901047802,N,20260801,,,,,,,,,,,,,,N,,,,,,,,,,,
,EMMANUEL,M,THOMPSON,,901047816,N,20260801,,,,,,,,,,,,,,N,,,,,,,,,,,
,HANNAH,K,ROBERSON,,901047889,N,20260801,,,,,,,,,,,,,,N,,,,,,,,,,,
,ALEXANDER,J,UMBERGER,,901042927,N,20260801,,,,,,,,,,,,,,N,,,,,,,,,,,
,CAMERON,N,PATILLO,,901043103,N,20260801,,,,,,,,,,,,,,N,,,,,,,,,,,
,PEYTON,M,VAUGHAN,,901043197,N,20260801,,,,,,,,,,,,,,N,,,,,,,,,,,
,JOSEPHINE,L,WATERS,,901043482,N,20260801,,,,,,,,,,,,,,N,,,,,,,,,,,
,NICHOLAS,,OLSON,,901043599,Y,20260801,001598-00,UNIVERSITY OF GEORGIA,GA,4,Public,20260512,20260803,F,B,FINANCIAL PLANNING,190401,INTENDED MANAGEMENT,520201,N,,,,,,,,,,,1
,CHLOE,R,GIBBONS,,901043630,N,20260801,,,,,,,,,,,,,,N,,,,,,,,,,,
,EMMA,G,MURPHY,,901043640,N,20260801,,,,,,,,,,,,,,N,,,,,,,,,,,
,CHRISTIAN,A,MASCHAS,,901043895,Y,20260801,001585-00,UNIVERSITY OF NORTH GEORGIA,GA,4,Public,20260810,20261204,L,A,KINESIOLOGY PATHWAY,240101,,,N,,,,,,,,,,,1
,DANIELA,A,GUEDEZ,,901044178,N,20260801,,,,,,,,,,,,,,N,,,,,,,,,,,
,MASON,T,DODD,,901044183,N,20260801,,,,,,,,,,,,,,N,,,,,,,,,,,
,MARIAH,S,PENNY,,901044195,N,20260801,,,,,,,,,,,,,,N,,,,,,,,,,,
,AIDAN,P,CIANCI,,901044200,N,20260801,,,,,,,,,,,,,,N,,,,,,,,,,,
,LLOYD,W,JAMES,,901044235,N,20260801,,,,,,,,,,,,,,N,,,,,,,,,,,
,BRETT,T,FLINT,,901044245,N,20260801,,,,,,,,,,,,,,N,,,,,,,,,,,
,TRINITY,,FARMER,,901044262,N,20260801,,,,,,,,,,,,,,N,,,,,,,,,,,
,COURTNEY,N,CROWE,,901044276,N,20260801,,,,,,,,,,,,,,N,,,,,,,,,,,
,COLE,E,NELSON,,901044296,N,20260801,,,,,,,,,,,,,,N,,,,,,,,,,,
,KATHERINE,H,JOHNSON,,901044424,N,20260801,,,,,,,,,,,,,,N,,,,,,,,,,,
,NICKOLAS,T,BELLINGER,,901044544,N,20260801,,,,,,,,,,,,,,N,,,,,,,,,,,
,SKYE,N,COLVIN-FLOWERS,,901044550,N,20260801,,,,,,,,,,,,,,N,,,,,,,,,,,
,NATHANEL,,MCCARY,,901044580,N,20260801,,,,,,,,,,,,,,N,,,,,,,,,,,
,ALISSA,R,CANTRELL,,901044915,N,20260801,,,,,,,,,,,,,,N,,,,,,,,,,,
,JAZMIN,A,CLEGHORNE,,901044920,N,20260801,,,,,,,,,,,,,,N,,,,,,,,,,,
,SEAN,,JOHNSON,,901044981,N,20260801,,,,,,,,,,,,,,N,,,,,,,,,,,
,NATALIA,,ENRIQUEZ,,901045118,Y,20260801,001598-00,UNIVERSITY OF GEORGIA,GA,4,Public,20260512,20260803,H,B,INTENDED COMPUTER SCIENCE,110701,,,N,,,,,,,,,,,1
,SYDNEY,M,TITSHAW,,901045122,Y,20260801,001556-00,BRENAU UNIVERSITY,GA,4,Private,20260504,20260814,H,S,ELEMENTARY EDUCATION,131202,,,N,,,,,,,,,,,1
,JONATHAN,C,MELTON,,901045200,N,20260801,,,,,,,,,,,,,,N,,,,,,,,,,,
,PAMELA,,ALVAREZ,,901047700,N,20260801,,,,,,,,,,,,,,N,,,,,,,,,,,
,ABIGALE,G,GOSS,,901047719,N,20260801,,,,,,,,,,,,,,N,,,,,,,,,,,
,ISSAC,,PEREZ,,901047749,N,20260801,,,,,,,,,,,,,,N,,,,,,,,,,,
,LILLIAN,,MULLIGAN,,901047768,N,20260801,,,,,,,,,,,,,,N,,,,,,,,,,,
,NATALIE,G,MEDINA,,901047912,N,20260801,,,,,,,,,,,,,,N,,,,,,,,,,,
,DANIEL,S,MONTOYA,,901048480,Y,20260801,001585-00,UNIVERSITY OF NORTH GEORGIA,GA,4,Public,20260810,20261204,Q,A,BUSINESS ADMIN PATHWAY,240101,,,N,,,,,,,,,,,1
,LORILEI,E,FOWLER,,901048609,N,20260801,,,,,,,,,,,,,,N,,,,,,,,,,,
,BRAYLEN,S,NELSON,,901048700,N,20260801,,,,,,,,,,,,,,N,,,,,,,,,,,
,LANIE,H,RICHMOND,,901048728,N,20260801,,,,,,,,,,,,,,N,,,,,,,,,,,
,ERIN,L,CORBITT,,901047672,N,20260801,,,,,,,,,,,,,,N,,,,,,,,,,,
,ALLIE,R,WAGES,,901047727,Y,20260801,001598-00,UNIVERSITY OF GEORGIA,GA,4,Public,20260512,20260803,H,B,INTENDED ACCOUNTING,520301,,,N,,,,,,,,,,,1
,JOSEPH,P,BERWEILER,,901047774,N,20260801,,,,,,,,,,,,,,N,,,,,,,,,,,
,JORGE,,MARTINEZ,,901047792,Y,20260801,001577-00,KENNESAW STATE UNIVERSITY,GA,4,Public,20260824,20261214,F,B,CIVIL ENGINEERING,140801,,,N,,,,,,,,,,,1
,MIA,I,OLIVERA,,901047920,N,20260801,,,,,,,,,,,,,,N,,,,,,,,,,,
,JOHN,M,DICKINSON,,901047929,Y,20260801,001598-00,UNIVERSITY OF GEORGIA,GA,4,Public,20260512,20260803,H,B,INTENDED CIVIL ENGINEERING,140801,,,N,,,,,,,,,,,1
,COLE,M,SMITH,,901047934,Y,20260801,001598-00,UNIVERSITY OF GEORGIA,GA,4,Public,20260512,20260803,F,B,INTENDED MARKETING,521401,,,N,,,,,,,,,,,1
,AESA,J,BENTON,,901047957,N,20260801,,,,,,,,,,,,,,N,,,,,,,,,,,
,HAYLEY,N,EIDSON,,901048275,N,20260801,,,,,,,,,,,,,,N,,,,,,,,,,,
,HANNA,R,SCHIANO,,901048140,Y,20260801,001598-00,UNIVERSITY OF GEORGIA,GA,4,Public,20260512,20260803,H,B,INTENDED JOURNALISM,090401,,,N,,,,,,,,,,,1
,JUSTIN,C,GRIFFIS,,901048151,N,20260801,,,,,,,,,,,,,,N,,,,,,,,,,,
,JACK,C,ROBERSON,,901048277,N,20260801,,,,,,,,,,,,,,N,,,,,,,,,,,
,GRACE,A,DEVLIN,,901048374,N,20260801,,,,,,,,,,,,,,N,,,,,,,,,,,
,AMANDA,R,SIPE,,901048382,N,20260801,,,,,,,,,,,,,,N,,,,,,,,,,,
,AIDAN,M,DELLINGER,,901048416,N,20260801,,,,,,,,,,,,,,N,,,,,,,,,,,
,CLAYTON,,HENDERSON,,901048451,N,20260801,,,,,,,,,,,,,,N,,,,,,,,,,,
,MATTHEW,E,MITCHELL,,901048479,N,20260801,,,,,,,,,,,,,,N,,,,,,,,,,,
,ADDYSON,J,POOLE,,901048496,N,20260801,,,,,,,,,,,,,,N,,,,,,,,,,,
,CORY,T,TILLMAN,,901048523,N,20260801,,,,,,,,,,,,,,N,,,,,,,,,,,
,ERIC,N,KIDD,,901048610,Y,20260801,001598-00,UNIVERSITY OF GEORGIA,GA,4,Public,20260512,20260803,H,B,INTENDED MGMT INFO SYSTEMS,521201,,,N,,,,,,,,,,,1
,CONNOR,S,HESS,,901048705,N,20260801,,,,,,,,,,,,,,N,,,,,,,,,,,
,ETHAN,T,CLELAND,,901048795,N,20260801,,,,,,,,,,,,,,N,,,,,,,,,,,
,JUSTIN,,CABRALES TORRES,,901048845,N,20260801,,,,,,,,,,,,,,N,,,,,,,,,,,
,REAGAN,K,MOORE,,901048894,N,20260801,,,,,,,,,,,,,,N,,,,,,,,,,,
,CHARLES,L,BEAM,,901048902,N,20260801,,,,,,,,,,,,,,N,,,,,,,,,,,
,MATTHEW,L,SKELTON,,901048906,N,20260801,,,,,,,,,,,,,,N,,,,,,,,,,,
,CAMILA,V,GONZALEZ,,901048928,N,20260801,,,,,,,,,,,,,,N,,,,,,,,,,,
,JACKSON,C,CHANDLER,,901045245,N,20260801,,,,,,,,,,,,,,N,,,,,,,,,,,
,DANIEL,H,HESTER,,901045269,N,20260801,,,,,,,,,,,,,,N,,,,,,,,,,,
,MORGEN,R,ORTIZ,,901045295,N,20260801,,,,,,,,,,,,,,N,,,,,,,,,,,
,HAYLEE,N,GODFREY,,901045355,N,20260801,,,,,,,,,,,,,,N,,,,,,,,,,,
,CONNOR,M,WOODY,,901045389,Y,20260801,001577-00,KENNESAW STATE UNIVERSITY,GA,4,Public,20260824,20261214,F,B,MECHANICAL ENGINEERING,141901,,,N,,,,,,,,,,,1
,LILLIANA,K,TAYLOR,,901045390,N,20260801,,,,,,,,,,,,,,N,,,,,,,,,,,
,JOHANA,,VELASQUES-LOPEZ,,901045470,N,20260801,,,,,,,,,,,,,,N,,,,,,,,,,,
,EMILY,M,SISSON,,901045517,N,20260801,,,,,,,,,,,,,,N,,,,,,,,,,,
,SHAWN,D,QUIJANO,,901045666,Y,20260801,001577-00,KENNESAW STATE UNIVERSITY,GA,4,Public,20260824,20261214,F,B,CYBERSECURITY,430404,,,N,,,,,,,,,,,1
,ADRIENNE,N,DIAZ,,901045709,N,20260801,,,,,,,,,,,,,,N,,,,,,,,,,,
,NICOLAS,,ESQUEDA,,901045719,N,20260801,,,,,,,,,,,,,,N,,,,,,,,,,,
,KORINNE,D,INTRIAGO,,901045767,N,20260801,,,,,,,,,,,,,,N,,,,,,,,,,,
,DON,E,MANEY,,901045847,N,20260801,,,,,,,,,,,,,,N,,,,,,,,,,,
,JAILA,M,SEARS,,901045878,N,20260801,,,,,,,,,,,,,,N,,,,,,,,,,,
,MALLORY,K,WILSON,,901045921,N,20260801,,,,,,,,,,,,,,N,,,,,,,,,,,
,BRYSON,J,RAVAN,,901046064,N,20260801,,,,,,,,,,,,,,N,,,,,,,,,,,
,BHRETT,L,KAMINSKI,,901046070,N,20260801,,,,,,,,,,,,,,N,,,,,,,,,,,
,LANDON,J,ADDIS,,901046126,N,20260801,,,,,,,,,,,,,,N,,,,,,,,,,,
,NATALIE,B,COLON,,901048735,N,20260801,,,,,,,,,,,,,,N,,,,,,,,,,,
,CHARLES,J,BONE,,901049029,N,20260801,,,,,,,,,,,,,,N,,,,,,,,,,,
,LINN,M,GOERDES,,901049072,N,20260801,,,,,,,,,,,,,,N,,,,,,,,,,,
,GEORGE,J,BERZSENYI,,901049152,N,20260801,,,,,,,,,,,,,,N,,,,,,,,,,,
,KEVIN,,AVALOS,,901049263,N,20260801,,,,,,,,,,,,,,N,,,,,,,,,,,
,KATELYN,F,BAIRD,,901049370,N,20260801,,,,,,,,,,,,,,N,,,,,,,,,,,
,CALEB,J,KING,,901049431,N,20260801,,,,,,,,,,,,,,N,,,,,,,,,,,
,KEYRA,A,SILVA,,901049595,N,20260801,,,,,,,,,,,,,,N,,,,,,,,,,,
,ANNABELLE,,BURKE,,901049661,N,20260801,,,,,,,,,,,,,,N,,,,,,,,,,,
,JOHN,D,GAFFNEY,,901048299,N,20260801,,,,,,,,,,,,,,N,,,,,,,,,,,
,GEETHA,E,SANGAM,,901048308,N,20260801,,,,,,,,,,,,,,N,,,,,,,,,,,
,WILLIAM,C,STACY,,901048312,N,20260801,,,,,,,,,,,,,,N,,,,,,,,,,,
,SAVANNAH,G,DOUGLAS,,901048419,N,20260801,,,,,,,,,,,,,,N,,,,,,,,,,,
,KELSEA,G,DABBS,,901049053,N,20260801,,,,,,,,,,,,,,N,,,,,,,,,,,
,HARRISON,K,TULLAR,,901049059,N,20260801,,,,,,,,,,,,,,N,,,,,,,,,,,
,EMILY,,YOUNGBLOOD,,901049314,N,20260801,,,,,,,,,,,,,,N,,,,,,,,,,,
,AVERY,A,ROGERS,,901049412,N,20260801,,,,,,,,,,,,,,N,,,,,,,,,,,
,MATTHEW,R,HILMO,,901049418,N,20260801,,,,,,,,,,,,,,N,,,,,,,,,,,
,YASMIN,,NABOR,,901046141,N,20260801,,,,,,,,,,,,,,N,,,,,,,,,,,
,MASON,N,CAMP,,901046359,Y,20260801,003448-00,UNIVERSITY OF SOUTH CAROLINA,SC,4,Public,20260816,20261214,F,S,PSYCHOLOGY,422704,,,N,,,,,,,,,,,1
,IAN,T,CORMIER,,901046375,N,20260801,,,,,,,,,,,,,,N,,,,,,,,,,,
,BRYNNA,E,MAYFIELD,,901046541,N,20260801,,,,,,,,,,,,,,N,,,,,,,,,,,
,AMY,J,VALLADARES,,901046593,N,20260801,,,,,,,,,,,,,,N,,,,,,,,,,,
,CHARLES,G,PECK,,901046656,N,20260801,,,,,,,,,,,,,,N,,,,,,,,,,,
,MELANIE,,LUVIANO,,901046904,N,20260801,,,,,,,,,,,,,,N,,,,,,,,,,,
,AIDAN,,KIM,,901046954,N,20260801,,,,,,,,,,,,,,N,,,,,,,,,,,
,KRISTINE,T,VINH,,901046958,N,20260801,,,,,,,,,,,,,,N,,,,,,,,,,,
,EMILY,J,MONTANERO,,901049227,Y,20260801,001598-00,UNIVERSITY OF GEORGIA,GA,4,Public,20260512,20260803,H,B,INTENDED MARKETING,521401,,,N,,,,,,,,,,,1
,JARIXY,,OSORIO,,901049482,N,20260801,,,,,,,,,,,,,,N,,,,,,,,,,,
,TEERICKA,N,WILLIAMS,,901049483,N,20260801,,,,,,,,,,,,,,N,,,,,,,,,,,
,JAMES,W,LOVE,,901049491,N,20260801,,,,,,,,,,,,,,N,,,,,,,,,,,
,CLIFTON,W,BURKETT,,901049714,N,20260801,,,,,,,,,,,,,,N,,,,,,,,,,,
,RYLEIGH,A,BROTHERTON,,901049816,N,20260801,,,,,,,,,,,,,,N,,,,,,,,,,,
,SEBASTIAN,D,MONTANA,,901049822,Y,20260801,001574-06,GEORGIA STATE UNIVERSITY- PERIMETER COLLEGE,GA,2,Public,20260511,20260803,H,S,GENERAL STUDIES,240101,,,N,,,,,,,,,,,1
,SEBASTIAN,D,MONTANA,,901049822,Y,20260801,001598-00,UNIVERSITY OF GEORGIA,GA,4,Public,20260512,20260803,H,B,INTENDED ACCOUNTING,520301,INTENDED FINANCE,520801,N,,,,,,,,,,,2
,JUSTIN,C,PRICE,,901049850,N,20260801,,,,,,,,,,,,,,N,,,,,,,,,,,
,MACKENZIE,G,WILSON,,901049907,Y,20260801,009507-00,GEORGIA HIGHLANDS COLLEGE,GA,4,Public,20260810,20261204,F,B,BS HEALTH SCIENCE,510000,,,N,,,,,,,,,,,1
,CATHERINE,R,SHORT,,901047001,N,20260801,,,,,,,,,,,,,,N,,,,,,,,,,,
,WILLIAM,R,HAMES,,901047039,N,20260801,,,,,,,,,,,,,,N,,,,,,,,,,,
,CHRISTOPHER,M,MEELER,,901047072,N,20260801,,,,,,,,,,,,,,N,,,,,,,,,,,
,JENNIFER,N,MACIAS,,901047110,Y,20260801,001598-00,UNIVERSITY OF GEORGIA,GA,4,Public,20260512,20260803,F,B,INTENDED MARKETING,521401,,,N,,,,,,,,,,,1
,BRANDON,J,BROWN,,901047112,Y,20260801,001598-00,UNIVERSITY OF GEORGIA,GA,4,Public,20260512,20260803,H,B,INTENDED MANAGEMENT,520201,HOSPITALITY FOOD INDUST MGMT,520901,N,,,,,,,,,,,1
,JENNY,,LE,,901047118,N,20260801,,,,,,,,,,,,,,N,,,,,,,,,,,
,CHARLES,B,WILSON,,901047152,N,20260801,,,,,,,,,,,,,,N,,,,,,,,,,,
,CATARINA,S,LARENTIS,,901047216,N,20260801,,,,,,,,,,,,,,N,,,,,,,,,,,
,EMILY,C,RUCHTI,,901047478,N,20260801,,,,,,,,,,,,,,N,,,,,,,,,,,
,ELLISHIAH,A,CAMPBELL,,901049457,N,20260801,,,,,,,,,,,,,,N,,,,,,,,,,,
,JACKSON,P,DOKER,,901049550,Y,20260801,001598-00,UNIVERSITY OF GEORGIA,GA,4,Public,20260512,20260803,H,B,GEOLOGY,400601,,,N,,,,,,,,,,,1
,KAITLYN,D,SHELTON,,901049650,N,20260801,,,,,,,,,,,,,,N,,,,,,,,,,,
,ALEXANDRA,,MENDIOLA,,901049769,N,20260801,,,,,,,,,,,,,,N,,,,,,,,,,,
,KNIA,A,MORALES,,901049775,N,20260801,,,,,,,,,,,,,,N,,,,,,,,,,,
,MORGAN,C,HILL,,901049853,N,20260801,,,,,,,,,,,,,,N,,,,,,,,,,,
,NICHOLAS,K,HOLBROOK,,901049925,N,20260801,,,,,,,,,,,,,,N,,,,,,,,,,,
,TIFANY,A,VASQUEZ PUAC,,901049942,N,20260801,,,,,,,,,,,,,,N,,,,,,,,,,,
,KATIE,M,SPIVEY,,901050022,N,20260801,,,,,,,,,,,,,,N,,,,,,,,,,,
,ASKIA,T,HYLTON,,901047555,N,20260801,,,,,,,,,,,,,,N,,,,,,,,,,,
,COOPER,V,BECK,,901047581,N,20260801,,,,,,,,,,,,,,N,,,,,,,,,,,
,JUAN,M,BAEZ,,901047611,N,20260801,,,,,,,,,,,,,,N,,,,,,,,,,,
,GIBSON,J,GRAYS,,901047634,N,20260801,,,,,,,,,,,,,,N,,,,,,,,,,,
,ANNELISE,M,LEMOINE,,901047682,N,20260801,,,,,,,,,,,,,,N,,,,,,,,,,,
,DIANA,,BUSTAMANTE HERNANDEZ,,901047699,N,20260801,,,,,,,,,,,,,,N,,,,,,,,,,,
,GABRIEL,,LAUZE,,901047737,N,20260801,,,,,,,,,,,,,,N,,,,,,,,,,,
,RILEY,P,CRANE,,901047960,N,20260801,,,,,,,,,,,,,,N,,,,,,,,,,,
,TATE,D,PARLAPIANO,,901047977,N,20260801,,,,,,,,,,,,,,N,,,,,,,,,,,
,NATHAN,,CHAMPAGNE,,901047999,Y,20260801,001569-00,GEORGIA INSTITUTE OF TECHNOLOGY,GA,4,Public,20260518,20260806,H,B,ECONOMICS,450603,,,N,,,,,,,,,,,1
,THOMAS,,CHASE,,901048079,N,20260801,,,,,,,,,,,,,,N,,,,,,,,,,,
,ANDERSON,J,ZAVODNY,,901048098,Y,20260801,001598-00,UNIVERSITY OF GEORGIA,GA,4,Public,20260512,20260803,H,B,INTENDED REAL ESTATE,521501,,,N,,,,,,,,,,,1
,WILLIAM,R,PADGETT,,901048348,N,20260801,,,,,,,,,,,,,,N,,,,,,,,,,,
,EMMA,J,WILSON,,901048352,N,20260801,,,,,,,,,,,,,,N,,,,,,,,,,,
,SHAIDEN,,JOHNSON,,901048378,N,20260801,,,,,,,,,,,,,,N,,,,,,,,,,,
,KAYLEE,L,CASSITY,,901048405,N,20260801,,,,,,,,,,,,,,N,,,,,,,,,,,
,NEVA,K,STOVALL,,901048518,N,20260801,,,,,,,,,,,,,,N,,,,,,,,,,,
,SANIYA,A,WATTS,,901048539,Y,20260801,001574-06,GEORGIA STATE UNIVERSITY- PERIMETER COLLEGE,GA,2,Public,20260511,20260803,H,S,KINESIOLOGY AND HEALTH,240101,,,N,,,,,,,,,,,1
,KALEY,M,LIPPE,,901048565,Y,20260801,001598-00,UNIVERSITY OF GEORGIA,GA,4,Public,20260512,20260803,F,B,INTENDED MARKETING,521401,,,N,,,,,,,,,,,1
,MORGAN,A,SALTERS,,901048659,N,20260801,,,,,,,,,,,,,,N,,,,,,,,,,,
,JACOB,R,REES,,901048969,N,20260801,,,,,,,,,,,,,,N,,,,,,,,,,,
,DIYANNA,G,JACKSON,,901049123,N,20260801,,,,,,,,,,,,,,N,,,,,,,,,,,
,MIA,A,ALFARO,,901049234,N,20260801,,,,,,,,,,,,,,N,,,,,,,,,,,
,GRACI,R,WEST,,901049270,N,20260801,,,,,,,,,,,,,,N,,,,,,,,,,,
,RAYMOND,W,LYON,,901049651,N,20260801,,,,,,,,,,,,,,N,,,,,,,,,,,
,MICHAEL,B,CANTEY,,901049658,N,20260801,,,,,,,,,,,,,,N,,,,,,,,,,,
,ABIGALE,A,BISHOP,,901049699,Y,20260801,001598-00,UNIVERSITY OF GEORGIA,GA,4,Public,20260512,20260803,F,B,ART,500701,,,N,,,,,,,,,,,1
,CESAR,A,VIVANCO,,901049667,N,20260801,,,,,,,,,,,,,,N,,,,,,,,,,,
,AMY,E,ESCAMILLA,,901049774,N,20260801,,,,,,,,,,,,,,N,,,,,,,,,,,
,GABRIEL,S,PACE,,901049805,N,20260801,,,,,,,,,,,,,,N,,,,,,,,,,,
,LOGAN,P,KAY,,901049821,N,20260801,,,,,,,,,,,,,,N,,,,,,,,,,,
,JUSTIN,R,SMITH,,901049884,N,20260801,,,,,,,,,,,,,,N,,,,,,,,,,,
,JOHN,A,MITCHELL,,901049896,N,20260801,,,,,,,,,,,,,,N,,,,,,,,,,,
,SEAN,X,JOHNSON,,901050566,Y,20260801,001577-00,KENNESAW STATE UNIVERSITY,GA,4,Public,20260824,20261214,F,B,DIGITAL ANIMATION INTEREST,500102,,,N,,,,,,,,,,,1
,ELLA,E,MCNEAL,,901050616,N,20260801,,,,,,,,,,,,,,N,,,,,,,,,,,
,KAELIN,G,BLALOCK,,901050747,N,20260801,,,,,,,,,,,,,,N,,,,,,,,,,,
,SOFIA,,SANCHEZ,,901050902,N,20260801,,,,,,,,,,,,,,N,,,,,,,,,,,
,AVAGRACE,J,FAZZALARO,,901051032,N,20260801,,,,,,,,,,,,,,N,,,,,,,,,,,
,DMITRII,,KIRILIN,,901051084,N,20260801,,,,,,,,,,,,,,N,,,,,,,,,,,
,AYLA,S,HUCKABEY,,901051096,Y,20260801,001577-00,KENNESAW STATE UNIVERSITY,GA,4,Public,20260824,20261214,F,B,INDUSTRIAL SYSTEMS ENG,142701,,,N,,,,,,,,,,,1
,MICHAEL,E,DRUMMOND,,901051163,N,20260801,,,,,,,,,,,,,,N,,,,,,,,,,,
,BENJAMIN,H,MACON,,901051265,N,20260801,,,,,,,,,,,,,,N,,,,,,,,,,,
,KRISH,D,DAVE,,901051278,N,20260801,,,,,,,,,,,,,,N,,,,,,,,,,,
,MINH,T,VUONG,,901051318,N,20260801,,,,,,,,,,,,,,N,,,,,,,,,,,
,CESAR,G,VILLALOBOS,,901051333,N,20260801,,,,,,,,,,,,,,N,,,,,,,,,,,
,BRADY,J,FONTAN,,901050027,N,20260801,,,,,,,,,,,,,,N,,,,,,,,,,,
,VICTORIA,L,STANFILL,,901050284,N,20260801,,,,,,,,,,,,,,N,,,,,,,,,,,
,MAX,E,ALBRIGHT,,901050357,N,20260801,,,,,,,,,,,,,,N,,,,,,,,,,,
,AMY,,FIGUEROA,,901050564,N,20260801,,,,,,,,,,,,,,N,,,,,,,,,,,
,MARGARET,M,NELSON,,901050565,N,20260801,,,,,,,,,,,,,,N,,,,,,,,,,,
,ISAAC,,TREJO,,901050577,N,20260801,,,,,,,,,,,,,,N,,,,,,,,,,,
,JOSEPHINE,V,BONG,,901050800,N,20260801,,,,,,,,,,,,,,N,,,,,,,,,,,
,KAMIRA,A,COLINET,,901050874,N,20260801,,,,,,,,,,,,,,N,,,,,,,,,,,
,AVELINA,,VAZEMILLER,,901050896,Y,20260801,006385-00,CHAMBERLAIN UNIVERSITY,IL,4,Private,20260706,20261024,F,B,NURSING,513801,,,N,,,,,,,,,,,1
,ISABELA,L,SOTO,,901050115,N,20260801,,,,,,,,,,,,,,N,,,,,,,,,,,
,DESTIN,T,HART,,901050332,N,20260801,,,,,,,,,,,,,,N,,,,,,,,,,,
,RYAN,R,NEIKIRK,,901050714,N,20260801,,,,,,,,,,,,,,N,,,,,,,,,,,
,ELIZABETH,,CHENG,,901050791,N,20260801,,,,,,,,,,,,,,N,,,,,,,,,,,
,DAKSHAYANI LAKSHMI,L,PANCHAGNULA,,901050834,Y,20260801,001577-00,KENNESAW STATE UNIVERSITY,GA,4,Public,20260824,20261214,F,B,CHEMISTRY,400501,,,N,,,,,,,,,,,1
,NATHAN,M,SMITH,,901050842,N,20260801,,,,,,,,,,,,,,N,,,,,,,,,,,
,AARON,,PANCAKE,,901050910,N,20260801,,,,,,,,,,,,,,N,,,,,,,,,,,
,CARTER,T,REED,,901051141,Y,20260801,001577-00,KENNESAW STATE UNIVERSITY,GA,4,Public,20260824,20261214,F,B,SPORT MANAGEMENT INTEREST,310504,,,N,,,,,,,,,,,1
,JOCELYN,A,LEAL,,901051186,Y,20260801,001577-00,KENNESAW STATE UNIVERSITY,GA,4,Public,20260824,20261214,F,B,POLITICAL SCIENCE,451001,,,N,,,,,,,,,,,1
,CHRISTIAN,J,GARCIA,,901051046,N,20260801,,,,,,,,,,,,,,N,,,,,,,,,,,
,KENNETH,J,COX,,901051192,N,20260801,,,,,,,,,,,,,,N,,,,,,,,,,,
,JOLEE,S,STULL,,901051316,N,20260801,,,,,,,,,,,,,,N,,,,,,,,,,,
,CAT,D,TRINH,,901051317,N,20260801,,,,,,,,,,,,,,N,,,,,,,,,,,
,MARINA,L,SMITH,,901051429,N,20260801,,,,,,,,,,,,,,N,,,,,,,,,,,
,ALEXIS,N,GARNER,,901051435,N,20260801,,,,,,,,,,,,,,N,,,,,,,,,,,
,ADDIE,R,JACOBY,,901051495,N,20260801,,,,,,,,,,,,,,N,,,,,,,,,,,
,HAILEY,D,RENTZ,,901051549,N,20260801,,,,,,,,,,,,,,N,,,,,,,,,,,
,ESTELLA,,CAMPOS RODRIGUEZ,,901051578,Y,20260801,001577-00,KENNESAW STATE UNIVERSITY,GA,4,Public,20260824,20261214,F,B,ACCOUNTING INTEREST,520301,,,N,,,,,,,,,,,1
,LUKE,,MITCHELL,,901051214,N,20260801,,,,,,,,,,,,,,N,,,,,,,,,,,
,RONALD,E,GARRETT,,901051259,N,20260801,,,,,,,,,,,,,,N,,,,,,,,,,,
,KAYLAH,M,XIONG,,901051338,N,20260801,,,,,,,,,,,,,,N,,,,,,,,,,,
,SARAH,,LOWRY,,901051380,N,20260801,,,,,,,,,,,,,,N,,,,,,,,,,,
,CONNOR,J,WEST,,901051438,Y,20260801,001598-00,UNIVERSITY OF GEORGIA,GA,4,Public,20260512,20260803,H,B,INTENDED RISK MGMT INSUR,521701,,,N,,,,,,,,,,,1
,GRACE,A,PRITCHARD,,901051488,N,20260801,,,,,,,,,,,,,,N,,,,,,,,,,,
,CIAN,W,BATTENHOUSE,,901051685,N,20260801,,,,,,,,,,,,,,N,,,,,,,,,,,
,JACKSON,A,BLACKWELL,,901051689,N,20260801,,,,,,,,,,,,,,N,,,,,,,,,,,
,JOHN,G,PSOMIADIS,,901051765,N,20260801,,,,,,,,,,,,,,N,,,,,,,,,,,
,NEVE,A,SMOAK,,901049799,N,20260801,,,,,,,,,,,,,,N,,,,,,,,,,,
,MICHAEL,S,WOOD,,901049895,N,20260801,,,,,,,,,,,,,,N,,,,,,,,,,,
,GIFT,N,QUAYE,,901049948,N,20260801,,,,,,,,,,,,,,N,,,,,,,,,,,
,NICHOLAS,,ROCA,,901050125,N,20260801,,,,,,,,,,,,,,N,,,,,,,,,,,
,ALEXANDER,J,GHIDICEANU,,901050358,N,20260801,,,,,,,,,,,,,,N,,,,,,,,,,,
,JACOBY,J,GUILIANO,,901050393,N,20260801,,,,,,,,,,,,,,N,,,,,,,,,,,
,CHARLES,J,KOLLMAN,,901050495,N,20260801,,,,,,,,,,,,,,N,,,,,,,,,,,
,WILLIAM,D,ROWLAND,,901050506,N,20260801,,,,,,,,,,,,,,N,,,,,,,,,,,
,CASE,M,HOLLOWAY,,901050893,N,20260801,,,,,,,,,,,,,,N,,,,,,,,,,,
,JESSICA,,PRESTON,,901051257,N,20260801,,,,,,,,,,,,,,N,,,,,,,,,,,
,STEPHANE,,SHONGO,,901051270,N,20260801,,,,,,,,,,,,,,N,,,,,,,,,,,
,ALYSSA,M,HAAFF,,901051356,N,20260801,,,,,,,,,,,,,,N,,,,,,,,,,,
,PAULO,O,SANTOS,,901051378,N,20260801,,,,,,,,,,,,,,N,,,,,,,,,,,
,SETH,C,FOWLER,,901051712,N,20260801,,,,,,,,,,,,,,N,,,,,,,,,,,
,JOSIAH,C,GRIZZLE,,901051719,N,20260801,,,,,,,,,,,,,,N,,,,,,,,,,,
,THOMAS,J,DENKMAN,,901051826,N,20260801,,,,,,,,,,,,,,N,,,,,,,,,,,
,GRACE,A,FOLAND,,901051830,N,20260801,,,,,,,,,,,,,,N,,,,,,,,,,,
,MAXIMILIANO,,GALBAN,,901051833,N,20260801,,,,,,,,,,,,,,N,,,,,,,,,,,
,KAIDEN,E,BECKUM,,901051450,Y,20260801,001569-00,GEORGIA INSTITUTE OF TECHNOLOGY,GA,4,Public,20260518,20260806,L,B,INDUSTRIAL DESIGN,110105,,,N,,,,,,,,,,,1
,JIN-JU,,CHOI,,901051496,N,20260801,,,,,,,,,,,,,,N,,,,,,,,,,,
,ANGEL,G,CABRERA GUZMAN,,901051534,N,20260801,,,,,,,,,,,,,,N,,,,,,,,,,,
,DAWSON,B,CHILDS,,901051699,N,20260801,,,,,,,,,,,,,,N,,,,,,,,,,,
,NATALIE,A,BETANCOURT,,901051842,N,20260801,,,,,,,,,,,,,,N,,,,,,,,,,,
,ASHLYN,G,MONIE,,901051880,N,20260801,,,,,,,,,,,,,,N,,,,,,,,,,,
,VICTORIA,M,SARANTHUS,,901051901,N,20260801,,,,,,,,,,,,,,N,,,,,,,,,,,
,MELIA,I,RONEY,,901052002,N,20260801,,,,,,,,,,,,,,N,,,,,,,,,,,
,ADDISON,W,ENZOR,,901052005,N,20260801,,,,,,,,,,,,,,N,,,,,,,,,,,
,VICTORIA,I,PLASCENCIA,,901052009,N,20260801,,,,,,,,,,,,,,N,,,,,,,,,,,
,AVERY,E,FLEMING,,901052096,N,20260801,,,,,,,,,,,,,,N,,,,,,,,,,,
,TERESA,C,HA,,901052136,Y,20260801,001598-00,UNIVERSITY OF GEORGIA,GA,4,Public,20260512,20260803,H,B,INTENDED ELECTRCL ELECTRON ENG,141001,,,N,,,,,,,,,,,1
,GRAYSON,M,JONES,,901052160,N,20260801,,,,,,,,,,,,,,N,,,,,,,,,,,
,CLEMENTINE,L,KIMMEL,,901052190,N,20260801,,,,,,,,,,,,,,N,,,,,,,,,,,
,NATHANIEL,K,BERRYMAN,,901052337,N,20260801,,,,,,,,,,,,,,N,,,,,,,,,,,
,MATTHEW,N,HUMBERSTONE,,901052371,N,20260801,,,,,,,,,,,,,,N,,,,,,,,,,,
,BROOKLYN,,MOORE,,901052395,N,20260801,,,,,,,,,,,,,,N,,,,,,,,,,,
,JEFFREY,A,TURCIOS,,901052490,N,20260801,,,,,,,,,,,,,,N,,,,,,,,,,,
,ASHTON,C,ALBERS,,901051614,N,20260801,,,,,,,,,,,,,,N,,,,,,,,,,,
,AUSTIN,,GREENE,,901051838,Y,20260801,001598-00,UNIVERSITY OF GEORGIA,GA,4,Public,20260512,20260803,F,B,FINANCIAL PLANNING,190401,,,N,,,,,,,,,,,1
,REESE,M,NIXON,,901051886,N,20260801,,,,,,,,,,,,,,N,,,,,,,,,,,
,RYAN,D,TALIAFERRO,,901051953,N,20260801,,,,,,,,,,,,,,N,,,,,,,,,,,
,CHARLIE,D,CANTERO,,901051962,N,20260801,,,,,,,,,,,,,,N,,,,,,,,,,,
,KELIS,I,HOOKE,,901051987,Y,20260801,001577-00,KENNESAW STATE UNIVERSITY,GA,4,Public,20260824,20261214,F,B,POLITICAL SCIENCE,451001,,,N,,,,,,,,,,,1
,OWEN,E,KELLY,,901052091,N,20260801,,,,,,,,,,,,,,N,,,,,,,,,,,
,ANGEL,A,GONZALEZ,,901052099,N,20260801,,,,,,,,,,,,,,N,,,,,,,,,,,
,GABRIEL,M,LOPEZ,,901052159,N,20260801,,,,,,,,,,,,,,N,,,,,,,,,,,
,EMMA,G,KWON,,901051866,Y,20260801,001577-00,KENNESAW STATE UNIVERSITY,GA,4,Public,20260824,20261214,F,B,EXERCISE SCIENCE INTEREST,260908,,,N,,,,,,,,,,,1
,IONELA,E,SOT,,901051975,N,20260801,,,,,,,,,,,,,,N,,,,,,,,,,,
,RILEY,L,SIMS,,901052075,N,20260801,,,,,,,,,,,,,,N,,,,,,,,,,,
,ADDISON,K,KEMP,,901052203,N,20260801,,,,,,,,,,,,,,N,,,,,,,,,,,
,JABARI,K,BEARD,,901052268,N,20260801,,,,,,,,,,,,,,N,,,,,,,,,,,
,MARIA,C,PICKEL,,901052273,N,20260801,,,,,,,,,,,,,,N,,,,,,,,,,,
,NATHANIEL,J,IVESTER,,901052582,N,20260801,,,,,,,,,,,,,,N,,,,,,,,,,,
,AVA,M,WALCZAK,,901052586,Y,20260801,001598-00,UNIVERSITY OF GEORGIA,GA,4,Public,20260512,20260803,H,B,BIOLOGY,260101,,,N,,,,,,,,,,,1
,LIAM,M,FLORCZAK,,901052636,Y,20260801,006951-00,UNIVERSITY OF SOUTH CAROLINA UPSTATE,SC,4,Public,20260816,20261214,Q,S,BUSINESS ADMINISTRATION,520201,,,N,,,,,,,,,,,1
,SYDNEY,H,MARLER,,901052573,N,20260801,,,,,,,,,,,,,,N,,,,,,,,,,,
,ELIZABETH,K,RUTLEDGE,,901052669,N,20260801,,,,,,,,,,,,,,N,,,,,,,,,,,
,TYLER,S,DUSHANE,,901052759,N,20260801,,,,,,,,,,,,,,N,,,,,,,,,,,
,MARIA CLARA,,DA SILVA MENEZES,,901053051,N,20260801,,,,,,,,,,,,,,N,,,,,,,,,,,
,ALLISON,M,CONKLIN,,901053061,N,20260801,,,,,,,,,,,,,,N,,,,,,,,,,,
,BAILEY,M,REDDING,,901053138,N,20260801,,,,,,,,,,,,,,N,,,,,,,,,,,
,WESLEY,,WALTON,,901053181,N,20260801,,,,,,,,,,,,,,N,,,,,,,,,,,
,MARIANA,G,MELLEN,,901053210,Y,20260801,001585-00,UNIVERSITY OF NORTH GEORGIA,GA,4,Public,20260810,20261204,Q,B,CRIMINAL JUSTICE,430104,,,N,,,,,,,,,,,1
,SOPHIA,,MCCONNELL,,901053382,N,20260801,,,,,,,,,,,,,,N,,,,,,,,,,,
,CADENCE,O,SMART,,901052738,N,20260801,,,,,,,,,,,,,,N,,,,,,,,,,,
,BROOKLYN,K,KNIGHT,,901052801,N,20260801,,,,,,,,,,,,,,N,,,,,,,,,,,
,SARAH,E,BOWERS,,901052807,N,20260801,,,,,,,,,,,,,,N,,,,,,,,,,,
,BANKS,A,HICKMAN,,901052818,N,20260801,,,,,,,,,,,,,,N,,,,,,,,,,,
,BRAEDON,R,BOYD,,901052850,N,20260801,,,,,,,,,,,,,,N,,,,,,,,,,,
,NATHALIA,S,AGUDELO,,901052860,Y,20260801,001081-00,ARIZONA STATE UNIVERSITY,AZ,4,Public,20260518,20260811,L,F,,430103,,,N,,,,,,,,,,,1
,DANIEL,A,GUEVARA,,901052908,Y,20260801,001585-00,UNIVERSITY OF NORTH GEORGIA,GA,4,Public,20260810,20261204,L,B,MANAGEMENT,520201,,,N,,,,,,,,,,,1
,ABIGAIL,E,CHILDERS,,901053001,N,20260801,,,,,,,,,,,,,,N,,,,,,,,,,,
,KALEB,B,STEWART,,901053068,N,20260801,,,,,,,,,,,,,,N,,,,,,,,,,,
,AUBREY,E,GALLAGHER,,901052284,N,20260801,,,,,,,,,,,,,,N,,,,,,,,,,,
,PEYTON,A,MCCARTY,,901052286,N,20260801,,,,,,,,,,,,,,N,,,,,,,,,,,
,LONDON,M,MCDANIEL,,901052295,Y,20260801,001588-00,PIEDMONT UNIVERSITY,GA,4,Private,20260812,20261208,F,F,BUSINESS ADMINISTRATION,520299,,,N,,,,,,,,,,,1
,MATTHEW,J,FORTNER,,901052310,N,20260801,,,,,,,,,,,,,,N,,,,,,,,,,,
,ANNA,M,LECAVE,,901052360,Y,20260801,001598-00,UNIVERSITY OF GEORGIA,GA,4,Public,20260512,20260803,F,B,INTENDED MANAGEMENT,520201,,,N,,,,,,,,,,,1
,AVERY,J,FISHER,,901052388,N,20260801,,,,,,,,,,,,,,N,,,,,,,,,,,
,SAMUEL,J,SINGER,,901052422,N,20260801,,,,,,,,,,,,,,N,,,,,,,,,,,
,ANIYA,,TAYLOR,,901052433,N,20260801,,,,,,,,,,,,,,N,,,,,,,,,,,
,JOSEPH,J,VALENTE,,901052577,N,20260801,,,,,,,,,,,,,,N,,,,,,,,,,,
,MIRABELLE,J,SHALLCROSS,,901051776,N,20260801,,,,,,,,,,,,,,N,,,,,,,,,,,
,ROBERTO,C,HALEY,,901051844,N,20260801,,,,,,,,,,,,,,N,,,,,,,,,,,
,JAKE,R,JAMES,,901051854,N,20260801,,,,,,,,,,,,,,N,,,,,,,,,,,
,ANDERSON,R,LINSLEY,,901051994,N,20260801,,,,,,,,,,,,,,N,,,,,,,,,,,
,COOPER,T,DEAN,,901051999,Y,20260801,001598-00,UNIVERSITY OF GEORGIA,GA,4,Public,20260512,20260803,F,B,INTENDED SPORT MANAGEMENT,310504,,,N,,,,,,,,,,,1
,MADISON,R,JOHNSON,,901052090,N,20260801,,,,,,,,,,,,,,N,,,,,,,,,,,
,LINDEN,,ROSS,,901052303,N,20260801,,,,,,,,,,,,,,N,,,,,,,,,,,
,HAYDEN,S,WATKINS,,901052327,N,20260801,,,,,,,,,,,,,,N,,,,,,,,,,,
,SYDNEY,J,BRUNS,,901052487,N,20260801,,,,,,,,,,,,,,N,,,,,,,,,,,
,HERIBERTO,,VELAZQUEZ,,901052510,N,20260801,,,,,,,,,,,,,,N,,,,,,,,,,,
,MACKENZIE,A,TOURVILLE,,901053458,N,20260801,,,,,,,,,,,,,,N,,,,,,,,,,,
,SEAN,R,DEMONTIGNY,,901053473,N,20260801,,,,,,,,,,,,,,N,,,,,,,,,,,
,EVA,,KARNEYENKA,,901053569,N,20260801,,,,,,,,,,,,,,N,,,,,,,,,,,
,CHARLES,R,MILLER,,901053584,N,20260801,,,,,,,,,,,,,,N,,,,,,,,,,,
,MASON,R,KELLEY,,901053598,N,20260801,,,,,,,,,,,,,,N,,,,,,,,,,,
,JACOBY,A,MEKAL,,901053734,N,20260801,,,,,,,,,,,,,,N,,,,,,,,,,,
,LINDSEY,G,TORRES,,901053762,Y,20260801,001569-00,GEORGIA INSTITUTE OF TECHNOLOGY,GA,4,Public,20260518,20260806,H,B,ARCHITECTURE,040200,,,N,,,,,,,,,,,1
,ALEXANDRA,J,SHRADER,,901053795,N,20260801,,,,,,,,,,,,,,N,,,,,,,,,,,
,ERIC,,ZHANG,,901053903,N,20260801,,,,,,,,,,,,,,N,,,,,,,,,,,
,STRAUGHAN,M,BAKER,,901053913,N,20260801,,,,,,,,,,,,,,N,,,,,,,,,,,
,STEPHEN,J,LOVE,,901053920,N,20260801,,,,,,,,,,,,,,N,,,,,,,,,,,
,LAUREN,T,MILLER,,901053934,N,20260801,,,,,,,,,,,,,,N,,,,,,,,,,,
,TYLER,G,AUSTIN,,901053951,N,20260801,,,,,,,,,,,,,,N,,,,,,,,,,,
,KALEY,,ORLOSKY,,901053959,Y,20260801,001577-00,KENNESAW STATE UNIVERSITY,GA,4,Public,20260824,20261214,F,B,MECHANICAL ENGINEERING TECH,150805,,,N,,,,,,,,,,,1
,BENJAMIN,,DIAZ URETA,,901054016,N,20260801,,,,,,,,,,,,,,N,,,,,,,,,,,
,GENEVA,L,WRIGHT,,901054044,N,20260801,,,,,,,,,,,,,,N,,,,,,,,,,,
,MADELINE,A,CARLSON,,901054094,N,20260801,,,,,,,,,,,,,,N,,,,,,,,,,,
,JOSIE,E,NIX,,901054154,N,20260801,,,,,,,,,,,,,,N,,,,,,,,,,,
,ADDISON,K,BROWN,,901052674,N,20260801,,,,,,,,,,,,,,N,,,,,,,,,,,
,LAYLA,M,HORWEGE,,901052681,N,20260801,,,,,,,,,,,,,,N,,,,,,,,,,,
,AVERY,G,YATES,,901052900,N,20260801,,,,,,,,,,,,,,N,,,,,,,,,,,
,THOMAS,W,MCCORMACK,,901052971,N,20260801,,,,,,,,,,,,,,N,,,,,,,,,,,
,ALEXEY,Z,CORDEIRO,,901053013,Y,20260801,001598-00,UNIVERSITY OF GEORGIA,GA,4,Public,20260512,20260803,F,B,INTENDED REAL ESTATE,521501,INTENDED FINANCE,520801,N,,,,,,,,,,,1
,PHILIP,,CHENDEMI,,901053094,N,20260801,,,,,,,,,,,,,,N,,,,,,,,,,,
,SAMANTHA,B,ODOM,,901053144,N,20260801,,,,,,,,,,,,,,N,,,,,,,,,,,
,ALEXA,N,SUAREZ,,901053198,Y,20260801,001577-00,KENNESAW STATE UNIVERSITY,GA,4,Public,20260824,20261214,Q,B,BIOLOGY,260101,,,N,,,,,,,,,,,1
,SOPHIA,A,LEATHERS,,901053273,N,20260801,,,,,,,,,,,,,,N,,,,,,,,,,,
,CHARLIE,B,HOWARD,,901053274,Y,20260801,001577-00,KENNESAW STATE UNIVERSITY,GA,4,Public,20260824,20261214,Q,B,PROFESSIONAL SALES INTEREST,521801,,,N,,,,,,,,,,,1
,CONOR,N,SARTAIN,,901052581,N,20260801,,,,,,,,,,,,,,N,,,,,,,,,,,
,KATELYN,C,MCLAUGHLIN,,901052592,N,20260801,,,,,,,,,,,,,,N,,,,,,,,,,,
,BLAKE,A,HOLMAN,,901052774,N,20260801,,,,,,,,,,,,,,N,,,,,,,,,,,
,ROBYN,C,DYKINS,,901052808,N,20260801,,,,,,,,,,,,,,N,,,,,,,,,,,
,LILLIE,E,YOUNG,,901052982,Y,20260801,001598-00,UNIVERSITY OF GEORGIA,GA,4,Public,20260512,20260803,H,B,HORTICULTURE,011103,,,N,,,,,,,,,,,1
,RYAN,E,FROMMER,,901053043,N,20260801,,,,,,,,,,,,,,N,,,,,,,,,,,
,ELIJAH,S,HARDAGE,,901053091,N,20260801,,,,,,,,,,,,,,N,,,,,,,,,,,
,ZAINAB,,RIZVI,,901053146,Y,20260801,001577-00,KENNESAW STATE UNIVERSITY,GA,4,Public,20260824,20261214,F,B,BS IN PUBLIC HEALTH,512207,,,N,,,,,,,,,,,1
,BRANDON,J,LEE,,901053248,Y,20260801,001598-00,UNIVERSITY OF GEORGIA,GA,4,Public,20260512,20260803,H,B,ENGLISH,230101,,,N,,,,,,,,,,,1
,OSCAR,J,MENDOZA,,901054189,N,20260801,,,,,,,,,,,,,,N,,,,,,,,,,,
,WALKER,S,MASSEY,,901054233,N,20260801,,,,,,,,,,,,,,N,,,,,,,,,,,
,JESUS,,PEREZ,,901054259,N,20260801,,,,,,,,,,,,,,N,,,,,,,,,,,
,KARTHIK CHOWDARY,,MADDINENI,,901054278,N,20260801,,,,,,,,,,,,,,N,,,,,,,,,,,
,RYAN,P,BEALL,,901054286,N,20260801,,,,,,,,,,,,,,N,,,,,,,,,,,
,YAIRA,L,TAPIA,,901054300,N,20260801,,,,,,,,,,,,,,N,,,,,,,,,,,
,TYLER,,WINENGER,,901054364,N,20260801,,,,,,,,,,,,,,N,,,,,,,,,,,
,OLIVIA,G,RIMAR,,901054490,N,20260801,,,,,,,,,,,,,,N,,,,,,,,,,,
,SOPHIA,I,YORK,,901054501,N,20260801,,,,,,,,,,,,,,N,,,,,,,,,,,
,ARIEL,,LANGEN,,901054524,N,20260801,,,,,,,,,,,,,,N,,,,,,,,,,,
,STEPHEN,E,SHERRILL,,901054564,N,20260801,,,,,,,,,,,,,,N,,,,,,,,,,,
,KENSLEY,B,CULBREATH,,901054566,N,20260801,,,,,,,,,,,,,,N,,,,,,,,,,,
,BRAYDEN,W,BUSBY,,901054567,N,20260801,,,,,,,,,,,,,,N,,,,,,,,,,,
,GERRY,M,KING,,901054575,N,20260801,,,,,,,,,,,,,,N,,,,,,,,,,,
,KILLIAN,G,SHARIETT,,901054659,N,20260801,,,,,,,,,,,,,,N,,,,,,,,,,,
,SAVANNAH,M,PERRY,,901054682,N,20260801,,,,,,,,,,,,,,N,,,,,,,,,,,
,HAYLEE,E,LEWIS,,901054719,N,20260801,,,,,,,,,,,,,,N,,,,,,,,,,,
,MADDEN,D,YOUNG,,901054722,N,20260801,,,,,,,,,,,,,,N,,,,,,,,,,,
,REESE,E,GARCIA,,901053380,N,20260801,,,,,,,,,,,,,,N,,,,,,,,,,,
,CADEN,,HARVEY,,901053486,N,20260801,,,,,,,,,,,,,,N,,,,,,,,,,,
,BROOKE,T,STOWELL,,901053520,Y,20260801,001577-00,KENNESAW STATE UNIVERSITY,GA,4,Public,20260824,20261214,F,B,BIOLOGY,260101,,,N,,,,,,,,,,,1
,LUCAS,M,MARTIN,,901053585,N,20260801,,,,,,,,,,,,,,N,,,,,,,,,,,
,HAYLEY,,LOPEZ PEREZ,,901053601,N,20260801,,,,,,,,,,,,,,N,,,,,,,,,,,
,CONSTANCE,C,POTTER,,901053659,N,20260801,,,,,,,,,,,,,,N,,,,,,,,,,,
,ELLA LYNN,A,HAGAN,,901053778,N,20260801,,,,,,,,,,,,,,N,,,,,,,,,,,
,ALYSON,L,BAYNES,,901053807,N,20260801,,,,,,,,,,,,,,N,,,,,,,,,,,
,PEYTON,T,SARTAIN,,901053817,N,20260801,,,,,,,,,,,,,,N,,,,,,,,,,,
,DEMETRIO,,RIOS,,901053371,Y,20260801,001598-00,UNIVERSITY OF GEORGIA,GA,4,Public,20260512,20260803,F,B,LANDSCAPE ARCHITECTURE,040601,,,N,,,,,,,,,,,1
,MARIANA,,ROMERO RAMIREZ,,901053575,N,20260801,,,,,,,,,,,,,,N,,,,,,,,,,,
,JAKE,J,GOMEZ,,901053635,Y,20260801,001569-00,GEORGIA INSTITUTE OF TECHNOLOGY,GA,4,Public,20260518,20260806,L,B,MECHANICAL ENGINEERING,141901,,,N,,,,,,,,,,,1
,ISHANTH,R,TALANKI,,901053671,N,20260801,,,,,,,,,,,,,,N,,,,,,,,,,,
,KADIN,,NGUYEN,,901053733,N,20260801,,,,,,,,,,,,,,N,,,,,,,,,,,
,AUBREY,A,HEDRICK,,901053792,N,20260801,,,,,,,,,,,,,,N,,,,,,,,,,,
,JACKSON,G,WOLFORD,,901053806,Y,20260801,003419-00,CHARLESTON SOUTHERN UNIVERSITY,SC,4,Private,20260511,20260816,L,S,ENGINEERING,140101,,,N,,,,,,,,,,,1
,NICHOLAS,,PERLOCK,,901053820,N,20260801,,,,,,,,,,,,,,N,,,,,,,,,,,
,JACOB,R,LATERVEER,,901053892,N,20260801,,,,,,,,,,,,,,N,,,,,,,,,,,
,LILLIAN,B,TIPPENS,,901054723,N,20260801,,,,,,,,,,,,,,N,,,,,,,,,,,
,MACY,E,JAY,,901054848,N,20260801,,,,,,,,,,,,,,N,,,,,,,,,,,
,KIRA,G,NOYES,,901054874,N,20260801,,,,,,,,,,,,,,N,,,,,,,,,,,
,GARRISON,J,MCELROY,,901054889,N,20260801,,,,,,,,,,,,,,N,,,,,,,,,,,
,WILLIAM,D,MARTIN,,901054908,N,20260801,,,,,,,,,,,,,,N,,,,,,,,,,,
,LIA,A,POHL,,901054941,N,20260801,,,,,,,,,,,,,,N,,,,,,,,,,,
,SHAYLA,L,BLALOCK,,901054988,N,20260801,,,,,,,,,,,,,,N,,,,,,,,,,,
,MRIDINI,,RAPURI,,901054994,N,20260801,,,,,,,,,,,,,,N,,,,,,,,,,,
,MARGAUX,D,IBING,,901054995,N,20260801,,,,,,,,,,,,,,N,,,,,,,,,,,
,RACHEL,,LIN,,901053902,N,20260801,,,,,,,,,,,,,,N,,,,,,,,,,,
,CAROLINE,J,LOCKE,,901053917,N,20260801,,,,,,,,,,,,,,N,,,,,,,,,,,
,MALIYA,N,PATEL,,901053948,N,20260801,,,,,,,,,,,,,,N,,,,,,,,,,,
,TAYLOR,M,ADAMS,,901053953,N,20260801,,,,,,,,,,,,,,N,,,,,,,,,,,
,KEVIN,H,TRUONG,,901053954,Y,20260801,001577-00,KENNESAW STATE UNIVERSITY,GA,4,Public,20260824,20261214,F,B,INDUSTRIAL SYSTEMS ENG,142701,,,N,,,,,,,,,,,1
,RYANNE,A,BALTHASER,,901054041,N,20260801,,,,,,,,,,,,,,N,,,,,,,,,,,
,ALYSSA,T,WINKLER,,901054120,N,20260801,,,,,,,,,,,,,,N,,,,,,,,,,,
,ALMA,M,MORALES-CONTRERAS,,901054139,N,20260801,,,,,,,,,,,,,,N,,,,,,,,,,,
,ALLISON,C,TINSLEY,,901054141,N,20260801,,,,,,,,,,,,,,N,,,,,,,,,,,
,RYAN,J,HAWKINS,,901055014,N,20260801,,,,,,,,,,,,,,N,,,,,,,,,,,
,RAYYAN,,MISSAOUI,,901055033,N,20260801,,,,,,,,,,,,,,N,,,,,,,,,,,
,MARCI,A,BARRERA,,901055070,N,20260801,,,,,,,,,,,,,,N,,,,,,,,,,,
,ABIGAIL,E,BARRETT,,901055115,N,20260801,,,,,,,,,,,,,,N,,,,,,,,,,,
,CULLEN,M,SHEFFIELD,,901055158,Y,20260801,001569-00,GEORGIA INSTITUTE OF TECHNOLOGY,GA,4,Public,20260518,20260806,H,B,INDUSTRIAL ENGINEERING,143501,,,N,,,,,,,,,,,1
,JAMES,D,TROWELL,,901055174,N,20260801,,,,,,,,,,,,,,N,,,,,,,,,,,
,ARJUNN,R,PATEL,,901055198,Y,20260801,001569-00,GEORGIA INSTITUTE OF TECHNOLOGY,GA,4,Public,20260518,20260806,H,B,BUSINESS ADMINISTRATION,520201,,,N,,,,,,,,,,,1
,BROOKLYN,,HOLLOMAN,,901055199,N,20260801,,,,,,,,,,,,,,N,,,,,,,,,,,
,CHLOE,R,DALE,,901055202,N,20260801,,,,,,,,,,,,,,N,,,,,,,,,,,
,BRIANNA,A,KNOUP,,901053911,N,20260801,,,,,,,,,,,,,,N,,,,,,,,,,,
,ASHLYN,E,CUBITT,,901053919,N,20260801,,,,,,,,,,,,,,N,,,,,,,,,,,
,MATTHEW,D,HOWARD,,901053957,N,20260801,,,,,,,,,,,,,,N,,,,,,,,,,,
,GARRETT,,BROWN,,901053965,N,20260801,,,,,,,,,,,,,,N,,,,,,,,,,,
,ANDY,,YI,,901054002,N,20260801,,,,,,,,,,,,,,N,,,,,,,,,,,
,RYLEE,R,WHITMER,,901054059,N,20260801,,,,,,,,,,,,,,N,,,,,,,,,,,
,GABRIEL,A,GALLAGHER,,901054112,Y,20260801,001574-00,GEORGIA STATE UNIVERSITY,GA,4,Public,20260511,20260803,L,S,PRE FINANCE,520801,,,N,,,,,,,,,,,1
,JAZMIN,,LOPEZ,,901054151,N,20260801,,,,,,,,,,,,,,N,,,,,,,,,,,
,CHARLES,R,BARANIECKI,,901054247,N,20260801,,,,,,,,,,,,,,N,,,,,,,,,,,
,WILLIAM,D,WALKER,,901054283,Y,20260801,002981-00,WESTERN CAROLINA UNIVERSITY,NC,4,Public,20260817,20261211,F,B,ANTHROPOLOGY,450201,,,N,,,,,,,,,,,1
,KAILYN,G,FALLOWS,,901055209,N,20260801,,,,,,,,,,,,,,N,,,,,,,,,,,
,CATHERINE,L,COOPER,,901055267,N,20260801,,,,,,,,,,,,,,N,,,,,,,,,,,
,HILDRETH,A,RING,,901055283,N,20260801,,,,,,,,,,,,,,N,,,,,,,,,,,
,ALAN,C,DEPRIEST,,901055310,N,20260801,,,,,,,,,,,,,,N,,,,,,,,,,,
,DILLAN,A,ENDICOTT,,901055330,N,20260801,,,,,,,,,,,,,,N,,,,,,,,,,,
,KEYSY,N,ESTEBAN,,901055389,N,20260801,,,,,,,,,,,,,,N,,,,,,,,,,,
,EVAN,O,BROWN,,901055427,N,20260801,,,,,,,,,,,,,,N,,,,,,,,,,,
,JAYCE,,GENTRY,,901055520,N,20260801,,,,,,,,,,,,,,N,,,,,,,,,,,
,ALEXANDRA,L,DUFFELL,,901055528,N,20260801,,,,,,,,,,,,,,N,,,,,,,,,,,
,JONATHAN,P,PETROFSKI,,901054157,N,20260801,,,,,,,,,,,,,,N,,,,,,,,,,,
,ALYSSA,L,HARRIS,,901054257,N,20260801,,,,,,,,,,,,,,N,,,,,,,,,,,
,VICTORIA,B,TRAPP,,901054473,N,20260801,,,,,,,,,,,,,,N,,,,,,,,,,,
,CHARLES,R,SHACKELTON,,901054515,N,20260801,,,,,,,,,,,,,,N,,,,,,,,,,,
,ANDREW,B,NGUYEN,,901054578,N,20260801,,,,,,,,,,,,,,N,,,,,,,,,,,
,STONE,,BUREAU,,901054590,N,20260801,,,,,,,,,,,,,,N,,,,,,,,,,,
,LESLIE,R,BRADLEY,,901054592,N,20260801,,,,,,,,,,,,,,N,,,,,,,,,,,
,MATTHEW,L,MILLER,,901054596,Y,20260801,001598-00,UNIVERSITY OF GEORGIA,GA,4,Public,20260512,20260803,H,B,SPORT MANAGEMENT,310504,,,N,,,,,,,,,,,1
,MASARATH,,IFTEQUAR,,901054619,N,20260801,,,,,,,,,,,,,,N,,,,,,,,,,,
,ADDISON,G,NICHOLS,,901054661,N,20260801,,,,,,,,,,,,,,N,,,,,,,,,,,
,ENOLA,A,PATTERSON,,901054312,N,20260801,,,,,,,,,,,,,,N,,,,,,,,,,,
,AMELIA,G,DOWDY,,901054361,Y,20260801,001577-00,KENNESAW STATE UNIVERSITY,GA,4,Public,20260824,20261214,H,B,PSYCHOLOGY,420101,,,N,,,,,,,,,,,1
,JESSICA,S,MARA,,901054407,N,20260801,,,,,,,,,,,,,,N,,,,,,,,,,,
,PRANAY,R,KALUSANI,,901054423,N,20260801,,,,,,,,,,,,,,N,,,,,,,,,,,
,CHRISTOPHER,D,BEECO,,901054504,N,20260801,,,,,,,,,,,,,,N,,,,,,,,,,,
,KINGSLEY,G,MASHBURN,,901054520,N,20260801,,,,,,,,,,,,,,N,,,,,,,,,,,
,DIEGO,I,VALENZUELA,,901054531,Y,20260801,001577-00,KENNESAW STATE UNIVERSITY,GA,4,Public,20260824,20261214,F,B,ELECTRICAL ENGINEERING,141001,,,N,,,,,,,,,,,1
,SRIMEDHA,,SAMANU,,901054554,N,20260801,,,,,,,,,,,,,,N,,,,,,,,,,,
,HADLEY,C,O'HARA,,901054569,N,20260801,,,,,,,,,,,,,,N,,,,,,,,,,,
,CARLIE,M,GABRIEL,,901055538,N,20260801,,,,,,,,,,,,,,N,,,,,,,,,,,
,HANNAH JANE,,MELLON,,901055551,Y,20260801,001598-00,UNIVERSITY OF GEORGIA,GA,4,Public,20260512,20260803,H,B,FURNISHINGS AND INTERIORS,190601,,,N,,,,,,,,,,,1
,ALISIIA,,GORSHKOVA,,901055648,N,20260801,,,,,,,,,,,,,,N,,,,,,,,,,,
,CHRISTOPHER,A,SMOLAKOVS,,901055652,N,20260801,,,,,,,,,,,,,,N,,,,,,,,,,,
,ANNA CLAIRE,M,NOLAN,,901055693,N,20260801,,,,,,,,,,,,,,N,,,,,,,,,,,
,CLAIRE,A,GILSTRAP,,901055696,N,20260801,,,,,,,,,,,,,,N,,,,,,,,,,,
,NOAH,D,BRASWELL,,901055767,N,20260801,,,,,,,,,,,,,,N,,,,,,,,,,,
,COURTNEY,,SWINK,,901055787,N,20260801,,,,,,,,,,,,,,N,,,,,,,,,,,
,INES,D,ALBERTO,,901055835,N,20260801,,,,,,,,,,,,,,N,,,,,,,,,,,
,ZOEY,M,MARTIN,,901054667,Y,20260801,001577-00,KENNESAW STATE UNIVERSITY,GA,4,Public,20260824,20261214,F,B,MECHANICAL ENGINEERING,141901,,,N,,,,,,,,,,,1
,EMILY,G,WILSON,,901054689,N,20260801,,,,,,,,,,,,,,N,,,,,,,,,,,
,LUCY,R,CHRISTENBERRY,,901054711,N,20260801,,,,,,,,,,,,,,N,,,,,,,,,,,
,KATHERINE,C,MCCONN,,901054751,N,20260801,,,,,,,,,,,,,,N,,,,,,,,,,,
,ANA,J,DEBARROS,,901054753,N,20260801,,,,,,,,,,,,,,N,,,,,,,,,,,
,LAUREL,M,DEITZ,,901054795,N,20260801,,,,,,,,,,,,,,N,,,,,,,,,,,
,ALISON,L,ADAMS,,901054842,N,20260801,,,,,,,,,,,,,,N,,,,,,,,,,,
,GITANJALI,,NAIR,,901055000,N,20260801,,,,,,,,,,,,,,N,,,,,,,,,,,
,ABIGAIL,K,BALDWIN,,901055076,N,20260801,,,,,,,,,,,,,,N,,,,,,,,,,,
,RYVAAN,,DAS,,901055837,N,20260801,,,,,,,,,,,,,,N,,,,,,,,,,,
,MOLLY,E,WILLIAMS,,901055842,N,20260801,,,,,,,,,,,,,,N,,,,,,,,,,,
,CALLIE,A,DRASUTIS,,901055866,Y,20260801,001577-00,KENNESAW STATE UNIVERSITY,GA,4,Public,20260824,20261214,F,B,PSYCHOLOGY,420101,,,N,,,,,,,,,,,1
,NUBIA,G,GUZMAN,,901055938,N,20260801,,,,,,,,,,,,,,N,,,,,,,,,,,
,JAY,F,WILCOX,,901055943,Y,20260801,001577-00,KENNESAW STATE UNIVERSITY,GA,4,Public,20260824,20261214,F,B,CONSTRUCTION MANAGEMENT,143301,,,N,,,,,,,,,,,1
,LUCIA,R,MERVA,,901056076,N,20260801,,,,,,,,,,,,,,N,,,,,,,,,,,
,KALEIGH,J,RANDALL,,901056180,N,20260801,,,,,,,,,,,,,,N,,,,,,,,,,,
,JOHN,,TREECE,,901056239,Y,20260801,001577-00,KENNESAW STATE UNIVERSITY,GA,4,Public,20260824,20261214,F,B,MEDIA ENTERTAINMENT,090702,,,N,,,,,,,,,,,1
,MACI,N,STANCIL,,901056364,Y,20260801,001577-00,KENNESAW STATE UNIVERSITY,GA,4,Public,20260824,20261214,F,B,BIOLOGY,260101,,,N,,,,,,,,,,,1
,REBECCA,E,HEARD,,901056373,Y,20260801,002981-00,WESTERN CAROLINA UNIVERSITY,NC,4,Public,20260817,20261211,F,B,INTEREST IN NURSING,240102,,,N,,,,,,,,,,,1
,PHOEBE,G,WHEELER,,901054660,N,20260801,,,,,,,,,,,,,,N,,,,,,,,,,,
,LUCILE,L,FEAGIN,,901054675,N,20260801,,,,,,,,,,,,,,N,,,,,,,,,,,
,ANNA,G,KENNEDY,,901054683,N,20260801,,,,,,,,,,,,,,N,,,,,,,,,,,
,ASHLYN,J,VICKERY,,901054705,N,20260801,,,,,,,,,,,,,,N,,,,,,,,,,,
,HANNAH,,VASQUEZ,,901054758,Y,20260801,001577-00,KENNESAW STATE UNIVERSITY,GA,4,Public,20260824,20261214,F,B,BS IN PUBLIC HEALTH,512207,,,N,,,,,,,,,,,1
,MALLORY,E,HENDERSON,,901054816,N,20260801,,,,,,,,,,,,,,N,,,,,,,,,,,
,ELLIS,L,ALLDREDGE,,901054839,N,20260801,,,,,,,,,,,,,,N,,,,,,,,,,,
,HANNAH,,GUNTER,,901054857,N,20260801,,,,,,,,,,,,,,N,,,,,,,,,,,
,KEATON,R,STRICKLIN,,901054903,N,20260801,,,,,,,,,,,,,,N,,,,,,,,,,,
,JACKSON,D,LODDE,,901055089,N,20260801,,,,,,,,,,,,,,N,,,,,,,,,,,
,LUCY,F,ADAMS,,901055113,N,20260801,,,,,,,,,,,,,,N,,,,,,,,,,,
,HARLEY,G,STANLEY,,901055129,N,20260801,,,,,,,,,,,,,,N,,,,,,,,,,,
,HANNAH,C,DIAZ,,901055148,N,20260801,,,,,,,,,,,,,,N,,,,,,,,,,,
,SIENA,R,BOWDLER,,901055250,Y,20260801,001577-00,KENNESAW STATE UNIVERSITY,GA,4,Public,20260824,20261214,Q,B,ELEMENTARY EDUCATION INTEREST,131202,,,N,,,,,,,,,,,1
,KAILYN,G,CASH,,901055301,N,20260801,,,,,,,,,,,,,,N,,,,,,,,,,,
,JAIDYN,W,CORBETT,,901055325,N,20260801,,,,,,,,,,,,,,N,,,,,,,,,,,
,KAIRI,P,PRESSLEY,,901055329,N,20260801,,,,,,,,,,,,,,N,,,,,,,,,,,
,ALEXANDER,C,CAYIA,,901055331,Y,20260801,001588-00,PIEDMONT UNIVERSITY,GA,4,Private,20260812,20261208,F,S,CHEMISTRY,400501,,,N,,,,,,,,,,,1
,COLLIN,J,REESE,,901056394,N,20260801,,,,,,,,,,,,,,N,,,,,,,,,,,
,SCOUT,,RICH,,901056456,N,20260801,,,,,,,,,,,,,,N,,,,,,,,,,,
,MATTHEW,J,HOGUE,,901056458,N,20260801,,,,,,,,,,,,,,N,,,,,,,,,,,
,GUY,M,JOLLEY,,901056479,N,20260801,,,,,,,,,,,,,,N,,,,,,,,,,,
,VRAJ,V,THAKKAR,,901056488,N,20260801,,,,,,,,,,,,,,N,,,,,,,,,,,
,IRIS,,TREJO,,901056507,N,20260801,,,,,,,,,,,,,,N,,,,,,,,,,,
,KATE,E,MEEKER,,901056532,Y,20260801,001598-00,UNIVERSITY OF GEORGIA,GA,4,Public,20260512,20260803,F,B,BIOCHEM AND MOLECULAR BIOLOGY,260210,,,N,,,,,,,,,,,1
,ASAL,,GHANIM,,901056548,Y,20260801,001577-00,KENNESAW STATE UNIVERSITY,GA,4,Public,20260824,20261214,F,B,SOFTWARE ENGINEERING,140903,,,N,,,,,,,,,,,1
,KAHAN,S,PATEL,,901056565,N,20260801,,,,,,,,,,,,,,N,,,,,,,,,,,
,LILLIAN,T,GADDY,,901056573,Y,20260801,002981-00,WESTERN CAROLINA UNIVERSITY,NC,4,Public,20260817,20261211,F,B,INTEGRATED HEALTH SCIENCES,510000,,,N,,,,,,,,,,,1
,GEORGIA,G,GALLIGAN,,901054923,N,20260801,,,,,,,,,,,,,,N,,,,,,,,,,,
,HUDSON,J,YANCEY,,901054960,N,20260801,,,,,,,,,,,,,,N,,,,,,,,,,,
,KATYA,M,JASTRZEBSKI,,901054970,N,20260801,,,,,,,,,,,,,,N,,,,,,,,,,,
,KAMILA,,OLIVARES,,901054974,N,20260801,,,,,,,,,,,,,,N,,,,,,,,,,,
,SUSANA,,CADAVID-GIRALDO,,901054978,N,20260801,,,,,,,,,,,,,,N,,,,,,,,,,,
,LYDIA,A,LEDFORD,,901054983,Y,20260801,003529-00,UNIVERSITY OF TENNESSEE CHATTANOOGA,TN,4,Public,20260520,20260811,L,S,UNDECIDED,240199,,,N,,,,,,,,,,,1
,AUTUMN,H,BLACKWELL,,901054997,N,20260801,,,,,,,,,,,,,,N,,,,,,,,,,,
,MIKAYLA,,ATHA,,901054998,N,20260801,,,,,,,,,,,,,,N,,,,,,,,,,,
,ALEXIS,L,BUSH,,901055077,N,20260801,,,,,,,,,,,,,,N,,,,,,,,,,,
,BROOKS,,NEIDLINGER,,901056613,N,20260801,,,,,,,,,,,,,,N,,,,,,,,,,,
,ASHLEY,,QUISQUINA-ARREAGA,,901056645,N,20260801,,,,,,,,,,,,,,N,,,,,,,,,,,
,SIERRA,R,CRANE,,901056684,Y,20260801,001598-00,UNIVERSITY OF GEORGIA,GA,4,Public,20260512,20260803,F,B,BIOMEDICAL PHYSIOLOGY,260901,,,N,,,,,,,,,,,1
,SOFIA,V,JAIMES,,901056702,N,20260801,,,,,,,,,,,,,,N,,,,,,,,,,,
,MYLES,D,CARBIS,,901056703,N,20260801,,,,,,,,,,,,,,N,,,,,,,,,,,
,AVERY,M,MCBRIDE,,901056709,N,20260801,,,,,,,,,,,,,,N,,,,,,,,,,,
,FYSHER,L,BRAMBLETT,,901056713,N,20260801,,,,,,,,,,,,,,N,,,,,,,,,,,
,JACKSON,A,VOGT,,901056738,N,20260801,,,,,,,,,,,,,,N,,,,,,,,,,,
,MADELYN,E,CLIFFORD,,901056749,N,20260801,,,,,,,,,,,,,,N,,,,,,,,,,,
,RACHEL,C,ARLEDGE,,901055394,N,20260801,,,,,,,,,,,,,,N,,,,,,,,,,,
,AUSTIN,T,NAGY,,901055423,N,20260801,,,,,,,,,,,,,,N,,,,,,,,,,,
,MICHAEL,A,ZILBERT,,901055454,N,20260801,,,,,,,,,,,,,,N,,,,,,,,,,,
,AVA,J,ALLGOOD,,901055526,N,20260801,,,,,,,,,,,,,,N,,,,,,,,,,,
,COLE,W,FAUST,,901055537,N,20260801,,,,,,,,,,,,,,N,,,,,,,,,,,
,MATEO,,CANTOS,,901055601,N,20260801,,,,,,,,,,,,,,N,,,,,,,,,,,
,HAYDEN,B,HAND,,901055672,N,20260801,,,,,,,,,,,,,,N,,,,,,,,,,,
,STACY,L,MORRISON,,901055679,N,20260801,,,,,,,,,,,,,,N,,,,,,,,,,,
,LILLIAN,K,SEAY,,901055684,Y,20260801,001569-00,GEORGIA INSTITUTE OF TECHNOLOGY,GA,4,Public,20260518,20260806,H,B,PUBLIC POLICY,440501,,,N,,,,,,,,,,,1
,ROBERT,J,SILVERS,,901053156,Y,20260801,001577-00,KENNESAW STATE UNIVERSITY,GA,4,Public,20260824,20261214,F,B,AEROSPACE ENGINEERING,140201,,,N,,,,,,,,,,,1
,JUDSON,T,MARTIN,,901053179,N,20260801,,,,,,,,,,,,,,N,,,,,,,,,,,
,TASOS,P,METALLINOS,,901053317,N,20260801,,,,,,,,,,,,,,N,,,,,,,,,,,
,GRACE,E,NISSEN,,901053389,N,20260801,,,,,,,,,,,,,,N,,,,,,,,,,,
,DESTINY,S,SNAPP,,901053391,N,20260801,,,,,,,,,,,,,,N,,,,,,,,,,,
,ANNABELLE,R,ETIENNE,,901053395,N,20260801,,,,,,,,,,,,,,N,,,,,,,,,,,
,CAMDEN,R,GARFIELD,,901053398,N,20260801,,,,,,,,,,,,,,N,,,,,,,,,,,
,OLGUER,C,HERAS BOADA,,901053456,N,20260801,,,,,,,,,,,,,,N,,,,,,,,,,,
,IAN,A,SMOLKO,,901053548,N,20260801,,,,,,,,,,,,,,N,,,,,,,,,,,
,KASSIA,A,ROMANCHIK,,901055130,N,20260801,,,,,,,,,,,,,,N,,,,,,,,,,,
,SYDNEY,E,CLAYTON,,901055154,N,20260801,,,,,,,,,,,,,,N,,,,,,,,,,,
,KADEN,G,CHILDS,,901055217,N,20260801,,,,,,,,,,,,,,N,,,,,,,,,,,
,HALEY,A,KEMP,,901055270,N,20260801,,,,,,,,,,,,,,N,,,,,,,,,,,
,KEELIN,R,MCCRACKEN,,901055293,N,20260801,,,,,,,,,,,,,,N,,,,,,,,,,,
,ROSE,,BAWIHNEM,,901055429,N,20260801,,,,,,,,,,,,,,N,,,,,,,,,,,
,AUDREY,,CUNNINGHAM,,901055455,N,20260801,,,,,,,,,,,,,,N,,,,,,,,,,,
,CALLIE,L,BRIDGES,,901055539,N,20260801,,,,,,,,,,,,,,N,,,,,,,,,,,
,ZACHARY,J,JOHNSON,,901055596,N,20260801,,,,,,,,,,,,,,N,,,,,,,,,,,
,OLIVIA,,ENNS,,901055688,N,20260801,,,,,,,,,,,,,,N,,,,,,,,,,,
,CHANDLER,T,DEMORE,,901055697,N,20260801,,,,,,,,,,,,,,N,,,,,,,,,,,
,MATTHEW,J,HAAG,,901055720,Y,20260801,001598-00,UNIVERSITY OF GEORGIA,GA,4,Public,20260512,20260702,W,B,INTENDED FINANCE,520801,,,N,,,,,,,,,,,1
,BLAIR,,MOORE,,901055750,N,20260801,,,,,,,,,,,,,,N,,,,,,,,,,,
,BRENNAN,E,DAIGLE,,901055811,N,20260801,,,,,,,,,,,,,,N,,,,,,,,,,,
,BROOKE,L,SWEET,,901055932,N,20260801,,,,,,,,,,,,,,N,,,,,,,,,,,
,CONNOR,N,THOMSON,,901055978,N,20260801,,,,,,,,,,,,,,N,,,,,,,,,,,
,HUNTER,B,MEEKS,,901055980,N,20260801,,,,,,,,,,,,,,N,,,,,,,,,,,
,ANSLEE,E,HERRING,,901056063,N,20260801,,,,,,,,,,,,,,N,,,,,,,,,,,
,FRANCIS,R,KELLEY,,901056066,N,20260801,,,,,,,,,,,,,,N,,,,,,,,,,,
,ABIGAIL,M,GONYEA,,901056848,N,20260801,,,,,,,,,,,,,,N,,,,,,,,,,,
,JADON,L,ALLEN,,901056871,N,20260801,,,,,,,,,,,,,,N,,,,,,,,,,,
,JOZEF,M,JAHN,,901056894,N,20260801,,,,,,,,,,,,,,N,,,,,,,,,,,
,KAITLYN,G,HARRIS,,901056941,Y,20260801,001577-00,KENNESAW STATE UNIVERSITY,GA,4,Public,20260824,20261214,F,B,ACCOUNTING INTEREST,520301,,,N,,,,,,,,,,,1
,MICHAEL,R,HENRY,,901056944,N,20260801,,,,,,,,,,,,,,N,,,,,,,,,,,
,RUIEN,,HUANG,,901056963,N,20260801,,,,,,,,,,,,,,N,,,,,,,,,,,
,MADISON,E,MALAVE,,901056975,N,20260801,,,,,,,,,,,,,,N,,,,,,,,,,,
,JARED,,BOSTON,,901056999,N,20260801,,,,,,,,,,,,,,N,,,,,,,,,,,
,CHRISTOPHER,M,LEE,,901057072,N,20260801,,,,,,,,,,,,,,N,,,,,,,,,,,
,ELLA,R,MCLAIN,,901057074,N,20260801,,,,,,,,,,,,,,N,,,,,,,,,,,
,DANE,M,SAUNDERS,,901055698,N,20260801,,,,,,,,,,,,,,N,,,,,,,,,,,
,ZOEY,,LAYA-SOBH,,901055702,N,20260801,,,,,,,,,,,,,,N,,,,,,,,,,,
,SAINANDHIKA,,DINESHKUMAR,,901055818,N,20260801,,,,,,,,,,,,,,N,,,,,,,,,,,
,ELLA,C,BOWLES,,901055893,Y,20260801,001598-00,UNIVERSITY OF GEORGIA,GA,4,Public,20260512,20260803,F,B,INTENDED ADVERTISING,090903,,,N,,,,,,,,,,,1
,GRIFFIN,,LANDUA,,901055910,N,20260801,,,,,,,,,,,,,,N,,,,,,,,,,,
,AYSLEA,H,CHISHOLM,,901055917,N,20260801,,,,,,,,,,,,,,N,,,,,,,,,,,
,AVA,W,BLAKELY,,901055984,N,20260801,,,,,,,,,,,,,,N,,,,,,,,,,,
,RYAN,D,SMITH,,901055999,Y,20260801,001577-00,KENNESAW STATE UNIVERSITY,GA,4,Public,20260824,20261214,F,B,MANAGEMENT INTEREST,520201,,,N,,,,,,,,,,,1
,ELLIS,L,BECHER,,901056012,N,20260801,,,,,,,,,,,,,,N,,,,,,,,,,,
,ROBERT,M,BRADY,,901056030,N,20260801,,,,,,,,,,,,,,N,,,,,,,,,,,
,ZACARIA,A,BENNANI,,901056214,Y,20260801,001577-00,KENNESAW STATE UNIVERSITY,GA,4,Public,20260824,20261214,F,B,AEROSPACE ENGINEERING,140201,,,N,,,,,,,,,,,1
,JACK,K,MILLICAN,,901056229,N,20260801,,,,,,,,,,,,,,N,,,,,,,,,,,
,GABRIELLE,H,SWEATMAN,,901056258,N,20260801,,,,,,,,,,,,,,N,,,,,,,,,,,
,LAURA,F,WILLIS,,901056266,N,20260801,,,,,,,,,,,,,,N,,,,,,,,,,,
,TIFFANI,A,SCRUGGS,,901056312,N,20260801,,,,,,,,,,,,,,N,,,,,,,,,,,
,CHARLIE,V,THIGPEN,,901056442,N,20260801,,,,,,,,,,,,,,N,,,,,,,,,,,
,LAUREN,C,BELL,,901056449,N,20260801,,,,,,,,,,,,,,N,,,,,,,,,,,
,KATHRYN,M,RICKERT,,901056470,N,20260801,,,,,,,,,,,,,,N,,,,,,,,,,,
,XAVIER,W,DEEKEN,,901056482,N,20260801,,,,,,,,,,,,,,N,,,,,,,,,,,
,ISAAC,,CUMMINGS,,901056487,N,20260801,,,,,,,,,,,,,,N,,,,,,,,,,,
,BLANE,,BANKS,,901056499,Y,20260801,001577-00,KENNESAW STATE UNIVERSITY,GA,4,Public,20260824,20261214,F,B,ELECTRICAL ENGINEERING,141001,,,N,,,,,,,,,,,1
,CALEB,B,PEARRE,,901056604,N,20260801,,,,,,,,,,,,,,N,,,,,,,,,,,
,ANA,S,DRERUP,,901056609,N,20260801,,,,,,,,,,,,,,N,,,,,,,,,,,
,AVANI,R,PATEL,,901056700,Y,20260801,001574-00,GEORGIA STATE UNIVERSITY,GA,4,Public,20260511,20260803,H,S,EXPLORATORY,240102,,,N,,,,,,,,,,,1
,PARKER,L,RIALS,,901056710,N,20260801,,,,,,,,,,,,,,N,,,,,,,,,,,
,OLIVIA,M,WALLS,,901056756,N,20260801,,,,,,,,,,,,,,N,,,,,,,,,,,
,SADIE,J,HALE,,901056857,N,20260801,,,,,,,,,,,,,,N,,,,,,,,,,,
,KATHRYN,V,DUROCHER,,901056859,N,20260801,,,,,,,,,,,,,,N,,,,,,,,,,,
,LUKE,A,SLEDGE,,901056887,N,20260801,,,,,,,,,,,,,,N,,,,,,,,,,,
,SHILOH,,ALLEN,,901056889,N,20260801,,,,,,,,,,,,,,N,,,,,,,,,,,
,HUDSON,C,STEPHENS,,901056900,N,20260801,,,,,,,,,,,,,,N,,,,,,,,,,,
,EMILIA,M,SZYLMAN,,901056921,N,20260801,,,,,,,,,,,,,,N,,,,,,,,,,,
,MACIEJ,A,SZYLMAN,,901056922,N,20260801,,,,,,,,,,,,,,N,,,,,,,,,,,
,YANLE,,SUN,,901056964,N,20260801,,,,,,,,,,,,,,N,,,,,,,,,,,
,MUYANG,,HAN,,901056966,N,20260801,,,,,,,,,,,,,,N,,,,,,,,,,,
,MARY,E,LAING,,901057033,N,20260801,,,,,,,,,,,,,,N,,,,,,,,,,,
,PEYTON,T,MAGEE,,901057039,N,20260801,,,,,,,,,,,,,,N,,,,,,,,,,,
,NATALIE,C,WATTERSON,,901057050,Y,20260801,001577-00,KENNESAW STATE UNIVERSITY,GA,4,Public,20260824,20261214,F,B,ART,500701,MARKETING INTEREST,521401,N,,,,,,,,,,,1
,NICOLAS,,AREIZA,,901057076,N,20260801,,,,,,,,,,,,,,N,,,,,,,,,,,
,BENJAMIN,E,SNIPES,,901057098,N,20260801,,,,,,,,,,,,,,N,,,,,,,,,,,
,CHLOE,E,PARRISH,,901057104,N,20260801,,,,,,,,,,,,,,N,,,,,,,,,,,
,KAITLIN,E,LAI,,901057166,N,20260801,,,,,,,,,,,,,,N,,,,,,,,,,,
,KAYLEE,L,JENKINS,,901057170,N,20260801,,,,,,,,,,,,,,N,,,,,,,,,,,
,JOHN,M,INSALACA,,901057209,Y,20260801,001577-00,KENNESAW STATE UNIVERSITY,GA,4,Public,20260824,20261214,Q,B,BIOLOGY,260101,,,N,,,,,,,,,,,1
,LITSSY,,FLORES-VILLATORO,,901057257,N,20260801,,,,,,,,,,,,,,N,,,,,,,,,,,
,CARTER,,DILLARD,,901057303,N,20260801,,,,,,,,,,,,,,N,,,,,,,,,,,
,ISABELLA,A,SPERBECK,,901057312,N,20260801,,,,,,,,,,,,,,N,,,,,,,,,,,
,GRANT,C,HOOD,,901053556,N,20260801,,,,,,,,,,,,,,N,,,,,,,,,,,
,JOSHUA,W,KITCHEN,,901053567,N,20260801,,,,,,,,,,,,,,N,,,,,,,,,,,
,JACKSON,A,PRIMO,,901053577,N,20260801,,,,,,,,,,,,,,N,,,,,,,,,,,
,DARYA,,AKATEV,,901053605,N,20260801,,,,,,,,,,,,,,N,,,,,,,,,,,
,EMMA,R,SMALLWOOD,,901053623,N,20260801,,,,,,,,,,,,,,N,,,,,,,,,,,
,RICARDO,M,ZUNIGA,,901053716,Y,20260801,001577-00,KENNESAW STATE UNIVERSITY,GA,4,Public,20260824,20261214,F,B,MECHANICAL ENGINEERING,141901,,,N,,,,,,,,,,,1
,BRODY,J,GILLUM,,901053725,N,20260801,,,,,,,,,,,,,,N,,,,,,,,,,,
,BELLA,G,GILLUM,,901053730,N,20260801,,,,,,,,,,,,,,N,,,,,,,,,,,
,LONDON,B,HAMMOCK,,901053739,N,20260801,,,,,,,,,,,,,,N,,,,,,,,,,,
,NICHOLAS,,ZAX,,901056119,N,20260801,,,,,,,,,,,,,,N,,,,,,,,,,,
,MOLLY,B,TAYLOR,,901056153,N,20260801,,,,,,,,,,,,,,N,,,,,,,,,,,
,CHARLSIE,,ANDERSON,,901056196,N,20260801,,,,,,,,,,,,,,N,,,,,,,,,,,
,NIKHETH,R,KANALA,,901056209,N,20260801,,,,,,,,,,,,,,N,,,,,,,,,,,
,AUSTIN,A,SCHWERZLER,,901056228,N,20260801,,,,,,,,,,,,,,N,,,,,,,,,,,
,FREEMAN,,XU,,901056237,Y,20260801,001598-00,UNIVERSITY OF GEORGIA,GA,4,Public,20260512,20260803,F,B,AGRICULTURAL AND APPLIED ECON,010103,,,N,,,,,,,,,,,1
,JOSHUA,E,IVEY,,901056243,N,20260801,,,,,,,,,,,,,,N,,,,,,,,,,,
,ELIZABETH,,SERRATO,,901056363,N,20260801,,,,,,,,,,,,,,N,,,,,,,,,,,
,DENIS,S,VILLATORO ZELAYANDIA,,901056405,N,20260801,,,,,,,,,,,,,,N,,,,,,,,,,,
,SARAH,M,HACKETT,,901057131,N,20260801,,,,,,,,,,,,,,N,,,,,,,,,,,
,JOSHUA,P,JUMPER,,901057148,Y,20260801,001577-00,KENNESAW STATE UNIVERSITY,GA,4,Public,20260824,20261214,Q,B,COMPUTER ENGINEERING,140901,,,N,,,,,,,,,,,1
,ATHENA,,SHINOY,,901057174,N,20260801,,,,,,,,,,,,,,N,,,,,,,,,,,
,AUDREY,,GRAHAM,,901057258,N,20260801,,,,,,,,,,,,,,N,,,,,,,,,,,
,ALLISON,H,DAUGHERTY,,901057314,N,20260801,,,,,,,,,,,,,,N,,,,,,,,,,,
,FIONA,F,RICHARDSON,,901057320,N,20260801,,,,,,,,,,,,,,N,,,,,,,,,,,
,AHMAYA,E,REED,,901057321,N,20260801,,,,,,,,,,,,,,N,,,,,,,,,,,
,GRACIE,,DAY,,901057354,N,20260801,,,,,,,,,,,,,,N,,,,,,,,,,,
,GRACE,L,BELL,,901057356,Y,20260801,001598-00,UNIVERSITY OF GEORGIA,GA,4,Public,20260512,20260803,H,B,BIOLOGY,260101,,,N,,,,,,,,,,,1
,DHANYA,,MUTHUSELVAN,,901053814,N,20260801,,,,,,,,,,,,,,N,,,,,,,,,,,
,LAURA,L,MORRIS,,901053825,N,20260801,,,,,,,,,,,,,,N,,,,,,,,,,,
,ETHAN,C,THOMAS,,901053826,N,20260801,,,,,,,,,,,,,,N,,,,,,,,,,,
,PIPER,R,SPENCE-VAUGHAN,,901053879,N,20260801,,,,,,,,,,,,,,N,,,,,,,,,,,
,JIYA,P,PATEL,,901053891,N,20260801,,,,,,,,,,,,,,N,,,,,,,,,,,
,JORDIN,E,FINDLAY,,901054023,N,20260801,,,,,,,,,,,,,,N,,,,,,,,,,,
,SRI,,ATLURI,,901054090,N,20260801,,,,,,,,,,,,,,N,,,,,,,,,,,
,EMMA,,KOPETCHAK,,901054110,Y,20260801,001579-00,AUGUSTA UNIVERSITY,GA,4,Public,20260518,20260806,Q,B,KINESIOLOGY,310505,,,N,,,,,,,,,,,1
,ALEXIS,M,HOWE,,901054121,N,20260801,,,,,,,,,,,,,,N,,,,,,,,,,,
,BOWEN,R,HOWELL,,901057342,N,20260801,,,,,,,,,,,,,,N,,,,,,,,,,,
,JACOB,A,PILLITTERE,,901057345,N,20260801,,,,,,,,,,,,,,N,,,,,,,,,,,
,CARRIE,J,PIERCE,,901057355,N,20260801,,,,,,,,,,,,,,N,,,,,,,,,,,
,NATHAN,D,RICHARDSON,,901057362,N,20260801,,,,,,,,,,,,,,N,,,,,,,,,,,
,ELINA,J,DE KLEIJN,,901057394,N,20260801,,,,,,,,,,,,,,N,,,,,,,,,,,
,BELLA,K,YANTIS,,901057395,N,20260801,,,,,,,,,,,,,,N,,,,,,,,,,,
,ANSLEY,E,ROSINSKI,,901057430,Y,20260801,001577-00,KENNESAW STATE UNIVERSITY,GA,4,Public,20260824,20261214,F,B,CHEMISTRY,400501,,,N,,,,,,,,,,,1
,MEGAN,A,GEHRTS,,901057431,N,20260801,,,,,,,,,,,,,,N,,,,,,,,,,,
,LIYA,,FERGUSON,,901057510,Y,20260801,003446-00,SOUTH CAROLINA STATE UNIVERSITY,SC,4,Public,20260810,20261210,F,S,PROF CHEM PRE HEALTH CAREER,400501,,,N,,,,,,,,,,,1
,DECLAN,N,RHODES,,901057616,N,20260801,,,,,,,,,,,,,,N,,,,,,,,,,,
,TY,J,CASTRO,,901056454,N,20260801,,,,,,,,,,,,,,N,,,,,,,,,,,
,KAVON,M,MULLINS,,901056510,N,20260801,,,,,,,,,,,,,,N,,,,,,,,,,,
,ALINA,,MIRTOV,,901056590,N,20260801,,,,,,,,,,,,,,N,,,,,,,,,,,
,WILLIAM,R,CARR-SCHAFFRAN,,901056603,N,20260801,,,,,,,,,,,,,,N,,,,,,,,,,,
,BAYLA,W,JOHNSON,,901056611,N,20260801,,,,,,,,,,,,,,N,,,,,,,,,,,
,MCKENZIE,,NANNENHORN,,901056661,N,20260801,,,,,,,,,,,,,,N,,,,,,,,,,,
,TYSON,D,ENGLAND,,901056704,N,20260801,,,,,,,,,,,,,,N,,,,,,,,,,,
,AVA,G,UPTON,,901056712,N,20260801,,,,,,,,,,,,,,N,,,,,,,,,,,
,EASTON,S,MCNAIR,,901056776,N,20260801,,,,,,,,,,,,,,N,,,,,,,,,,,
,RYLIE,A,RICHARDSON,,901056802,N,20260801,,,,,,,,,,,,,,N,,,,,,,,,,,
,ETHAN,L,POOLE,,901057633,N,20260801,,,,,,,,,,,,,,N,,,,,,,,,,,
,ADANILKA,,CASTANO,,901057662,N,20260801,,,,,,,,,,,,,,N,,,,,,,,,,,
,KHADEJA,,DUBOSE,,901057673,N,20260801,,,,,,,,,,,,,,N,,,,,,,,,,,
,KRISH,,BHUTIYANI,,901057705,Y,20260801,001598-00,UNIVERSITY OF GEORGIA,GA,4,Public,20260512,20260803,F,B,BIOLOGY,260101,,,N,,,,,,,,,,,1
,DREW,C,ISAACSON,,901057718,Y,20260801,001598-00,UNIVERSITY OF GEORGIA,GA,4,Public,20260512,20260803,L,B,INTENDED RISK MGMT INSUR,521701,,,N,,,,,,,,,,,1
,GENEVIEVE,C,WHITFIELD,,901057762,N,20260801,,,,,,,,,,,,,,N,,,,,,,,,,,
,EMILY,T,PITTMAN,,901057787,N,20260801,,,,,,,,,,,,,,N,,,,,,,,,,,
,AVA,K,BRAXTON,,901057811,N,20260801,,,,,,,,,,,,,,N,,,,,,,,,,,
,ANNABELLA,J,HUSKEY,,901057898,N,20260801,,,,,,,,,,,,,,N,,,,,,,,,,,
,SHEA,M,VERSTRAETE,,901057900,N,20260801,,,,,,,,,,,,,,N,,,,,,,,,,,
,ALEXANDER,M,MARTIN,,901057995,Y,20260801,001577-00,KENNESAW STATE UNIVERSITY,GA,4,Public,20260824,20261214,Q,B,CIVIL ENGINEERING,140801,,,N,,,,,,,,,,,1
,RIVER,L,FOWELLS,,901058040,N,20260801,,,,,,,,,,,,,,N,,,,,,,,,,,
,GEORGIA,,CLAEYS,,901058187,Y,20260801,001598-00,UNIVERSITY OF GEORGIA,GA,4,Public,20260512,20260803,H,B,INTENDED EXERCISE AND SPORT SC,310505,,,N,,,,,,,,,,,1
,EMMA,G,BAUGH,,901058212,N,20260801,,,,,,,,,,,,,,N,,,,,,,,,,,
,ANSH,A,CHHABHAYA,,901058262,N,20260801,,,,,,,,,,,,,,N,,,,,,,,,,,
,SINCHANA,,SANTOSH,,901058306,N,20260801,,,,,,,,,,,,,,N,,,,,,,,,,,
,GREYSON,D,KIRKCONNELL,,901058420,N,20260801,,,,,,,,,,,,,,N,,,,,,,,,,,
,ELIANA,B,REISMAN,,901058429,N,20260801,,,,,,,,,,,,,,N,,,,,,,,,,,
,AVERY,G,ANTHONY,,901058446,N,20260801,,,,,,,,,,,,,,N,,,,,,,,,,,
,LILA KATE,K,BUSH,,901058453,N,20260801,,,,,,,,,,,,,,N,,,,,,,,,,,
,AMELIA,M,BABCOCK,,901058456,N,20260801,,,,,,,,,,,,,,N,,,,,,,,,,,
,NIYAH,,THEUS,,901058484,N,20260801,,,,,,,,,,,,,,N,,,,,,,,,,,
,OLIVIA,M,CHERSKOV,,901058494,N,20260801,,,,,,,,,,,,,,N,,,,,,,,,,,
,MARIOJOSE,,AGUIRRE,,901058526,N,20260801,,,,,,,,,,,,,,N,,,,,,,,,,,
,AVA,G,COOPER,,901058552,N,20260801,,,,,,,,,,,,,,N,,,,,,,,,,,
,CHLOE,M,STRATTAN,,901058567,N,20260801,,,,,,,,,,,,,,N,,,,,,,,,,,
,HUDSON,C,YORK,,901058602,N,20260801,,,,,,,,,,,,,,N,,,,,,,,,,,
,LUKE,,ARAVE,,901056805,N,20260801,,,,,,,,,,,,,,N,,,,,,,,,,,
,MOLLY,G,MCGUIRE,,901056806,N,20260801,,,,,,,,,,,,,,N,,,,,,,,,,,
,DYLAN,,BEAL,,901056810,Y,20260801,001577-00,KENNESAW STATE UNIVERSITY,GA,4,Public,20260824,20261214,F,B,MECHATRONICS ENGINEERING,144201,,,N,,,,,,,,,,,1
,MICHAEL,,STACHELCZYK,,901056816,N,20260801,,,,,,,,,,,,,,N,,,,,,,,,,,
,NAOMI,G,CHEELY,,901056860,N,20260801,,,,,,,,,,,,,,N,,,,,,,,,,,
,ADDISON,R,WASHINGTON,,901056878,N,20260801,,,,,,,,,,,,,,N,,,,,,,,,,,
,KELLIS,G,MORAN,,901056904,N,20260801,,,,,,,,,,,,,,N,,,,,,,,,,,
,MEGAN,K,MILLER,,901056948,N,20260801,,,,,,,,,,,,,,N,,,,,,,,,,,
,MASON,S,COMBS,,901056962,N,20260801,,,,,,,,,,,,,,N,,,,,,,,,,,
,FERNANDO,J,TORRES LEON,,901057505,N,20260801,,,,,,,,,,,,,,N,,,,,,,,,,,
,JOSHUA,D,WINTERS,,901057517,N,20260801,,,,,,,,,,,,,,N,,,,,,,,,,,
,GRACE,M,KOSTER,,901057520,N,20260801,,,,,,,,,,,,,,N,,,,,,,,,,,
,AVA,L,DENHAM,,901057534,N,20260801,,,,,,,,,,,,,,N,,,,,,,,,,,
,BRETT,A,KIMSEY,,901057654,N,20260801,,,,,,,,,,,,,,N,,,,,,,,,,,
,SOFIA,F,MCDONALD,,901057738,N,20260801,,,,,,,,,,,,,,N,,,,,,,,,,,
,JIYA,P,PATEL,,901057813,Y,20260801,001598-00,UNIVERSITY OF GEORGIA,GA,4,Public,20260512,20260803,H,B,BIOMEDICAL PHYSIOLOGY,260901,,,N,,,,,,,,,,,1
,DYLAN,C,HOARD,,901057821,N,20260801,,,,,,,,,,,,,,N,,,,,,,,,,,
,OLIVIA,S,GOLATT,,901057878,N,20260801,,,,,,,,,,,,,,N,,,,,,,,,,,
,CALAH,,MILEY,,901057949,N,20260801,,,,,,,,,,,,,,N,,,,,,,,,,,
,AVA,C,EASON,,901058636,Y,20260801,001598-00,UNIVERSITY OF GEORGIA,GA,4,Public,20260512,20260803,H,B,PSYCHOLOGY,420101,,,N,,,,,,,,,,,1
,ZANE,M,PHELPS,,901058637,N,20260801,,,,,,,,,,,,,,N,,,,,,,,,,,
,DOMINIC,J,ELAM,,901058644,N,20260801,,,,,,,,,,,,,,N,,,,,,,,,,,
,PEYTON,M,BYRNE,,901058685,N,20260801,,,,,,,,,,,,,,N,,,,,,,,,,,
,ATHARVA,,SOMYAJULA,,901058722,N,20260801,,,,,,,,,,,,,,N,,,,,,,,,,,
,FINN,G,THORESEN,,901058869,Y,20260801,001577-00,KENNESAW STATE UNIVERSITY,GA,4,Public,20260824,20261214,F,B,FOCUS AREA BUSINESS MGMT,240102,,,N,,,,,,,,,,,1
,KACI,E,WASHINGTON,,901058890,N,20260801,,,,,,,,,,,,,,N,,,,,,,,,,,
,ALVIN,D,ASIEDU,,901059050,Y,20260801,001577-00,KENNESAW STATE UNIVERSITY,GA,4,Public,20260824,20261214,H,B,COMPUTER SCIENCE,110701,,,N,,,,,,,,,,,1
,ALEXANDER,,PERALTA,,901059085,N,20260801,,,,,,,,,,,,,,N,,,,,,,,,,,
,MARIANNE,,ZERRATE LOPEZ,,901057030,N,20260801,,,,,,,,,,,,,,N,,,,,,,,,,,
,MAXWELL,G,CAUDLE,,901057038,N,20260801,,,,,,,,,,,,,,N,,,,,,,,,,,
,DAVID,G,MCCLAIN,,901057081,N,20260801,,,,,,,,,,,,,,N,,,,,,,,,,,
,JASMINE,,LOCKAMY,,901057083,N,20260801,,,,,,,,,,,,,,N,,,,,,,,,,,
,TAYLOR,B,PAYNE,,901057103,N,20260801,,,,,,,,,,,,,,N,,,,,,,,,,,
,JIABEI,,YANG,,901057122,N,20260801,,,,,,,,,,,,,,N,,,,,,,,,,,
,RILEIGH,M,ELROD,,901057137,N,20260801,,,,,,,,,,,,,,N,,,,,,,,,,,
,CHRISTIAN,S,OSMON,,901057203,N,20260801,,,,,,,,,,,,,,N,,,,,,,,,,,
,SARAH,K,STRICKLAND,,901057206,N,20260801,,,,,,,,,,,,,,N,,,,,,,,,,,
,JOHN,S,BRAND,,901059104,N,20260801,,,,,,,,,,,,,,N,,,,,,,,,,,
,PRESTON,,YORK,,901059187,Y,20260801,001577-00,KENNESAW STATE UNIVERSITY,GA,4,Public,20260824,20261214,F,B,COMPUTER GAME DESIGN DEV,110204,,,N,,,,,,,,,,,1
,TANYA,R,NALLANI,,901059214,N,20260801,,,,,,,,,,,,,,N,,,,,,,,,,,
,NICHOLAS,A,ADAMS,,901059397,N,20260801,,,,,,,,,,,,,,N,,,,,,,,,,,
,ARIA,E,MURPHY,,901059486,Y,20260801,001577-00,KENNESAW STATE UNIVERSITY,GA,4,Public,20260824,20261214,F,B,MODERN LANGUAGE CULTURE,160101,,,N,,,,,,,,,,,1
,BLAKE,E,THOMAS,,901059503,N,20260801,,,,,,,,,,,,,,N,,,,,,,,,,,
,ANTHONY,A,PETERS,,901059556,N,20260801,,,,,,,,,,,,,,N,,,,,,,,,,,
,ALEXIS,M,BLAKE,,901059596,Y,20260801,001577-00,KENNESAW STATE UNIVERSITY,GA,4,Public,20260824,20261214,F,B,PSYCHOLOGY,420101,,,N,,,,,,,,,,,1
,ALEXIS,D,SHORT,,901059612,N,20260801,,,,,,,,,,,,,,N,,,,,,,,,,,
,SARA,G,WORLEY,,901057989,N,20260801,,,,,,,,,,,,,,N,,,,,,,,,,,
,BRADY,W,BOWMAN,,901058050,Y,20260801,001598-00,UNIVERSITY OF GEORGIA,GA,4,Public,20260512,20260803,H,B,INTENDED FINANCE,520801,,,N,,,,,,,,,,,1
,HUDSON,R,WHEELER,,901058051,N,20260801,,,,,,,,,,,,,,N,,,,,,,,,,,
,SARAH,,PATE,,901058070,N,20260801,,,,,,,,,,,,,,N,,,,,,,,,,,
,VICTOR,,DELGADO GASKIN,,901058086,N,20260801,,,,,,,,,,,,,,N,,,,,,,,,,,
,AMEYA,,SANKAR,,901058175,N,20260801,,,,,,,,,,,,,,N,,,,,,,,,,,
,JOHN,A,LATHEM,,901058202,N,20260801,,,,,,,,,,,,,,N,,,,,,,,,,,
,JACK,T,OSORIO,,901058227,N,20260801,,,,,,,,,,,,,,N,,,,,,,,,,,
,JASON,,FRIMPONG,,901058289,N,20260801,,,,,,,,,,,,,,N,,,,,,,,,,,
,CHARLOTTE,A,GIBSON,,901058312,N,20260801,,,,,,,,,,,,,,N,,,,,,,,,,,
,BAILEY,M,WILSON,,901059618,N,20260801,,,,,,,,,,,,,,N,,,,,,,,,,,
,CHARLES,D,SOTO,,901059758,Y,20260801,001598-00,UNIVERSITY OF GEORGIA,GA,4,Public,20260512,20260803,H,B,INTENDED MANAGEMENT,520201,,,N,,,,,,,,,,,1
,LUKE,M,LAVIN,,901059816,N,20260801,,,,,,,,,,,,,,N,,,,,,,,,,,
,SHREYAS,,YELDANDI,,901059830,N,20260801,,,,,,,,,,,,,,N,,,,,,,,,,,
,JACOB,P,HALL,,901059842,N,20260801,,,,,,,,,,,,,,N,,,,,,,,,,,
,KALEY,E,WOOD,,901059948,N,20260801,,,,,,,,,,,,,,N,,,,,,,,,,,
,ISAAC,,HESTER,,901060047,N,20260801,,,,,,,,,,,,,,N,,,,,,,,,,,
,ETHANIEL,M,MARTINEZ,,901060066,N,20260801,,,,,,,,,,,,,,N,,,,,,,,,,,
,GABRIEL,A,SILVA,,901060085,Y,20260801,001577-00,KENNESAW STATE UNIVERSITY,GA,4,Public,20260824,20261214,F,B,ELECTRICAL ENGINEERING,141001,,,N,,,,,,,,,,,1
,REBECA,J,ROCHA TRUJILLO,,901058411,N,20260801,,,,,,,,,,,,,,N,,,,,,,,,,,
,REESE,S,LEWIS,,901058431,N,20260801,,,,,,,,,,,,,,N,,,,,,,,,,,
,LILLIAN,,DUNN,,901058464,N,20260801,,,,,,,,,,,,,,N,,,,,,,,,,,
,THOMAS,,DOBBS,,901058478,N,20260801,,,,,,,,,,,,,,N,,,,,,,,,,,
,MATTHEW,,THOMAS,,901058563,N,20260801,,,,,,,,,,,,,,N,,,,,,,,,,,
,NICHOLAS,X,DECOUFLE,,901058624,Y,20260801,001598-00,UNIVERSITY OF GEORGIA,GA,4,Public,20260512,20260708,W,B,INTENDED REAL ESTATE,521501,,,N,,,,,,,,,,,1
,JACOB,S,SOUDER,,901058626,N,20260801,,,,,,,,,,,,,,N,,,,,,,,,,,
,ALIVIA,A,NAGEL,,901058634,N,20260801,,,,,,,,,,,,,,N,,,,,,,,,,,
,BRALYNN,K,STANLEY,,901058730,N,20260801,,,,,,,,,,,,,,N,,,,,,,,,,,
,BRIAN,B,NGO,,901057217,N,20260801,,,,,,,,,,,,,,N,,,,,,,,,,,
,CALEB,P,STREER,,901057231,N,20260801,,,,,,,,,,,,,,N,,,,,,,,,,,
,ELLOREE,R,HATCHER,,901057300,N,20260801,,,,,,,,,,,,,,N,,,,,,,,,,,
,ANSLEE,B,SLOAN,,901057339,N,20260801,,,,,,,,,,,,,,N,,,,,,,,,,,
,CRAIG,M,LEWIS,,901057364,N,20260801,,,,,,,,,,,,,,N,,,,,,,,,,,
,JESSICA,L,TRAN,,901057387,N,20260801,,,,,,,,,,,,,,N,,,,,,,,,,,
,REISE,L,FREDERICK,,901057421,N,20260801,,,,,,,,,,,,,,N,,,,,,,,,,,
,CHRISTOPHER,B,ATKINSON,,901057458,Y,20260801,001577-00,KENNESAW STATE UNIVERSITY,GA,4,Public,20260824,20261214,F,B,ELECTRICAL ENGINEERING,141001,,,N,,,,,,,,,,,1
,SOFIA,M,COMEGLIO,,901057464,N,20260801,,,,,,,,,,,,,,N,,,,,,,,,,,
,ISABELLA,,ARCHUNDIA,,901060118,N,20260801,,,,,,,,,,,,,,N,,,,,,,,,,,
,GAOZONG,F,KHANG,,901060676,Y,20260801,001598-00,UNIVERSITY OF GEORGIA,GA,4,Public,20260512,20260803,H,B,INTENDED ADVERTISING,090903,INTENDED MARKETING,521401,N,,,,,,,,,,,1
,HILL,H,JONES,,901060797,N,20260801,,,,,,,,,,,,,,N,,,,,,,,,,,
,ELLA,R,RITTENGER,,901061248,N,20260801,,,,,,,,,,,,,,N,,,,,,,,,,,
,MADISON,T,DAVIS,,901061394,N,20260801,,,,,,,,,,,,,,N,,,,,,,,,,,
,SHAVANI,O,PAGE,,901061464,N,20260801,,,,,,,,,,,,,,N,,,,,,,,,,,
,ZEINA,A,GASSER,,901061486,N,20260801,,,,,,,,,,,,,,N,,,,,,,,,,,
,MITHIN,,AVVARU,,901061544,N,20260801,,,,,,,,,,,,,,N,,,,,,,,,,,
,AUBREE,,CLARK,,901061555,N,20260801,,,,,,,,,,,,,,N,,,,,,,,,,,
,ABIGAIL,L,GREY,,901054162,N,20260801,,,,,,,,,,,,,,N,,,,,,,,,,,
,JAMES,M,DAVIS,,901054174,N,20260801,,,,,,,,,,,,,,N,,,,,,,,,,,
,MARGARET,S,ALLEN,,901054179,N,20260801,,,,,,,,,,,,,,N,,,,,,,,,,,
,AIYANA,S,DONLEY,,901054180,Y,20260801,001577-00,KENNESAW STATE UNIVERSITY,GA,4,Public,20260824,20261214,F,B,MEDIA ENTERTAINMENT,090702,,,N,,,,,,,,,,,1
,LILLIAN,K,CROPP,,901054188,N,20260801,,,,,,,,,,,,,,N,,,,,,,,,,,
,AREMONI,,TORRES,,901054251,N,20260801,,,,,,,,,,,,,,N,,,,,,,,,,,
,SERA,F,SHARP,,901054405,N,20260801,,,,,,,,,,,,,,N,,,,,,,,,,,
,CAITLIN,K,O'MARA,,901054417,Y,20260801,001577-00,KENNESAW STATE UNIVERSITY,GA,4,Public,20260824,20261214,F,B,CIVIL ENGINEERING,140801,,,N,,,,,,,,,,,1
,SRIKA,,YALAGAPALLI,,901054418,N,20260801,,,,,,,,,,,,,,N,,,,,,,,,,,
,SAVANNAH,H,STEELE,,901061562,N,20260801,,,,,,,,,,,,,,N,,,,,,,,,,,
,BRIAN,E,BELL,,901061579,N,20260801,,,,,,,,,,,,,,N,,,,,,,,,,,
,BENTON,A,STREUBER,,901061688,Y,20260801,003448-00,UNIVERSITY OF SOUTH CAROLINA,SC,4,Public,20260816,20261214,F,S,COMMUNICATION,090100,,,N,,,,,,,,,,,1
,MATTHEW,B,MCCOY,,901061695,N,20260801,,,,,,,,,,,,,,N,,,,,,,,,,,
,BRITTANY,,WILLIAMS,,901061698,N,20260801,,,,,,,,,,,,,,N,,,,,,,,,,,
,CHRISTOPHER,B,SOSEBEE,,901061701,N,20260801,,,,,,,,,,,,,,N,,,,,,,,,,,
,ANGELICA,,JIMENEZ,,901061710,N,20260801,,,,,,,,,,,,,,N,,,,,,,,,,,
,THADDAEUS,D,WATERWORTH,,901061711,N,20260801,,,,,,,,,,,,,,N,,,,,,,,,,,
,MILENA,E,PLUMLEE,,901061732,N,20260801,,,,,,,,,,,,,,N,,,,,,,,,,,
,KENDALL,I,HUDGENS,,901058741,N,20260801,,,,,,,,,,,,,,N,,,,,,,,,,,
,KATHERINE,G,ANDREWS,,901058760,N,20260801,,,,,,,,,,,,,,N,,,,,,,,,,,
,RIYA,,GUPTA,,901058768,N,20260801,,,,,,,,,,,,,,N,,,,,,,,,,,
,KHLOE,S,ROBERTSON,,901058831,Y,20260801,003446-00,SOUTH CAROLINA STATE UNIVERSITY,SC,4,Public,20260810,20261210,F,F,MECHANICAL ENGI TECH,150805,,,N,,,,,,,,,,,1
,JACOB,C,WHITE,,901058837,N,20260801,,,,,,,,,,,,,,N,,,,,,,,,,,
,MEGAN,M,GRAVES,,901058844,Y,20260801,001577-00,KENNESAW STATE UNIVERSITY,GA,4,Public,20260824,20261214,F,B,INTEGRATED HEALTH SCIENCE,510000,,,N,,,,,,,,,,,1
,SHRIYA,,LAKSHMI NARASIMHAN,,901058964,N,20260801,,,,,,,,,,,,,,N,,,,,,,,,,,
,SARAH,D,MILLER,,901058972,N,20260801,,,,,,,,,,,,,,N,,,,,,,,,,,
,KAYLA,S,GRIFFIN,,901058978,N,20260801,,,,,,,,,,,,,,N,,,,,,,,,,,
,ANSLEY,S,BREMUS,,901057500,N,20260801,,,,,,,,,,,,,,N,,,,,,,,,,,
,RYAN,D,TOBIAS,,901057591,N,20260801,,,,,,,,,,,,,,N,,,,,,,,,,,
,ADDISON,P,HORNE,,901057598,Y,20260801,001598-00,UNIVERSITY OF GEORGIA,GA,4,Public,20260512,20260803,H,B,BIOLOGY,260101,,,N,,,,,,,,,,,1
,ADDISON,P,HORNE,,901057598,Y,20260801,001586-00,OGLETHORPE UNIVERSITY,GA,4,Private,20260518,20260807,L,F,,,,,N,,,,,,,,,,,2
,JORDAN,L,KOTTER,,901057617,N,20260801,,,,,,,,,,,,,,N,,,,,,,,,,,
,HUGH,W,MCCORKLE,,901057624,N,20260801,,,,,,,,,,,,,,N,,,,,,,,,,,
,SEAN,W,CLIFT,,901057720,N,20260801,,,,,,,,,,,,,,N,,,,,,,,,,,
,SAMUEL,E,GHIOTO,,901057727,N,20260801,,,,,,,,,,,,,,N,,,,,,,,,,,
,CLAIRE,S,GREER,,901057728,Y,20260801,001579-00,AUGUSTA UNIVERSITY,GA,4,Public,20260518,20260803,L,B,BIOLOGY,260101,,,N,,,,,,,,,,,1
,CLAIRE,S,GREER,,901057728,Y,20260801,001579-00,AUGUSTA UNIVERSITY,GA,4,Public,20260518,20260806,L,B,BIOLOGY,260101,,,N,,,,,,,,,,,1
,ARWEN,M,WOOD,,901057742,Y,20260801,001577-00,KENNESAW STATE UNIVERSITY,GA,4,Public,20260824,20261214,F,B,PSYCHOLOGY,420101,INTELLIGENCE HOMELAND SEC,430301,N,,,,,,,,,,,1
,GIFTY,A,YANCY,,901057757,N,20260801,,,,,,,,,,,,,,N,,,,,,,,,,,
,WILLIAM,J,ANGLIN,,901061768,N,20260801,,,,,,,,,,,,,,N,,,,,,,,,,,
,JON,E,BLACK,,901061803,N,20260801,,,,,,,,,,,,,,N,,,,,,,,,,,
,RAEGAN,M,BURDETTE,,901061927,N,20260801,,,,,,,,,,,,,,N,,,,,,,,,,,
,RILEY,J,NELSON,,901062008,N,20260801,,,,,,,,,,,,,,N,,,,,,,,,,,
,AUDREY,A,ADAMS,,901062025,N,20260801,,,,,,,,,,,,,,N,,,,,,,,,,,
,ELIJAH,R,EARHART,,901062097,N,20260801,,,,,,,,,,,,,,N,,,,,,,,,,,
,CAITLIN,,REYNOLDS,,901062215,N,20260801,,,,,,,,,,,,,,N,,,,,,,,,,,
,JOCELYN,,ALEJO-BERNAL,,901062334,N,20260801,,,,,,,,,,,,,,N,,,,,,,,,,,
,CHANEY,,PAULINO,,901062367,N,20260801,,,,,,,,,,,,,,N,,,,,,,,,,,
,FREDDY,,FEDERICO,,901062538,N,20260801,,,,,,,,,,,,,,N,,,,,,,,,,,
,CAMDEN,T,FORTUNE,,901062549,N,20260801,,,,,,,,,,,,,,N,,,,,,,,,,,
,ALISON,G,GREEAR,,901062583,N,20260801,,,,,,,,,,,,,,N,,,,,,,,,,,
,JAN,,MOLINA-CHAVEZ,,901062758,N,20260801,,,,,,,,,,,,,,N,,,,,,,,,,,
,SHELBY,A,OLSEN,,901062806,N,20260801,,,,,,,,,,,,,,N,,,,,,,,,,,
,KATELYN,A,SCHWARTZ,,901062894,N,20260801,,,,,,,,,,,,,,N,,,,,,,,,,,
,KIMBERLY,R,ST. PIERRE,,901062926,N,20260801,,,,,,,,,,,,,,N,,,,,,,,,,,
,TRISTON,M,THOMAS,,901063074,N,20260801,,,,,,,,,,,,,,N,,,,,,,,,,,
,NILKANTH,,PATEL,,901063145,N,20260801,,,,,,,,,,,,,,N,,,,,,,,,,,
,ADA,C,THROWER,,901057768,N,20260801,,,,,,,,,,,,,,N,,,,,,,,,,,
,ADDISON,B,TAYLOR,,901057778,N,20260801,,,,,,,,,,,,,,N,,,,,,,,,,,
,EMILY,N,DUONG,,901057780,N,20260801,,,,,,,,,,,,,,N,,,,,,,,,,,
,OLIVIA,N,DUONG,,901057782,N,20260801,,,,,,,,,,,,,,N,,,,,,,,,,,
,LEONEL,,HERNANDEZ,,901057785,N,20260801,,,,,,,,,,,,,,N,,,,,,,,,,,
,ELLIE,,STONE,,901057801,N,20260801,,,,,,,,,,,,,,N,,,,,,,,,,,
,JOSHUA,K,LINEBERRY,,901057846,N,20260801,,,,,,,,,,,,,,N,,,,,,,,,,,
,JONAH,R,BRIDGEMAN,,901057894,N,20260801,,,,,,,,,,,,,,N,,,,,,,,,,,
,MADISON,,EASLEY,,901057901,N,20260801,,,,,,,,,,,,,,N,,,,,,,,,,,
,CHRISTIAN,,RUEDA,,901059058,Y,20260801,001598-00,UNIVERSITY OF GEORGIA,GA,4,Public,20260512,20260803,F,B,INTENDED FINANCE,520801,,,N,,,,,,,,,,,1
,SIDNEY,L,THURMOND,,901059204,N,20260801,,,,,,,,,,,,,,N,,,,,,,,,,,
,JAMES,E,FINLEY,,901059221,N,20260801,,,,,,,,,,,,,,N,,,,,,,,,,,
,TRINITY,D,MIDDLEBROOKS,,901059250,N,20260801,,,,,,,,,,,,,,N,,,,,,,,,,,
,WILLIAM,E,GOSS,,901059421,N,20260801,,,,,,,,,,,,,,N,,,,,,,,,,,
,YIER,,ZHAO,,901059438,Y,20260801,001569-00,GEORGIA INSTITUTE OF TECHNOLOGY,GA,4,Public,20260518,20260806,Q,B,BUSINESS ADMINISTRATION,520201,,,N,,,,,,,,,,,1
,JACOB,W,ADAMS,,901059440,Y,20260801,001577-00,KENNESAW STATE UNIVERSITY,GA,4,Public,20260824,20261214,F,B,MARKETING INTEREST,521401,,,N,,,,,,,,,,,1
,MAN,T,TA,,901059600,N,20260801,,,,,,,,,,,,,,N,,,,,,,,,,,
,ARYAN,S,KAMMA,,901059610,N,20260801,,,,,,,,,,,,,,N,,,,,,,,,,,
,RAANAN,D,FERREIRA,,901063174,N,20260801,,,,,,,,,,,,,,N,,,,,,,,,,,
,ABIGAIL,,PERALTA,,901063184,Y,20260801,001577-00,KENNESAW STATE UNIVERSITY,GA,4,Public,20260824,20261214,Q,B,CIVIL ENGINEERING,140801,,,N,,,,,,,,,,,1
,SAHEBA,F,MOMIN,,901063227,N,20260801,,,,,,,,,,,,,,N,,,,,,,,,,,
,KEEGAN,,BLAND,,901063339,N,20260801,,,,,,,,,,,,,,N,,,,,,,,,,,
,MATTEO,A,LA FRATTA,,901063363,N,20260801,,,,,,,,,,,,,,N,,,,,,,,,,,
,ADHARVAN,,INAGANTI,,901063366,N,20260801,,,,,,,,,,,,,,N,,,,,,,,,,,
,HANNAH,M,BROWN,,901063373,N,20260801,,,,,,,,,,,,,,N,,,,,,,,,,,
,JOHN,M,BRENNAN,,901063451,N,20260801,,,,,,,,,,,,,,N,,,,,,,,,,,
,SEAN,P,HARRON,,901063481,N,20260801,,,,,,,,,,,,,,N,,,,,,,,,,,
,MASON,P,FUNKHOUSER,,901063547,N,20260801,,,,,,,,,,,,,,N,,,,,,,,,,,
,DENISE,,MILNER,,901063680,N,20260801,,,,,,,,,,,,,,N,,,,,,,,,,,
,JOONSANG,,MOON,,901063681,N,20260801,,,,,,,,,,,,,,N,,,,,,,,,,,
,HIEU,H,TRUONG,,901063714,N,20260801,,,,,,,,,,,,,,N,,,,,,,,,,,
,JADA,,SMITH,,901063718,N,20260801,,,,,,,,,,,,,,N,,,,,,,,,,,
,NOAH,J,MILLER,,901063765,N,20260801,,,,,,,,,,,,,,N,,,,,,,,,,,
,ANDREW,J,STEWART,,901063867,N,20260801,,,,,,,,,,,,,,N,,,,,,,,,,,
,GIULIANO,M,ROMANO,,901064060,N,20260801,,,,,,,,,,,,,,N,,,,,,,,,,,
,ELSIE,M,SEYMOUR,,901064068,N,20260801,,,,,,,,,,,,,,N,,,,,,,,,,,
,LOGAN,H,HARRIS,,901059615,N,20260801,,,,,,,,,,,,,,N,,,,,,,,,,,
,SANAY,J,SISWAWALA,,901059669,N,20260801,,,,,,,,,,,,,,N,,,,,,,,,,,
,HISHAM,S,HILAL,,901059774,N,20260801,,,,,,,,,,,,,,N,,,,,,,,,,,
,KATHRYN,A,BOBO,,901059818,N,20260801,,,,,,,,,,,,,,N,,,,,,,,,,,
,JOHN,A,GATELY,,901060038,N,20260801,,,,,,,,,,,,,,N,,,,,,,,,,,
,AARAV,C,PATEL,,901060095,N,20260801,,,,,,,,,,,,,,N,,,,,,,,,,,
,BAILEY,T,BUTLER,,901060133,N,20260801,,,,,,,,,,,,,,N,,,,,,,,,,,
,JADEN,L,SCARBROUGH,,901060477,N,20260801,,,,,,,,,,,,,,N,,,,,,,,,,,
,KAYLEE,S,KIM,,901060778,N,20260801,,,,,,,,,,,,,,N,,,,,,,,,,,
,FELIX,,ALBARRAN HERNANDEZ,,901057941,N,20260801,,,,,,,,,,,,,,N,,,,,,,,,,,
,BONNIE,R,THUBLIN,,901057971,N,20260801,,,,,,,,,,,,,,N,,,,,,,,,,,
,DIYA,,RAJ,,901058118,N,20260801,,,,,,,,,,,,,,N,,,,,,,,,,,
,KYLER,,HOWELL,,901058161,N,20260801,,,,,,,,,,,,,,N,,,,,,,,,,,
,ISAAC,J,WERLING,,901058167,N,20260801,,,,,,,,,,,,,,N,,,,,,,,,,,
,JOSHUA,,TABARES,,901058260,N,20260801,,,,,,,,,,,,,,N,,,,,,,,,,,
,AISHWARYA,,AGRAWAL,,901058270,N,20260801,,,,,,,,,,,,,,N,,,,,,,,,,,
,ISABELLA,J,STICKLEY,,901058284,N,20260801,,,,,,,,,,,,,,N,,,,,,,,,,,
,CALI,M,PADILLA,,901058293,N,20260801,,,,,,,,,,,,,,N,,,,,,,,,,,
,IRENE,Y,HWANG,,901054420,N,20260801,,,,,,,,,,,,,,N,,,,,,,,,,,
,TYLER,,HIDDEMA,,901054541,N,20260801,,,,,,,,,,,,,,N,,,,,,,,,,,
,CHASE,S,BOMBERG,,901054549,N,20260801,,,,,,,,,,,,,,N,,,,,,,,,,,
,GRACE,M,HUTKA,,901054552,N,20260801,,,,,,,,,,,,,,N,,,,,,,,,,,
,ANASTASSIA,I,ST. JOSEPH,,901054633,N,20260801,,,,,,,,,,,,,,N,,,,,,,,,,,
,CARSON,L,DAVENPORT,,901054649,N,20260801,,,,,,,,,,,,,,N,,,,,,,,,,,
,JARIAH,H,THOMAS,,901054654,N,20260801,,,,,,,,,,,,,,N,,,,,,,,,,,
,EMERSON,G,TURCO,,901054656,N,20260801,,,,,,,,,,,,,,N,,,,,,,,,,,
,HARPER,,DAVENPORT,,901054658,N,20260801,,,,,,,,,,,,,,N,,,,,,,,,,,
,REESE,R,SORROW,,901054662,N,20260801,,,,,,,,,,,,,,N,,,,,,,,,,,
,ANGEL,D,PEREZ,,901064082,N,20260801,,,,,,,,,,,,,,N,,,,,,,,,,,
,ELLA,L,STEARNS,,901064223,N,20260801,,,,,,,,,,,,,,N,,,,,,,,,,,
,MATTHEW,D,LASSETER,,901064252,Y,20260801,001577-00,KENNESAW STATE UNIVERSITY,GA,4,Public,20260824,20261214,F,B,COMPUTER ENGINEERING,140901,,,N,,,,,,,,,,,1
,MIAH,,PITTS,,901064263,N,20260801,,,,,,,,,,,,,,N,,,,,,,,,,,
,QUY LAN,A,JOHNSON,,901064431,N,20260801,,,,,,,,,,,,,,N,,,,,,,,,,,
,MICHAEL,P,SMITH,,901064605,N,20260801,,,,,,,,,,,,,,N,,,,,,,,,,,
,AARON,M,VARGA,,901064695,N,20260801,,,,,,,,,,,,,,N,,,,,,,,,,,
,MARK LAURENCE,B,GEMAO,,901064786,N,20260801,,,,,,,,,,,,,,N,,,,,,,,,,,
,KADIATOU,,SOW,,901064858,N,20260801,,,,,,,,,,,,,,N,,,,,,,,,,,
,WILLIAM,H,WALSH,,901054707,N,20260801,,,,,,,,,,,,,,N,,,,,,,,,,,
,COOPER,A,BROWN,,901054731,N,20260801,,,,,,,,,,,,,,N,,,,,,,,,,,
,TATE,J,BROWNING,,901054757,Y,20260801,001577-00,KENNESAW STATE UNIVERSITY,GA,4,Public,20260824,20261214,F,B,SPORT MANAGEMENT INTEREST,310504,,,N,,,,,,,,,,,1
,JULIA,K,BARBIERI,,901054780,N,20260801,,,,,,,,,,,,,,N,,,,,,,,,,,
,JESSICA,M,HARDY,,901054782,N,20260801,,,,,,,,,,,,,,N,,,,,,,,,,,
,ANSLEY,L,MARTIN,,901054801,N,20260801,,,,,,,,,,,,,,N,,,,,,,,,,,
,MATTHEW,D,PONTON,,901054833,N,20260801,,,,,,,,,,,,,,N,,,,,,,,,,,
,OHANNA,S,RAMIREZ,,901054883,N,20260801,,,,,,,,,,,,,,N,,,,,,,,,,,
,ADELA,K,DAUGHERTY,,901054927,N,20260801,,,,,,,,,,,,,,N,,,,,,,,,,,
,RILEY,C,FITZPATRICK,,901060804,N,20260801,,,,,,,,,,,,,,N,,,,,,,,,,,
,MUSKAAN,S,PATEL,,901060818,N,20260801,,,,,,,,,,,,,,N,,,,,,,,,,,
,JOSEPH,S,GANJI,,901061583,N,20260801,,,,,,,,,,,,,,N,,,,,,,,,,,
,MAHI,P,PATEL,,901061587,Y,20260801,001577-00,KENNESAW STATE UNIVERSITY,GA,4,Public,20260824,20261214,F,B,INDUSTRIAL SYSTEMS ENG,142701,,,N,,,,,,,,,,,1
,KHALEEL,F,SAYANI,,901061590,N,20260801,,,,,,,,,,,,,,N,,,,,,,,,,,
,THOMAS,W,CLIFTON,,901061702,N,20260801,,,,,,,,,,,,,,N,,,,,,,,,,,
,JENNA,Y,PARK,,901061719,N,20260801,,,,,,,,,,,,,,N,,,,,,,,,,,
,THIEN-AN,,NGUYEN,,901061926,N,20260801,,,,,,,,,,,,,,N,,,,,,,,,,,
,JAMES,T,BELL,,901061944,N,20260801,,,,,,,,,,,,,,N,,,,,,,,,,,
,ELANOR,,SMOLKO,,901062012,N,20260801,,,,,,,,,,,,,,N,,,,,,,,,,,
,ANVI,M,MUNDRA,,901058304,N,20260801,,,,,,,,,,,,,,N,,,,,,,,,,,
,SARAH,I,LATSHAW,,901058322,N,20260801,,,,,,,,,,,,,,N,,,,,,,,,,,
,TRISTAN,,SARRICA,,901058354,N,20260801,,,,,,,,,,,,,,N,,,,,,,,,,,
,ADDISON,M,SHAFFER,,901058401,N,20260801,,,,,,,,,,,,,,N,,,,,,,,,,,
,BREIGH,E,JENKINS,,901058427,N,20260801,,,,,,,,,,,,,,N,,,,,,,,,,,
,ADAM,C,BROWN,,901058476,N,20260801,,,,,,,,,,,,,,N,,,,,,,,,,,
,LYDIA,M,WILLIAMSON,,901058525,N,20260801,,,,,,,,,,,,,,N,,,,,,,,,,,
,HAILEY,,HARKINS,,901058529,N,20260801,,,,,,,,,,,,,,N,,,,,,,,,,,
,MARGARET,G,EUBANKS,,901058638,N,20260801,,,,,,,,,,,,,,N,,,,,,,,,,,
,CYNTHIA,,KINSEY,,901065133,N,20260801,,,,,,,,,,,,,,N,,,,,,,,,,,
,ALICE,M,CRAIGHEAD,,901065292,N,20260801,,,,,,,,,,,,,,N,,,,,,,,,,,
,CARLOS,Y,NUNEZ AGUIRRE,,901065310,N,20260801,,,,,,,,,,,,,,N,,,,,,,,,,,
,RYAN,E,MARSH,,901065355,Y,20260801,002981-00,WESTERN CAROLINA UNIVERSITY,NC,4,Public,20260817,20261211,F,B,ENGLISH,230101,,,N,,,,,,,,,,,1
,IRINA,Y,KOVALTCHOUK,,901065472,N,20260801,,,,,,,,,,,,,,N,,,,,,,,,,,
,RAYLEIGH,K,WALKER,,901065529,N,20260801,,,,,,,,,,,,,,N,,,,,,,,,,,
,CLARA,E,DAWSON,,901065617,N,20260801,,,,,,,,,,,,,,N,,,,,,,,,,,
,MARISOL,P,CABRERA,,901065697,N,20260801,,,,,,,,,,,,,,N,,,,,,,,,,,
,ALAUNA,,LYNN,,901066046,N,20260801,,,,,,,,,,,,,,N,,,,,,,,,,,
,AIDAN,D,BORDEN,,901058707,N,20260801,,,,,,,,,,,,,,N,,,,,,,,,,,
,CHRISTOPHER,R,SCHADEL,,901058783,N,20260801,,,,,,,,,,,,,,N,,,,,,,,,,,
,EVA,M,MINNITI,,901058807,N,20260801,,,,,,,,,,,,,,N,,,,,,,,,,,
,AVA,E,TATUM,,901058997,N,20260801,,,,,,,,,,,,,,N,,,,,,,,,,,
,HRISHIKA,,SONI,,901059143,N,20260801,,,,,,,,,,,,,,N,,,,,,,,,,,
,LOGAN,M,WONG,,901059378,N,20260801,,,,,,,,,,,,,,N,,,,,,,,,,,
,HANNAH,R,WALTON,,901059381,N,20260801,,,,,,,,,,,,,,N,,,,,,,,,,,
,GRAYSON,G,SEYFRED,,901059408,Y,20260801,001577-00,KENNESAW STATE UNIVERSITY,GA,4,Public,20260824,20261214,F,B,EXERCISE SCIENCE INTEREST,260908,,,N,,,,,,,,,,,1
,DECKER,M,DABROWIAK,,901059456,N,20260801,,,,,,,,,,,,,,N,,,,,,,,,,,
,SHRIYA,H,JAYAKUMAR,,901059473,N,20260801,,,,,,,,,,,,,,N,,,,,,,,,,,
,JENNINGS,C,LOGAN,,901062115,N,20260801,,,,,,,,,,,,,,N,,,,,,,,,,,
,AUGUSTUS,J,MARTIN,,901062116,N,20260801,,,,,,,,,,,,,,N,,,,,,,,,,,
,RYAN,J,PATTERSON,,901062131,N,20260801,,,,,,,,,,,,,,N,,,,,,,,,,,
,REESE,B,ROGERS,,901062135,N,20260801,,,,,,,,,,,,,,N,,,,,,,,,,,
,ANA,C,ESPINA,,901062197,N,20260801,,,,,,,,,,,,,,N,,,,,,,,,,,
,AISHWARIYA,,VIJAY KUMAR,,901062219,N,20260801,,,,,,,,,,,,,,N,,,,,,,,,,,
,EVAN,C,MONTGOMERY,,901062356,N,20260801,,,,,,,,,,,,,,N,,,,,,,,,,,
,ANDREW,,CARR,,901062466,N,20260801,,,,,,,,,,,,,,N,,,,,,,,,,,
,GAVIN,J,KNOTT,,901062666,N,20260801,,,,,,,,,,,,,,N,,,,,,,,,,,
,ALAURA,J,SORIANO,,901062925,N,20260801,,,,,,,,,,,,,,N,,,,,,,,,,,
,BENNETT,M,KELNHOFER,,901059475,Y,20260801,001577-00,KENNESAW STATE UNIVERSITY,GA,4,Public,20260824,20261214,F,B,JOURNALISM AND EMERGING MEDIA,090401,,,N,,,,,,,,,,,1
,ROGAN,M,MCCANN,,901059551,N,20260801,,,,,,,,,,,,,,N,,,,,,,,,,,
,NICOLAS,B,MARTINEZ,,901059591,N,20260801,,,,,,,,,,,,,,N,,,,,,,,,,,
,AMELIA,G,SALLEY,,901059678,N,20260801,,,,,,,,,,,,,,N,,,,,,,,,,,
,ISHAAN,,AGARWAL,,901059715,N,20260801,,,,,,,,,,,,,,N,,,,,,,,,,,
,ASHLEY,M,MARTIN,,901059717,Y,20260801,001598-00,UNIVERSITY OF GEORGIA,GA,4,Public,20260512,20260803,F,B,BIOLOGY,260101,,,N,,,,,,,,,,,1
,ANGELINA,P,SHEPARD,,901059749,Y,20260801,001598-00,UNIVERSITY OF GEORGIA,GA,4,Public,20260512,20260803,H,B,HORTICULTURE,011103,,,N,,,,,,,,,,,1
,WILLIAM,,COVALEAC,,901059782,N,20260801,,,,,,,,,,,,,,N,,,,,,,,,,,
,ALEXANDER,J,BOWKER,,901059800,N,20260801,,,,,,,,,,,,,,N,,,,,,,,,,,
,ETHAN,D,THOMAS,,901062943,N,20260801,,,,,,,,,,,,,,N,,,,,,,,,,,
,CHEYANNE,P,TRAN,,901062955,N,20260801,,,,,,,,,,,,,,N,,,,,,,,,,,
,KHLOE,,HILLIS,,901063040,N,20260801,,,,,,,,,,,,,,N,,,,,,,,,,,
,ANTHONY,,CHANG,,901063146,N,20260801,,,,,,,,,,,,,,N,,,,,,,,,,,
,ALEXA,A,RAUDA RUIZ,,901063197,N,20260801,,,,,,,,,,,,,,N,,,,,,,,,,,
,LUKE,T,NITKOWSKI,,901063303,N,20260801,,,,,,,,,,,,,,N,,,,,,,,,,,
,MAHDI,R,AL BAZAZ,,901063340,N,20260801,,,,,,,,,,,,,,N,,,,,,,,,,,
,SAANA,,ZUAHAR,,901063640,N,20260801,,,,,,,,,,,,,,N,,,,,,,,,,,
,EDEN,,VINCENT,,901063852,N,20260801,,,,,,,,,,,,,,N,,,,,,,,,,,
,GRAHAM,,MIZERAK,,901054937,N,20260801,,,,,,,,,,,,,,N,,,,,,,,,,,
,BRADEN,E,PENNYPACKER,,901054944,N,20260801,,,,,,,,,,,,,,N,,,,,,,,,,,
,MAURA,,DOOLEY,,901054990,N,20260801,,,,,,,,,,,,,,N,,,,,,,,,,,
,COURTNEY,N,HULL,,901055009,N,20260801,,,,,,,,,,,,,,N,,,,,,,,,,,
,BRINLEY,L,MOONEY,,901055034,N,20260801,,,,,,,,,,,,,,N,,,,,,,,,,,
,ALEXANDRA,N,STEF,,901055084,Y,20260801,001577-00,KENNESAW STATE UNIVERSITY,GA,4,Public,20260824,20261214,F,B,MARKETING INTEREST,521401,,,N,,,,,,,,,,,1
,RYAN,,UTBERG,,901055117,N,20260801,,,,,,,,,,,,,,N,,,,,,,,,,,
,MASON,A,HANNON,,901055128,N,20260801,,,,,,,,,,,,,,N,,,,,,,,,,,
,MADELYN,G,HAYES,,901055155,N,20260801,,,,,,,,,,,,,,N,,,,,,,,,,,
,CAMILLE,J,DANIELS,,901064059,N,20260801,,,,,,,,,,,,,,N,,,,,,,,,,,
,ELIZABETH,M,DEL MAZO,,901064245,N,20260801,,,,,,,,,,,,,,N,,,,,,,,,,,
,SIENA,R,BERTHOLD,,901064315,N,20260801,,,,,,,,,,,,,,N,,,,,,,,,,,
,TYLER,A,RASINSKI,,901064328,N,20260801,,,,,,,,,,,,,,N,,,,,,,,,,,
,KATHERINE,E,RATLIFF,,901064460,N,20260801,,,,,,,,,,,,,,N,,,,,,,,,,,
,YEENA,,SHINN,,901064718,N,20260801,,,,,,,,,,,,,,N,,,,,,,,,,,
,ADAM,D,DIEMER,,901064729,N,20260801,,,,,,,,,,,,,,N,,,,,,,,,,,
,ABIGAIL,G,MCMAHAN,,901064739,N,20260801,,,,,,,,,,,,,,N,,,,,,,,,,,
,ELENA,,THAMES,,901064768,N,20260801,,,,,,,,,,,,,,N,,,,,,,,,,,
,ANISH,,BHATIA,,901055344,N,20260801,,,,,,,,,,,,,,N,,,,,,,,,,,
,BRENDON,M,DLEARO,,901055450,N,20260801,,,,,,,,,,,,,,N,,,,,,,,,,,
,SAMANTHA,,CARRILLO,,901055473,N,20260801,,,,,,,,,,,,,,N,,,,,,,,,,,
,CHRISTOPHER,C,CHENEY,,901055491,N,20260801,,,,,,,,,,,,,,N,,,,,,,,,,,
,ANNA,G,WHITEN,,901055524,N,20260801,,,,,,,,,,,,,,N,,,,,,,,,,,
,BOSTON,A,TEAGUE,,901055540,N,20260801,,,,,,,,,,,,,,N,,,,,,,,,,,
,EVAN,S,ROBERTSON,,901055543,N,20260801,,,,,,,,,,,,,,N,,,,,,,,,,,
,SOPHIA,,MARTINEZ-GARCIA,,901055553,N,20260801,,,,,,,,,,,,,,N,,,,,,,,,,,
,NIKET,M,PATEL,,901055567,N,20260801,,,,,,,,,,,,,,N,,,,,,,,,,,
,RYAN,,ANTHONY,,901055571,N,20260801,,,,,,,,,,,,,,N,,,,,,,,,,,
,ANNMARIE,N,RUDLOFF,,901059802,N,20260801,,,,,,,,,,,,,,N,,,,,,,,,,,
,ADDISON,C,PAPENHAUSEN,,901059825,Y,20260801,001588-00,PIEDMONT UNIVERSITY,GA,4,Private,20260812,20261208,F,S,EXERCISE AND SPORT SCIENCE,310505,,,N,,,,,,,,,,,1
,ARIEL,E,BROOKS,,901059883,Y,20260801,001577-00,KENNESAW STATE UNIVERSITY,GA,4,Public,20260824,20261214,F,B,INTEGRATED HEALTH SCIENCE,510000,,,N,,,,,,,,,,,1
,ABIGAIL,E,HURLBUT,,901060070,N,20260801,,,,,,,,,,,,,,N,,,,,,,,,,,
,EVERETT,J,BUTLER,,901060097,Y,20260801,001577-00,KENNESAW STATE UNIVERSITY,GA,4,Public,20260824,20261214,F,B,ARCHITECTURE,040902,,,N,,,,,,,,,,,1
,D'YANA,E,ADKINS,,901061017,N,20260801,,,,,,,,,,,,,,N,,,,,,,,,,,
,KATHARINE,A,CLESEN,,901061364,N,20260801,,,,,,,,,,,,,,N,,,,,,,,,,,
,EVANGELINE,C,DEGNEN,,901061370,N,20260801,,,,,,,,,,,,,,N,,,,,,,,,,,
,KIMBERLY,G,RODAS,,901061496,Y,20260801,001598-00,UNIVERSITY OF GEORGIA,GA,4,Public,20260512,20260803,H,B,INTENDED ELEMENTARY EDUCATION,131202,,,N,,,,,,,,,,,1
,BRADEN,L,CRAFT,,901065020,Y,20260801,001598-00,UNIVERSITY OF GEORGIA,GA,4,Public,20260512,20260803,H,B,HEALTH AND PHYSICAL EDUCATION,310501,,,N,,,,,,,,,,,1
,AUTUM,O,VARDAMAN,,901065033,Y,20260801,001881-00,THE UNIVERSITY OF ARIZONA GLOBAL CAMPUS,AZ,4,Private,20260707,20260817,F,M,ACCOUNTANCY MACC PROGRAM,520301,,,N,,,,,,,,,,,1
,WILLIAM,A,MARTORANO,,901065146,N,20260801,,,,,,,,,,,,,,N,,,,,,,,,,,
,EMMA,,AYERS,,901065167,Y,20260801,001598-00,UNIVERSITY OF GEORGIA,GA,4,Public,20260512,20260803,L,B,INTENDED CRIMINAL JUSTICE,430103,,,N,,,,,,,,,,,1
,RODRIGO,,MEDINA,,901065261,N,20260801,,,,,,,,,,,,,,N,,,,,,,,,,,
,FAITH,O,CAPOCCI,,901065316,N,20260801,,,,,,,,,,,,,,N,,,,,,,,,,,
,KALIA,,POWELL,,901065343,Y,20260801,001585-00,UNIVERSITY OF NORTH GEORGIA,GA,4,Public,20260810,20261204,H,B,INTERDISCIPLINARY STUDIES,240102,,,N,,,,,,,,,,,1
,DULCE,A,VILLAFANA-DE LA PAZ,,901065363,N,20260801,,,,,,,,,,,,,,N,,,,,,,,,,,
,EMILY,G,SCOTT,,901065372,N,20260801,,,,,,,,,,,,,,N,,,,,,,,,,,
,ASHLYN,B,HATAWAY,,901061507,Y,20260801,001577-00,KENNESAW STATE UNIVERSITY,GA,4,Public,20260824,20261214,F,B,MARKETING INTEREST,521401,,,N,,,,,,,,,,,1
,AHMAD,R,DASHTI,,901061515,N,20260801,,,,,,,,,,,,,,N,,,,,,,,,,,
,MICHAEL,J,MASSA,,901061517,N,20260801,,,,,,,,,,,,,,N,,,,,,,,,,,
,KADEN,B,JOYNER,,901061527,N,20260801,,,,,,,,,,,,,,N,,,,,,,,,,,
,CALEY,P,WILEY,,901061545,N,20260801,,,,,,,,,,,,,,N,,,,,,,,,,,
,JOHN- HARTLEY,B,GLUDE,,901061623,Y,20260801,001577-00,KENNESAW STATE UNIVERSITY,GA,4,Public,20260824,20261214,F,B,EXERCISE SCIENCE INTEREST,260908,,,N,,,,,,,,,,,1
,ANVITA,,SALLA,,901061687,N,20260801,,,,,,,,,,,,,,N,,,,,,,,,,,
,AARON,,ALLEN,,901061787,N,20260801,,,,,,,,,,,,,,N,,,,,,,,,,,
,WYATT,S,BLACK,,901061805,N,20260801,,,,,,,,,,,,,,N,,,,,,,,,,,
,ALLISON,G,MITCHELL,,901066123,N,20260801,,,,,,,,,,,,,,N,,,,,,,,,,,
,JEDIYAH,C,SYDNEY,,901067188,N,20260801,,,,,,,,,,,,,,N,,,,,,,,,,,
,BRODY,A,HARPSTRITE,,901067377,Y,20260801,001598-00,UNIVERSITY OF GEORGIA,GA,4,Public,20260512,20260803,F,B,INTENDED ENGLISH EDUCATION,131305,,,N,,,,,,,,,,,1
,JOSHUA,H,BOX,,901067421,N,20260801,,,,,,,,,,,,,,N,,,,,,,,,,,
,TYLER,S,GORDON,,901067475,N,20260801,,,,,,,,,,,,,,N,,,,,,,,,,,
,MALACHI,,EDMONDSON,,901067816,N,20260801,,,,,,,,,,,,,,N,,,,,,,,,,,
,GABRIELA,,GUZMAN-SIMON,,901067985,N,20260801,,,,,,,,,,,,,,N,,,,,,,,,,,
,JOHN,P,ALLEN,,901068043,N,20260801,,,,,,,,,,,,,,N,,,,,,,,,,,
,ARILYNN,D,AVERY,,901068047,N,20260801,,,,,,,,,,,,,,N,,,,,,,,,,,
,ERICA,M,OWENS,,901068068,N,20260801,,,,,,,,,,,,,,N,,,,,,,,,,,
,ZAHARA,J,WILLIS,,901065446,N,20260801,,,,,,,,,,,,,,N,,,,,,,,,,,
,BRIAN,D,JIMENEZ,,901065502,N,20260801,,,,,,,,,,,,,,N,,,,,,,,,,,
,CARSON,D,NELSON,,901065658,N,20260801,,,,,,,,,,,,,,N,,,,,,,,,,,
,LONDON,A,KIM,,901065844,N,20260801,,,,,,,,,,,,,,N,,,,,,,,,,,
,GINGER,M,LEWIS,,901065924,N,20260801,,,,,,,,,,,,,,N,,,,,,,,,,,
,DAVIEN,C,GARDNER,,901066111,N,20260801,,,,,,,,,,,,,,N,,,,,,,,,,,
,AFSARA,A,PURBA,,901066120,N,20260801,,,,,,,,,,,,,,N,,,,,,,,,,,
,CASSIDY,S,HARPER,,901067308,N,20260801,,,,,,,,,,,,,,N,,,,,,,,,,,
,NATALIE,K,SANGALANG,,901067313,N,20260801,,,,,,,,,,,,,,N,,,,,,,,,,,
,ELLA,,DURANT,,901061937,N,20260801,,,,,,,,,,,,,,N,,,,,,,,,,,
,LOGAN,B,SAYNE,,901062138,N,20260801,,,,,,,,,,,,,,N,,,,,,,,,,,
,TIERRA,S,ARTIS,,901062239,N,20260801,,,,,,,,,,,,,,N,,,,,,,,,,,
,CAROLINE,E,GREEN,,901062243,N,20260801,,,,,,,,,,,,,,N,,,,,,,,,,,
,AVERY,S,BURKES,,901062274,N,20260801,,,,,,,,,,,,,,N,,,,,,,,,,,
,FATEMA,A,ALI,,901062396,N,20260801,,,,,,,,,,,,,,N,,,,,,,,,,,
,WILLIAM,J,HAMILTON,,901062602,N,20260801,,,,,,,,,,,,,,N,,,,,,,,,,,
,ZACHARY,S,SHEPHERD,,901062907,N,20260801,,,,,,,,,,,,,,N,,,,,,,,,,,
,MILES,E,WEST,,901062994,N,20260801,,,,,,,,,,,,,,N,,,,,,,,,,,
,SHARIF,K,ROBBINS-BRINSON,,901067330,N,20260801,,,,,,,,,,,,,,N,,,,,,,,,,,
,PRESEIS,N,SYLAPHETH,,901067375,N,20260801,,,,,,,,,,,,,,N,,,,,,,,,,,
,XIMENA,G,CANTU,,901067444,N,20260801,,,,,,,,,,,,,,N,,,,,,,,,,,
,PHEONIX,H,MILLER,,901067746,N,20260801,,,,,,,,,,,,,,N,,,,,,,,,,,
,KATELYN,A,IONASHKU,,901067934,N,20260801,,,,,,,,,,,,,,N,,,,,,,,,,,
,HANIAH,M,SHERFUDEEN,,901067993,N,20260801,,,,,,,,,,,,,,N,,,,,,,,,,,
,ALEXANDRA,G,POWELL,,901068028,N,20260801,,,,,,,,,,,,,,N,,,,,,,,,,,
,EDWARD,H,SMITH,,901068217,N,20260801,,,,,,,,,,,,,,N,,,,,,,,,,,
,KAYLYNN,N,MCCONNELL,,901068319,Y,20260801,001577-00,KENNESAW STATE UNIVERSITY,GA,4,Public,20260824,20261214,F,B,HUMAN SERVICES,440000,,,N,,,,,,,,,,,1
,HAVA,O,RESTEA,,901055631,N,20260801,,,,,,,,,,,,,,N,,,,,,,,,,,
,JACKELINE,,RIVERA,,901055634,Y,20260801,001585-00,UNIVERSITY OF NORTH GEORGIA,GA,4,Public,20260810,20261204,L,B,INTERDISCIPLINARY STUDIES,240102,,,N,,,,,,,,,,,1
,PARI,B,CHAUDHARY,,901055680,N,20260801,,,,,,,,,,,,,,N,,,,,,,,,,,
,CARSON,D,SPEER,,901055739,Y,20260801,001598-00,UNIVERSITY OF GEORGIA,GA,4,Public,20260512,20260803,F,B,INTENDED REAL ESTATE,521501,CERT CONSTRUCTION MANAGEMENT,522001,N,,,,,,,,,,,1
,ALEXANDRA,J,SLINDE,,901055817,N,20260801,,,,,,,,,,,,,,N,,,,,,,,,,,
,JOEL,M,SORENSON,,901055821,N,20260801,,,,,,,,,,,,,,N,,,,,,,,,,,
,MAYA,K,PANKHANIA,,901055826,N,20260801,,,,,,,,,,,,,,N,,,,,,,,,,,
,BLAKE,C,GOODROE,,901055830,N,20260801,,,,,,,,,,,,,,N,,,,,,,,,,,
,AARON,,SALAS,,901055906,Y,20260801,001577-00,KENNESAW STATE UNIVERSITY,GA,4,Public,20260824,20261214,F,B,ELECTRICAL ENGINEERING,141001,,,N,,,,,,,,,,,1
,OLIVIA,P,DUPONT,,901068183,N,20260801,,,,,,,,,,,,,,N,,,,,,,,,,,
,CAMRIN,J,DALTERIO,,901068309,Y,20260801,001579-00,AUGUSTA UNIVERSITY,GA,4,Public,20260518,20260806,H,B,ENGLISH,230101,,,N,,,,,,,,,,,1
,CARLY,R,TODD,,901068464,N,20260801,,,,,,,,,,,,,,N,,,,,,,,,,,
,BRAXTON,,CHEATHAM,,901068481,Y,20260801,002981-00,WESTERN CAROLINA UNIVERSITY,NC,4,Public,20260817,20261211,F,B,EMERGENCY MEDICAL CARE,510904,,,N,,,,,,,,,,,1
,BENEDICT,,LASHMAR,,901068547,N,20260801,,,,,,,,,,,,,,N,,,,,,,,,,,
,RICKY,B,GERMAN,,901068731,N,20260801,,,,,,,,,,,,,,N,,,,,,,,,,,
,WILLIAM,M,BECKUM,,901068819,N,20260801,,,,,,,,,,,,,,N,,,,,,,,,,,
,CHLOE,A,REECE,,901068824,N,20260801,,,,,,,,,,,,,,N,,,,,,,,,,,
,AMARYA,N,HOOPER,,901068857,N,20260801,,,,,,,,,,,,,,N,,,,,,,,,,,
,ALEXANDRIA,S,GARDINER,,901068903,N,20260801,,,,,,,,,,,,,,N,,,,,,,,,,,
,JENNIFER,,READY,,901055924,N,20260801,,,,,,,,,,,,,,N,,,,,,,,,,,
,EMMA,D,DUBE,,901055936,N,20260801,,,,,,,,,,,,,,N,,,,,,,,,,,
,ANDERSON,J,BABB,,901056026,Y,20260801,001598-00,UNIVERSITY OF GEORGIA,GA,4,Public,20260512,20260803,H,B,INTENDED MECHANICAL ENG,141901,,,N,,,,,,,,,,,1
,THOMAS,W,DURAND,,901056049,N,20260801,,,,,,,,,,,,,,N,,,,,,,,,,,
,ELY,M,STEVENS,,901056100,N,20260801,,,,,,,,,,,,,,N,,,,,,,,,,,
,ZACHARY,C,WHITE,,901056114,N,20260801,,,,,,,,,,,,,,N,,,,,,,,,,,
,ELORA,C,MCGRIFF,,901056163,N,20260801,,,,,,,,,,,,,,N,,,,,,,,,,,
,EMILY,A,BEASLEY,,901056191,N,20260801,,,,,,,,,,,,,,N,,,,,,,,,,,
,MADELINE,S,THOMAS,,901056215,Y,20260801,001577-00,KENNESAW STATE UNIVERSITY,GA,4,Public,20260824,20261214,F,B,BIOLOGY,260101,,,N,,,,,,,,,,,1
,REAGAN,V,WAYCASTER,,901068470,N,20260801,,,,,,,,,,,,,,N,,,,,,,,,,,
,THOMAS,H,GAY,,901068734,N,20260801,,,,,,,,,,,,,,N,,,,,,,,,,,
,RAE,A,VON GLAHN,,901068738,N,20260801,,,,,,,,,,,,,,N,,,,,,,,,,,
,ALEXANDRA,L,MEAGHER,,901068843,N,20260801,,,,,,,,,,,,,,N,,,,,,,,,,,
,JAMIE,E,WEST,,901068845,N,20260801,,,,,,,,,,,,,,N,,,,,,,,,,,
,EVELYN,A,STAEHLE,,901069003,N,20260801,,,,,,,,,,,,,,N,,,,,,,,,,,
,VASILISSA,,KUPRIIANOVA,,901069040,N,20260801,,,,,,,,,,,,,,N,,,,,,,,,,,
,MADISON,,ELLIS,,901069074,N,20260801,,,,,,,,,,,,,,N,,,,,,,,,,,
,SARA,,DULCE,,901069155,N,20260801,,,,,,,,,,,,,,N,,,,,,,,,,,
,ELIZABETH,N,SAUNDERS,,901068919,N,20260801,,,,,,,,,,,,,,N,,,,,,,,,,,
,LAILA,,FRAIJ,,901068981,Y,20260801,001577-00,KENNESAW STATE UNIVERSITY,GA,4,Public,20260824,20261214,F,B,MANAGEMENT INTEREST,520201,LOGISTICS,520203,N,,,,,,,,,,,1
,LUKE,T,BURNETT,,901068996,Y,20260801,002941-00,LENOIR-RHYNE UNIVERSITY,NC,4,Private,20260511,20260803,L,,MANAGEMENT,,,,N,,,,,,,,,,,1
,KYLAN,J,MEDDOW-RODRIGUEZ,,901069069,N,20260801,,,,,,,,,,,,,,N,,,,,,,,,,,
,RON,,RAZ,,901069282,N,20260801,,,,,,,,,,,,,,N,,,,,,,,,,,
,MEGHAN,T,MOORE,,901069353,N,20260801,,,,,,,,,,,,,,N,,,,,,,,,,,
,RYAN,Y,KIM,,901069396,N,20260801,,,,,,,,,,,,,,N,,,,,,,,,,,
,HANNA,M,ROBERTS,,901069432,Y,20260801,001577-00,KENNESAW STATE UNIVERSITY,GA,4,Public,20260824,20261214,F,B,CIVIL ENGINEERING,140801,,,N,,,,,,,,,,,1
,MADELEINE,R,WILSON,,901069556,Y,20260801,003448-00,UNIVERSITY OF SOUTH CAROLINA,SC,4,Public,20260816,20261214,F,F,PRE BUSINESS,240101,,,N,,,,,,,,,,,1
,CHARLES,A,PARISH,,901063085,N,20260801,,,,,,,,,,,,,,N,,,,,,,,,,,
,RAEGAN,L,HERRON,,901063292,N,20260801,,,,,,,,,,,,,,N,,,,,,,,,,,
,NICHOLAS,W,RYAN,,901063321,N,20260801,,,,,,,,,,,,,,N,,,,,,,,,,,
,LILLIANA,C,COHEN,,901063832,N,20260801,,,,,,,,,,,,,,N,,,,,,,,,,,
,IMANI,,MARSHALL,,901064089,N,20260801,,,,,,,,,,,,,,N,,,,,,,,,,,
,SYDNEY,R,MELTON,,901064093,N,20260801,,,,,,,,,,,,,,N,,,,,,,,,,,
,BENNETT,C,BROWN,,901064228,N,20260801,,,,,,,,,,,,,,N,,,,,,,,,,,
,BRADEN,C,MIKESELL,,901064265,N,20260801,,,,,,,,,,,,,,N,,,,,,,,,,,
,MICHAEL,R,BANYAS,,901064266,N,20260801,,,,,,,,,,,,,,N,,,,,,,,,,,
,ANTHONY,W,CUSIMANO,,901056219,N,20260801,,,,,,,,,,,,,,N,,,,,,,,,,,
,TURNER,J,KNUTH,,901056273,N,20260801,,,,,,,,,,,,,,N,,,,,,,,,,,
,OSWALDO,M,MORA GARCIA,,901056340,N,20260801,,,,,,,,,,,,,,N,,,,,,,,,,,
,RAELYNN,N,BRAVO,,901056493,N,20260801,,,,,,,,,,,,,,N,,,,,,,,,,,
,ARIANNA,X,SUN,,901056520,N,20260801,,,,,,,,,,,,,,N,,,,,,,,,,,
,DIYA,A,PRAVEEN,,901056533,N,20260801,,,,,,,,,,,,,,N,,,,,,,,,,,
,ANVITA,,UMMANENI,,901056539,N,20260801,,,,,,,,,,,,,,N,,,,,,,,,,,
,EMMA,M,PITMAN,,901056560,N,20260801,,,,,,,,,,,,,,N,,,,,,,,,,,
,ABIGAIL,H,TOLLETT,,901056593,Y,20260801,001577-00,KENNESAW STATE UNIVERSITY,GA,4,Public,20260824,20261214,F,B,ARCHITECTURE,040902,,,N,,,,,,,,,,,1
,KAITLYN,L,CULBERSON,,901069289,N,20260801,,,,,,,,,,,,,,N,,,,,,,,,,,
,JEWEL,C,WELLS,,901069443,N,20260801,,,,,,,,,,,,,,N,,,,,,,,,,,
,ANSLEY,B,JONES,,901069615,N,20260801,,,,,,,,,,,,,,N,,,,,,,,,,,
,KATHERINE,M,SHAHBAZI,,901069689,N,20260801,,,,,,,,,,,,,,N,,,,,,,,,,,
,ADELINE,J,MOWRY,,901069752,N,20260801,,,,,,,,,,,,,,N,,,,,,,,,,,
,BRANT,M,FREEMAN,,901069756,N,20260801,,,,,,,,,,,,,,N,,,,,,,,,,,
,ALEXANDER,S,MORANA,,901069808,N,20260801,,,,,,,,,,,,,,N,,,,,,,,,,,
,LAYLA,,PEACOCK,,901070027,N,20260801,,,,,,,,,,,,,,N,,,,,,,,,,,
,JONATHAN,R,CASTLES,,901070151,N,20260801,,,,,,,,,,,,,,N,,,,,,,,,,,
,TIMOTHY,A,GIESE,,901070260,N,20260801,,,,,,,,,,,,,,N,,,,,,,,,,,
,NICHOLAS,J,NEUMANN,,901070290,N,20260801,,,,,,,,,,,,,,N,,,,,,,,,,,
,JOHN,H,BALOCKI,,901070330,N,20260801,,,,,,,,,,,,,,N,,,,,,,,,,,
,HAVEN,B,BARTON,,901070345,N,20260801,,,,,,,,,,,,,,N,,,,,,,,,,,
,AIDEN,R,PRICE,,901070360,N,20260801,,,,,,,,,,,,,,N,,,,,,,,,,,
,CHASE,S,GAYTON,,901070388,N,20260801,,,,,,,,,,,,,,N,,,,,,,,,,,
,TANNER,A,MORNEAU,,901070526,N,20260801,,,,,,,,,,,,,,N,,,,,,,,,,,
,MUNIR,Z,DAOUK,,901070543,N,20260801,,,,,,,,,,,,,,N,,,,,,,,,,,
,DAISY,,RODRIGUEZ-ESTEBAN,,901070586,N,20260801,,,,,,,,,,,,,,N,,,,,,,,,,,
,LANDON,P,PIERCE,,901064270,N,20260801,,,,,,,,,,,,,,N,,,,,,,,,,,
,KYLIE,J,MARTIN,,901064607,N,20260801,,,,,,,,,,,,,,N,,,,,,,,,,,
,EMMA,F,ROGERS,,901064618,Y,20260801,001577-00,KENNESAW STATE UNIVERSITY,GA,4,Public,20260824,20261214,F,B,PSYCHOLOGY,420101,,,N,,,,,,,,,,,1
,DAVID,,ARTEAGA,,901065141,N,20260801,,,,,,,,,,,,,,N,,,,,,,,,,,
,VALERIA,F,JIMENEZ,,901065149,N,20260801,,,,,,,,,,,,,,N,,,,,,,,,,,
,HUNTER,K,MENDIZABAL,,901065503,N,20260801,,,,,,,,,,,,,,N,,,,,,,,,,,
,MADISON,,MARTIN,,901065631,N,20260801,,,,,,,,,,,,,,N,,,,,,,,,,,
,ABBY,,FARMER,,901065942,N,20260801,,,,,,,,,,,,,,N,,,,,,,,,,,
,LOGAN,P,MARTIN,,901066112,N,20260801,,,,,,,,,,,,,,N,,,,,,,,,,,
,CHRISTIAN,A,MARTIN MONTES,,901067201,N,20260801,,,,,,,,,,,,,,N,,,,,,,,,,,
,KALEY,I,GERAGHTY,,901056602,N,20260801,,,,,,,,,,,,,,N,,,,,,,,,,,
,ADDISON,E,GOLDMAN,,901056733,N,20260801,,,,,,,,,,,,,,N,,,,,,,,,,,
,BROOKE,L,RANDALL,,901056751,N,20260801,,,,,,,,,,,,,,N,,,,,,,,,,,
,REAGAN,B,SMITH,,901056755,Y,20260801,001577-00,KENNESAW STATE UNIVERSITY,GA,4,Public,20260824,20261214,F,B,FOCUS AREA BUSINESS MGMT,240102,,,N,,,,,,,,,,,1
,OSCAR,,PANIAGUA,,901056774,N,20260801,,,,,,,,,,,,,,N,,,,,,,,,,,
,ELLIE,J,SILLS,,901056815,N,20260801,,,,,,,,,,,,,,N,,,,,,,,,,,
,BRAYDEN,D,CLARK,,901056832,N,20260801,,,,,,,,,,,,,,N,,,,,,,,,,,
,WILLIAM,L,ROGERS,,901056842,N,20260801,,,,,,,,,,,,,,N,,,,,,,,,,,
,CARSON,R,QUINLAN,,901056844,N,20260801,,,,,,,,,,,,,,N,,,,,,,,,,,
,PEYTON,E,BIRDWELL,,901056846,N,20260801,,,,,,,,,,,,,,N,,,,,,,,,,,
,AUSTIN,B,SUMMERLIN,,901070694,N,20260801,,,,,,,,,,,,,,N,,,,,,,,,,,
,SOPHIE,M,USRY,,901070929,Y,20260801,001598-00,UNIVERSITY OF GEORGIA,GA,4,Public,20260512,20260803,F,B,COMMUNICATION SCI AND DISORDER,510201,,,N,,,,,,,,,,,1
,SENNAI,J,FEKADU,,901071060,N,20260801,,,,,,,,,,,,,,N,,,,,,,,,,,
,IAN,N,GIBBS,,901071146,N,20260801,,,,,,,,,,,,,,N,,,,,,,,,,,
,ARIZONA,F,JONES,,901071149,Y,20260801,001577-00,KENNESAW STATE UNIVERSITY,GA,4,Public,20260824,20261214,F,B,ENVIRONMENTAL ENGINEERING,141401,,,N,,,,,,,,,,,1
,MORGAN,N,ROYSDEN,,901071202,N,20260801,,,,,,,,,,,,,,N,,,,,,,,,,,
,ALEX,,CAPOGROSSI,,901071313,N,20260801,,,,,,,,,,,,,,N,,,,,,,,,,,
,BRAYDEN,,HOGSED,,901071363,N,20260801,,,,,,,,,,,,,,N,,,,,,,,,,,
,MORGAN,F,DOUGHTY,,901071367,N,20260801,,,,,,,,,,,,,,N,,,,,,,,,,,
,ZERUHIAH,N,PARKER-MCLEAN,,901067248,N,20260801,,,,,,,,,,,,,,N,,,,,,,,,,,
,ZACHARY,H,BROWN,,901067289,N,20260801,,,,,,,,,,,,,,N,,,,,,,,,,,
,ISABEL,E,MERRITT,,901067422,N,20260801,,,,,,,,,,,,,,N,,,,,,,,,,,
,CASEY,,BUGG,,901067668,N,20260801,,,,,,,,,,,,,,N,,,,,,,,,,,
,ANNA,,FLYNN,,901067679,N,20260801,,,,,,,,,,,,,,N,,,,,,,,,,,
,JOHN,O,ADAMS,,901067832,N,20260801,,,,,,,,,,,,,,N,,,,,,,,,,,
,AMETHYST,,NEIGH,,901067942,N,20260801,,,,,,,,,,,,,,N,,,,,,,,,,,
,CADENCE,M,RHULE,,901067982,N,20260801,,,,,,,,,,,,,,N,,,,,,,,,,,
,LUKE,M,MOBBS,,901068002,N,20260801,,,,,,,,,,,,,,N,,,,,,,,,,,
,PEYTON,L,DOWNS,,901068057,Y,20260801,001598-00,UNIVERSITY OF GEORGIA,GA,4,Public,20260512,20260803,F,B,POLITICAL SCIENCE,451001,,,N,,,,,,,,,,,1
,ASHAUNTAE,D,HUDSON,,901071437,N,20260801,,,,,,,,,,,,,,N,,,,,,,,,,,
,ETHAN,I,LOPEZ,,901071453,N,20260801,,,,,,,,,,,,,,N,,,,,,,,,,,
,LUKE,P,PINSON,,901071504,N,20260801,,,,,,,,,,,,,,N,,,,,,,,,,,
,SPENCER,S,NEWBERRY,,901071526,N,20260801,,,,,,,,,,,,,,N,,,,,,,,,,,
,LUKAS,,HUMPHREY,,901071531,N,20260801,,,,,,,,,,,,,,N,,,,,,,,,,,
,DONOVAN,R,WALCOTT,,901071672,N,20260801,,,,,,,,,,,,,,N,,,,,,,,,,,
,RAVEN,I,WEAVER,,901071673,N,20260801,,,,,,,,,,,,,,N,,,,,,,,,,,
,MELIANGELI,E,ESTEVES MORALES,,901071768,N,20260801,,,,,,,,,,,,,,N,,,,,,,,,,,
,MCMURRAY,,STRATTON,,901071911,N,20260801,,,,,,,,,,,,,,N,,,,,,,,,,,
,JOSE,,ARIAS,,901068224,N,20260801,,,,,,,,,,,,,,N,,,,,,,,,,,
,CASON,R,HARRAH,,901068332,N,20260801,,,,,,,,,,,,,,N,,,,,,,,,,,
,EDDISON,,KNOX,,901068466,N,20260801,,,,,,,,,,,,,,N,,,,,,,,,,,
,IRINA,,BELYSHEV,,901068488,N,20260801,,,,,,,,,,,,,,N,,,,,,,,,,,
,AILING,,LI,,901068552,N,20260801,,,,,,,,,,,,,,N,,,,,,,,,,,
,LATHAN,C,HUNTER,,901068565,N,20260801,,,,,,,,,,,,,,N,,,,,,,,,,,
,OLIVIA,N,FOUTS,,901068884,Y,20260801,001577-00,KENNESAW STATE UNIVERSITY,GA,4,Public,20260824,20261214,F,B,MARKETING INTEREST,521401,CERT INTERD MUS AND ENTR BUS,501003,N,,,,,,,,,,,1
,NICHOLAS,S,WALLER,,901068894,Y,20260801,001577-00,KENNESAW STATE UNIVERSITY,GA,4,Public,20260824,20261214,F,B,PSYCHOLOGY,420101,,,N,,,,,,,,,,,1
,SIERRA,,YARBROUGH,,901068898,N,20260801,,,,,,,,,,,,,,N,,,,,,,,,,,
,EMMELINE,W,HAMRICK,,901056861,N,20260801,,,,,,,,,,,,,,N,,,,,,,,,,,
,CAROLINE,G,PRINCE,,901056862,N,20260801,,,,,,,,,,,,,,N,,,,,,,,,,,
,ALEXANDRA,M,CLIFTON,,901056879,N,20260801,,,,,,,,,,,,,,N,,,,,,,,,,,
,LILY,E,JANNING,,901056923,N,20260801,,,,,,,,,,,,,,N,,,,,,,,,,,
,VALERIA,I,JARQUIN,,901056936,N,20260801,,,,,,,,,,,,,,N,,,,,,,,,,,
,JOHN,G,RICKS,,901056945,N,20260801,,,,,,,,,,,,,,N,,,,,,,,,,,
,KAYLA,M,WILKES,,901057004,N,20260801,,,,,,,,,,,,,,N,,,,,,,,,,,
,DAVIS,J,BRIGHT,,901057023,N,20260801,,,,,,,,,,,,,,N,,,,,,,,,,,
,MARY,L,VEIT,,901057084,N,20260801,,,,,,,,,,,,,,N,,,,,,,,,,,
,MCCALL,E,WOODRUFF,,901057088,N,20260801,,,,,,,,,,,,,,N,,,,,,,,,,,
,TRINITY,L,MARSH,,901069647,N,20260801,,,,,,,,,,,,,,N,,,,,,,,,,,
,COOPER,M,SHIRLEY,,901069658,N,20260801,,,,,,,,,,,,,,N,,,,,,,,,,,
,CONNER,T,JACKSON,,901069681,N,20260801,,,,,,,,,,,,,,N,,,,,,,,,,,
,ANDI,S,WILLIAMS,,901069727,N,20260801,,,,,,,,,,,,,,N,,,,,,,,,,,
,YASMIN,,RODAN,,901069803,N,20260801,,,,,,,,,,,,,,N,,,,,,,,,,,
,ELI,J,FIELDING,,901069898,N,20260801,,,,,,,,,,,,,,N,,,,,,,,,,,
,JACKIE,B,LEDFORD,,901069919,N,20260801,,,,,,,,,,,,,,N,,,,,,,,,,,
,KAYLIN,B,JOYNER,,901069941,N,20260801,,,,,,,,,,,,,,N,,,,,,,,,,,
,MADILYNN,,GILLESPIE,,901070007,N,20260801,,,,,,,,,,,,,,N,,,,,,,,,,,
,JACOB,V,HATCHER,,901070009,N,20260801,,,,,,,,,,,,,,N,,,,,,,,,,,
,MARLA,,MUIANGA,,901072014,N,20260801,,,,,,,,,,,,,,N,,,,,,,,,,,
,OLIVIA,N,SCHADT,,901072128,N,20260801,,,,,,,,,,,,,,N,,,,,,,,,,,
,MATTOX,W,GENDRON,,901072190,N,20260801,,,,,,,,,,,,,,N,,,,,,,,,,,
,AUSTIN,A,MCMILLAN,,901072254,N,20260801,,,,,,,,,,,,,,N,,,,,,,,,,,
,ISABELLA,M,ARGUETA,,901072263,N,20260801,,,,,,,,,,,,,,N,,,,,,,,,,,
,VISHVA,S,PATEL,,901072325,N,20260801,,,,,,,,,,,,,,N,,,,,,,,,,,
,ALEXANDRA,L,ALLEN,,901072365,N,20260801,,,,,,,,,,,,,,N,,,,,,,,,,,
,WILDER,R,BOND,,901072373,N,20260801,,,,,,,,,,,,,,N,,,,,,,,,,,
,MADISON,E,LEE,,901072411,N,20260801,,,,,,,,,,,,,,N,,,,,,,,,,,
,ANNABELLE,N,BRASHER,,901072478,N,20260801,,,,,,,,,,,,,,N,,,,,,,,,,,
,NATHAN,D,NELSON,,901057100,N,20260801,,,,,,,,,,,,,,N,,,,,,,,,,,
,AVA,G,PORTERFIELD,,901057101,N,20260801,,,,,,,,,,,,,,N,,,,,,,,,,,
,MUGE,,ZHANG,,901057120,N,20260801,,,,,,,,,,,,,,N,,,,,,,,,,,
,ZHU,,GU,,901057123,N,20260801,,,,,,,,,,,,,,N,,,,,,,,,,,
,NATHAN,R,DYER,,901057139,N,20260801,,,,,,,,,,,,,,N,,,,,,,,,,,
,WILLIAM,L,DOVER,,901057184,N,20260801,,,,,,,,,,,,,,N,,,,,,,,,,,
,CONNOR,,SCHRODER,,901057262,N,20260801,,,,,,,,,,,,,,N,,,,,,,,,,,
,PIERCE,M,PRUETT,,901057306,N,20260801,,,,,,,,,,,,,,N,,,,,,,,,,,
,NATHAN,Z,SHARE,,901057318,N,20260801,,,,,,,,,,,,,,N,,,,,,,,,,,
,ANNA,M,RIORDAN,,901069287,N,20260801,,,,,,,,,,,,,,N,,,,,,,,,,,
,BROOKS,P,MARSHALL,,901069291,N,20260801,,,,,,,,,,,,,,N,,,,,,,,,,,
,EVEYN,W,SIMS,,901069469,Y,20260801,001577-00,KENNESAW STATE UNIVERSITY,GA,4,Public,20260824,20261214,F,B,CIVIL ENGINEERING,140801,,,N,,,,,,,,,,,1
,KALEIGH,,HAYES,,901069499,N,20260801,,,,,,,,,,,,,,N,,,,,,,,,,,
,ASHLYN,R,HALL,,901069503,N,20260801,,,,,,,,,,,,,,N,,,,,,,,,,,
,KYNDAL,G,BRIDGES,,901069559,N,20260801,,,,,,,,,,,,,,N,,,,,,,,,,,
,JORDAN,D,PESKIN,,901069606,Y,20260801,001598-00,UNIVERSITY OF GEORGIA,GA,4,Public,20260512,20260803,F,B,INTENDED MARKETING,521401,,,N,,,,,,,,,,,1
,MADISON,A,BLANTON,,901069627,N,20260801,,,,,,,,,,,,,,N,,,,,,,,,,,
,SEAN,,SWEENEY,,901069648,N,20260801,,,,,,,,,,,,,,N,,,,,,,,,,,
,MADISON,K,TURNER,,901069659,N,20260801,,,,,,,,,,,,,,N,,,,,,,,,,,
,OLIVER,C,FETZNER,,901070056,N,20260801,,,,,,,,,,,,,,N,,,,,,,,,,,
,MATTHEW,B,HABER,,901070058,N,20260801,,,,,,,,,,,,,,N,,,,,,,,,,,
,KATRINA,,ALI,,901070064,N,20260801,,,,,,,,,,,,,,N,,,,,,,,,,,
,CARSYN,R,ADAMS,,901070116,N,20260801,,,,,,,,,,,,,,N,,,,,,,,,,,
,COHEN,A,TOMLINSON,,901070149,Y,20260801,001598-00,UNIVERSITY OF GEORGIA,GA,4,Public,20260512,20260803,F,B,AGRICULTURAL AND APPLIED ECON,010103,,,N,,,,,,,,,,,1
,JAMES,,GARMON,,901070407,N,20260801,,,,,,,,,,,,,,N,,,,,,,,,,,
,EDUARDO,E,ORTEGA,,901070432,N,20260801,,,,,,,,,,,,,,N,,,,,,,,,,,
,BO,B,WATKINS,,901070482,N,20260801,,,,,,,,,,,,,,N,,,,,,,,,,,
,WILLIAM,,ELLIOTT,,901070755,N,20260801,,,,,,,,,,,,,,N,,,,,,,,,,,
,NAOMI,M,PETERSON,,901070809,N,20260801,,,,,,,,,,,,,,N,,,,,,,,,,,
,EMILY,A,SHARE,,901057319,N,20260801,,,,,,,,,,,,,,N,,,,,,,,,,,
,ETHAN,S,ONEAL,,901057344,N,20260801,,,,,,,,,,,,,,N,,,,,,,,,,,
,DANIEL,B,SHARE,,901057360,N,20260801,,,,,,,,,,,,,,N,,,,,,,,,,,
,KALEB,R,SEXTON,,901057404,N,20260801,,,,,,,,,,,,,,N,,,,,,,,,,,
,CHARLEY,C,SMITH,,901057438,N,20260801,,,,,,,,,,,,,,N,,,,,,,,,,,
,PAYTON,G,APOLENIS,,901057498,N,20260801,,,,,,,,,,,,,,N,,,,,,,,,,,
,GABRIELLA,,GLIATTA,,901057513,N,20260801,,,,,,,,,,,,,,N,,,,,,,,,,,
,EMORY,M,CARROLL,,901057525,N,20260801,,,,,,,,,,,,,,N,,,,,,,,,,,
,DOMINIC,R,PRIMATO,,901057528,N,20260801,,,,,,,,,,,,,,N,,,,,,,,,,,
,KAYLEIGH,L,DYER,,901072483,N,20260801,,,,,,,,,,,,,,N,,,,,,,,,,,
,DAVID,A,ESTES,,901072522,N,20260801,,,,,,,,,,,,,,N,,,,,,,,,,,
,LETICIA,A,TILLU,,901072619,N,20260801,,,,,,,,,,,,,,N,,,,,,,,,,,
,ABBEY,M,STECOVICH,,901072620,N,20260801,,,,,,,,,,,,,,N,,,,,,,,,,,
,ROBERT,B,PARRISH,,901072636,N,20260801,,,,,,,,,,,,,,N,,,,,,,,,,,
,BRAYDEN,M,DUNSTON,,901072726,N,20260801,,,,,,,,,,,,,,N,,,,,,,,,,,
,ALEXES,N,ONYEYIRI,,901072742,N,20260801,,,,,,,,,,,,,,N,,,,,,,,,,,
,PETER,M,BABB,,901072878,Y,20260801,001598-00,UNIVERSITY OF GEORGIA,GA,4,Public,20260512,20260803,F,B,BIOCHEM AND MOLECULAR BIOLOGY,260210,,,N,,,,,,,,,,,1
,AIDAN,C,KANE,,901072917,N,20260801,,,,,,,,,,,,,,N,,,,,,,,,,,
,KARTER,M,ROBERTS,,901072940,N,20260801,,,,,,,,,,,,,,N,,,,,,,,,,,
,KRISH,N,TRIVEDI,,901069706,N,20260801,,,,,,,,,,,,,,N,,,,,,,,,,,
,SAWYER,W,BAILEY,,901069751,Y,20260801,001598-00,UNIVERSITY OF GEORGIA,GA,4,Public,20260512,20260803,H,B,INTENDED FINANCE,520801,,,N,,,,,,,,,,,1
,OLIVER,H,HOWELL,,901069820,N,20260801,,,,,,,,,,,,,,N,,,,,,,,,,,
,AVERY,L,GREESON,,901069848,N,20260801,,,,,,,,,,,,,,N,,,,,,,,,,,
,IAN,J,LYONS,,901069852,N,20260801,,,,,,,,,,,,,,N,,,,,,,,,,,
,TUCKER,H,HEATON,,901069908,N,20260801,,,,,,,,,,,,,,N,,,,,,,,,,,
,JONATHAN,D,SIMPSON,,901069956,N,20260801,,,,,,,,,,,,,,N,,,,,,,,,,,
,KATE,K,JANSSEN,,901070017,N,20260801,,,,,,,,,,,,,,N,,,,,,,,,,,
,DAVIS,R,STRICKLAND,,901070036,Y,20260801,001577-00,KENNESAW STATE UNIVERSITY,GA,4,Public,20260824,20261214,F,B,SPORT MANAGEMENT,310504,,,N,,,,,,,,,,,1
,LOGAN,C,FLOYD,,901072967,N,20260801,,,,,,,,,,,,,,N,,,,,,,,,,,
,JOHN,D,GARLAND,,901073000,Y,20260801,001598-00,UNIVERSITY OF GEORGIA,GA,4,Public,20260512,20260803,F,B,SPORT MANAGEMENT,310504,,,N,,,,,,,,,,,1
,ETHAN,,YOUNG,,901073027,N,20260801,,,,,,,,,,,,,,N,,,,,,,,,,,
,ELLENOIR,A,ADAMS,,901073100,N,20260801,,,,,,,,,,,,,,N,,,,,,,,,,,
,ADA,G,KEENER,,901073299,N,20260801,,,,,,,,,,,,,,N,,,,,,,,,,,
,JAMES,D,COMBEE,,901073381,N,20260801,,,,,,,,,,,,,,N,,,,,,,,,,,
,MARV,A,LAROSE,,901073406,N,20260801,,,,,,,,,,,,,,N,,,,,,,,,,,
,ARBI,,HOXHA,,901073449,N,20260801,,,,,,,,,,,,,,N,,,,,,,,,,,
,HANNAH,G,HOLT,,901073475,N,20260801,,,,,,,,,,,,,,N,,,,,,,,,,,
,SOPHIA,M,COPELAND,,901073481,N,20260801,,,,,,,,,,,,,,N,,,,,,,,,,,
,EMILY,S,BAGGETT,,901070241,Y,20260801,001588-00,PIEDMONT UNIVERSITY,GA,4,Private,20260812,20261208,F,F,CRIMINAL JUSTICE,430107,,,N,,,,,,,,,,,1
,PARKER,B,GRESHAM,,901070255,N,20260801,,,,,,,,,,,,,,N,,,,,,,,,,,
,MORGAN,A,CUCKSEE,,901070340,N,20260801,,,,,,,,,,,,,,N,,,,,,,,,,,
,LANDON,J,WEBBER,,901070370,N,20260801,,,,,,,,,,,,,,N,,,,,,,,,,,
,LOGAN,T,WILLIAMS,,901070403,N,20260801,,,,,,,,,,,,,,N,,,,,,,,,,,
,JONATHAN,E,HOLCOMB,,901070884,N,20260801,,,,,,,,,,,,,,N,,,,,,,,,,,
,JULIANA,N,LASHLEY,,901070957,N,20260801,,,,,,,,,,,,,,N,,,,,,,,,,,
,HOPE,,TUBESING,,901071042,Y,20260801,001598-00,UNIVERSITY OF GEORGIA,GA,4,Public,20260512,20260803,F,B,EXERCISE AND SPORT SCIENCE,310505,,,N,,,,,,,,,,,1
,JACKSON,D,HUGHES,,901071065,N,20260801,,,,,,,,,,,,,,N,,,,,,,,,,,
,TAYLOR,E,BELLFLOWER,,901071163,N,20260801,,,,,,,,,,,,,,N,,,,,,,,,,,
,NATHAN,M,MANCINI,,901071274,N,20260801,,,,,,,,,,,,,,N,,,,,,,,,,,
,JOHN,C,WILSON,,901071333,N,20260801,,,,,,,,,,,,,,N,,,,,,,,,,,
,THOMAS,K,HARRIS,,901071335,N,20260801,,,,,,,,,,,,,,N,,,,,,,,,,,
,OWEN,,MIECHIELS,,901071379,N,20260801,,,,,,,,,,,,,,N,,,,,,,,,,,
,ANNELY,B,MAXEY,,901071497,N,20260801,,,,,,,,,,,,,,N,,,,,,,,,,,
,ERIN,A,GILLIGAN,,901071553,N,20260801,,,,,,,,,,,,,,N,,,,,,,,,,,
,ARYN,,HANKINS,,901071593,N,20260801,,,,,,,,,,,,,,N,,,,,,,,,,,
,ISABELLA,,MIHALESCU,,901071667,N,20260801,,,,,,,,,,,,,,N,,,,,,,,,,,
,ANDREW,P,POKRANT,,901057533,N,20260801,,,,,,,,,,,,,,N,,,,,,,,,,,
,LUCIA,L,NEWTON,,901057655,N,20260801,,,,,,,,,,,,,,N,,,,,,,,,,,
,ELISA,,MENK,,901057656,Y,20260801,001577-00,KENNESAW STATE UNIVERSITY,GA,4,Public,20260824,20261214,F,B,ARCHITECTURE,040902,,,N,,,,,,,,,,,1
,DIVYASREE,,CHAMA,,901057726,N,20260801,,,,,,,,,,,,,,N,,,,,,,,,,,
,LYLA,R,SETZER,,901057740,N,20260801,,,,,,,,,,,,,,N,,,,,,,,,,,
,AVA,G,ZUNIGA,,901057750,N,20260801,,,,,,,,,,,,,,N,,,,,,,,,,,
,SOPHIA,,TABRIZI,,901057758,N,20260801,,,,,,,,,,,,,,N,,,,,,,,,,,
,LEVI,J,THOMAS,,901057798,N,20260801,,,,,,,,,,,,,,N,,,,,,,,,,,
,SALVADOR,H,RAMIREZ,,901057867,N,20260801,,,,,,,,,,,,,,N,,,,,,,,,,,
,CADE,S,MORGAN,,901057904,N,20260801,,,,,,,,,,,,,,N,,,,,,,,,,,
,KYLIE,R,D'CARLO,,901072023,N,20260801,,,,,,,,,,,,,,N,,,,,,,,,,,
,ISABELLA,T,CHRISANDUT,,901072175,Y,20260801,001577-00,KENNESAW STATE UNIVERSITY,GA,4,Public,20260824,20261214,F,B,MANAGEMENT INTEREST,520201,,,N,,,,,,,,,,,1
,RACHEL,H,DOAN,,901072207,N,20260801,,,,,,,,,,,,,,N,,,,,,,,,,,
,ANTHONY-KYLE,L,MASON,,901072237,N,20260801,,,,,,,,,,,,,,N,,,,,,,,,,,
,PATRICK,L,HENNELLY,,901072458,N,20260801,,,,,,,,,,,,,,N,,,,,,,,,,,
,EVYN,E,COLE,,901072469,N,20260801,,,,,,,,,,,,,,N,,,,,,,,,,,
,CORT,,HAGERMAN,,901072671,N,20260801,,,,,,,,,,,,,,N,,,,,,,,,,,
,CARMELITA,I,CALTABIANO,,901072718,N,20260801,,,,,,,,,,,,,,N,,,,,,,,,,,
,JAMES,W,COBB,,901072744,N,20260801,,,,,,,,,,,,,,N,,,,,,,,,,,
,ETHAN,H,PHAM,,901072820,N,20260801,,,,,,,,,,,,,,N,,,,,,,,,,,
,ANNA,K,WILLIAMSON,,901057907,N,20260801,,,,,,,,,,,,,,N,,,,,,,,,,,
,SAMANTHA,L,MITCHELL,,901057911,N,20260801,,,,,,,,,,,,,,N,,,,,,,,,,,
,ANSLEY,G,STEFFEY,,901058060,N,20260801,,,,,,,,,,,,,,N,,,,,,,,,,,
,RIYA,R,JAIN,,901058296,N,20260801,,,,,,,,,,,,,,N,,,,,,,,,,,
,EVE,C,KNIGHT,,901058364,N,20260801,,,,,,,,,,,,,,N,,,,,,,,,,,
,PAUL,N,BISSAH,,901058428,N,20260801,,,,,,,,,,,,,,N,,,,,,,,,,,
,NAZEEFA,,LOLADIA,,901058740,N,20260801,,,,,,,,,,,,,,N,,,,,,,,,,,
,JESSIE,L,RADAKER,,901058856,N,20260801,,,,,,,,,,,,,,N,,,,,,,,,,,
,ACTON,,SMITH,,901058907,N,20260801,,,,,,,,,,,,,,N,,,,,,,,,,,
,ALEXANDER,S,MILTIADES,,901072830,N,20260801,,,,,,,,,,,,,,N,,,,,,,,,,,
,NYLA,Y,OSMANI,,901072935,N,20260801,,,,,,,,,,,,,,N,,,,,,,,,,,
,SALVADOR,,RUIZ-AGUILLON,,901073006,Y,20260801,001588-00,PIEDMONT UNIVERSITY,GA,4,Private,20260812,20261208,F,F,ACCOUNTING,520301,,,N,,,,,,,,,,,1
,GABRIEL,W,JOHNSON,,901073020,N,20260801,,,,,,,,,,,,,,N,,,,,,,,,,,
,ANDREW,J,GINEX,,901073241,N,20260801,,,,,,,,,,,,,,N,,,,,,,,,,,
,CHARLES,P,TAYLOR,,901073279,N,20260801,,,,,,,,,,,,,,N,,,,,,,,,,,
,WILLIAM,T,GREER,,901073386,N,20260801,,,,,,,,,,,,,,N,,,,,,,,,,,
,SHEYLA,B,MAYA,,901073436,N,20260801,,,,,,,,,,,,,,N,,,,,,,,,,,
,CHRISTOPHER,,HERNANDEZ-GONZALEZ,,901073440,N,20260801,,,,,,,,,,,,,,N,,,,,,,,,,,
,ALAN,D,NGUYEN,,901073485,N,20260801,,,,,,,,,,,,,,N,,,,,,,,,,,
,ANGELITA,,ROSENBERG,,901071038,N,20260801,,,,,,,,,,,,,,N,,,,,,,,,,,
,JADON,C,MARSHALL,,901071123,N,20260801,,,,,,,,,,,,,,N,,,,,,,,,,,
,ANNA,K,WOOTEN,,901071160,N,20260801,,,,,,,,,,,,,,N,,,,,,,,,,,
,ETHAN,L,BIONDI,,901071167,N,20260801,,,,,,,,,,,,,,N,,,,,,,,,,,
,LONDON,R,COLEY,,901071170,N,20260801,,,,,,,,,,,,,,N,,,,,,,,,,,
,KENNETH,,DUARTE,,901071199,N,20260801,,,,,,,,,,,,,,N,,,,,,,,,,,
,LYDIA,S,GAY,,901071200,N,20260801,,,,,,,,,,,,,,N,,,,,,,,,,,
,ANDREW,,COX,,901071205,N,20260801,,,,,,,,,,,,,,N,,,,,,,,,,,
,EMMA,G,FORRESTER,,901071207,N,20260801,,,,,,,,,,,,,,N,,,,,,,,,,,
,JACOB,P,XIONG,,901058987,N,20260801,,,,,,,,,,,,,,N,,,,,,,,,,,
,MADASIN,G,STOLZMANN,,901059070,N,20260801,,,,,,,,,,,,,,N,,,,,,,,,,,
,LILIAN,M,URQUIDEZ,,901059306,N,20260801,,,,,,,,,,,,,,N,,,,,,,,,,,
,JACOB,X,ZHANG,,901059510,N,20260801,,,,,,,,,,,,,,N,,,,,,,,,,,
,EVAN,R,EGOLF,,901059560,N,20260801,,,,,,,,,,,,,,N,,,,,,,,,,,
,LEAH,W,CALDWELL,,901059564,N,20260801,,,,,,,,,,,,,,N,,,,,,,,,,,
,REBECCA,L,ENGLISH,,901059570,Y,20260801,001577-00,KENNESAW STATE UNIVERSITY,GA,4,Public,20260824,20261214,F,B,FOCUS AREA SOCIAL SCIENCES,240102,,,N,,,,,,,,,,,1
,ADVAIT HARDIK,,HARISH,,901059585,N,20260801,,,,,,,,,,,,,,N,,,,,,,,,,,
,KRIA,H,DESAI,,901059606,N,20260801,,,,,,,,,,,,,,N,,,,,,,,,,,
,JOHN,T,GRESHAM,,901073516,N,20260801,,,,,,,,,,,,,,N,,,,,,,,,,,
,VALDEMAR,S,LARSEN,,901073551,N,20260801,,,,,,,,,,,,,,N,,,,,,,,,,,
,MANFRIED,J,BRINK,,901073883,N,20260801,,,,,,,,,,,,,,N,,,,,,,,,,,
,AVA,J,HARDEN,,901073972,N,20260801,,,,,,,,,,,,,,N,,,,,,,,,,,
,JACKSON,C,ROTELLA,,901074142,N,20260801,,,,,,,,,,,,,,N,,,,,,,,,,,
,GARRETT,L,SIMMONS,,901074236,Y,20260801,001598-00,UNIVERSITY OF GEORGIA,GA,4,Public,20260512,20260803,H,B,INTENDED ELECTRCL ELECTRON ENG,141001,,,N,,,,,,,,,,,1
,EMMA,P,DUNN,,901074343,N,20260801,,,,,,,,,,,,,,N,,,,,,,,,,,
,RIA,K,CHOKSHI,,901074441,N,20260801,,,,,,,,,,,,,,N,,,,,,,,,,,
,ERIN,D,MICHALKE,,901074456,N,20260801,,,,,,,,,,,,,,N,,,,,,,,,,,
,ANDERSON,G,OLTMANN,,901074471,N,20260801,,,,,,,,,,,,,,N,,,,,,,,,,,
,MAKENZEE,L,KELLEY,,901073563,N,20260801,,,,,,,,,,,,,,N,,,,,,,,,,,
,JOHN,P,KNESEK,,901073766,N,20260801,,,,,,,,,,,,,,N,,,,,,,,,,,
,ANDREW,B,WOOD,,901073768,N,20260801,,,,,,,,,,,,,,N,,,,,,,,,,,
,DOMINIC,A,PROCHELO,,901073842,N,20260801,,,,,,,,,,,,,,N,,,,,,,,,,,
,MICHAEL,D,KELSEY,,901073846,N,20260801,,,,,,,,,,,,,,N,,,,,,,,,,,
,CIARRA,K,LEE-MOOK,,901073952,N,20260801,,,,,,,,,,,,,,N,,,,,,,,,,,
,RYDER,G,SANTAMARIA,,901074228,Y,20260801,001585-00,UNIVERSITY OF NORTH GEORGIA,GA,4,Public,20260810,20261204,F,B,COMPUTER SCIENCE,110101,,,N,,,,,,,,,,,1
,GRIFFIN,P,WELLS,,901074511,N,20260801,,,,,,,,,,,,,,N,,,,,,,,,,,
,BROOKE,L,STOUT,,901074564,N,20260801,,,,,,,,,,,,,,N,,,,,,,,,,,
,DYLAN,E,LAWSON,,901071233,N,20260801,,,,,,,,,,,,,,N,,,,,,,,,,,
,KINSLEY,A,CAUDLE,,901071371,N,20260801,,,,,,,,,,,,,,N,,,,,,,,,,,
,MATTHEW,R,MONARCHIK,,901071399,N,20260801,,,,,,,,,,,,,,N,,,,,,,,,,,
,DWAYNE,D,DUBOSE,,901071537,N,20260801,,,,,,,,,,,,,,N,,,,,,,,,,,
,NATALY,,GUERRERO,,901071550,N,20260801,,,,,,,,,,,,,,N,,,,,,,,,,,
,OLIVIA,M,PAWENSKI,,901071578,N,20260801,,,,,,,,,,,,,,N,,,,,,,,,,,
,MASON,J,BURROUGHS,,901071643,N,20260801,,,,,,,,,,,,,,N,,,,,,,,,,,
,COPELAN,M,O'DELL,,901071670,N,20260801,,,,,,,,,,,,,,N,,,,,,,,,,,
,DAVID,J,LAWSON,,901071713,N,20260801,,,,,,,,,,,,,,N,,,,,,,,,,,
,LOGAN,B,GRANNAN,,901074614,Y,20260801,001598-00,UNIVERSITY OF GEORGIA,GA,4,Public,20260512,20260803,H,B,INTENDED MARKETING,521401,,,N,,,,,,,,,,,1
,JOHN,P,TREVOR,,901074641,N,20260801,,,,,,,,,,,,,,N,,,,,,,,,,,
,JAYDENN,N,HILL,,901074676,N,20260801,,,,,,,,,,,,,,N,,,,,,,,,,,
,CHARLES,D,MORA VALDEZ,,901074758,N,20260801,,,,,,,,,,,,,,N,,,,,,,,,,,
,KEVIN,,GONZALEZ GARCIA,,901074875,Y,20260801,001577-00,KENNESAW STATE UNIVERSITY,GA,4,Public,20260824,20261214,Q,B,ACCOUNTING INTEREST,520301,,,N,,,,,,,,,,,1
,THADDIUS,A,ZELLEY,,901075026,N,20260801,,,,,,,,,,,,,,N,,,,,,,,,,,
,CHARLES,R,LONSWAY,,901075170,N,20260801,,,,,,,,,,,,,,N,,,,,,,,,,,
,KYE,F,KENNINGTON,,901075191,N,20260801,,,,,,,,,,,,,,N,,,,,,,,,,,
,TAYLA,M,PAYNE,,901075206,N,20260801,,,,,,,,,,,,,,N,,,,,,,,,,,
,SARAH,,ZIDAR,,901074528,N,20260801,,,,,,,,,,,,,,N,,,,,,,,,,,
,BRANTLEY,,HARRISON,,901074557,N,20260801,,,,,,,,,,,,,,N,,,,,,,,,,,
,ALONA,G,BRALEY,,901074560,N,20260801,,,,,,,,,,,,,,N,,,,,,,,,,,
,PHOEBE,M,WAGNER,,901074671,N,20260801,,,,,,,,,,,,,,N,,,,,,,,,,,
,COLBY,O,CAPE,,901074707,N,20260801,,,,,,,,,,,,,,N,,,,,,,,,,,
,BRYLEE,,LACQUEMENT,,901074764,N,20260801,,,,,,,,,,,,,,N,,,,,,,,,,,
,ANYELIN,A,ALVAREZ,,901074838,N,20260801,,,,,,,,,,,,,,N,,,,,,,,,,,
,MADELYN,N,DAVIS,,901074859,N,20260801,,,,,,,,,,,,,,N,,,,,,,,,,,
,BENJAMIN,W,HALEY,,901074877,N,20260801,,,,,,,,,,,,,,N,,,,,,,,,,,
,LAINIE,A,LYNAM,,901074896,Y,20260801,001577-00,KENNESAW STATE UNIVERSITY,GA,4,Public,20260824,20261214,F,B,INTERNATIONAL AFFAIRS,450901,,,N,,,,,,,,,,,1
,LAURA,R,BRYANT,,901071767,N,20260801,,,,,,,,,,,,,,N,,,,,,,,,,,
,MATIAS,,RAFAEL GARCIA,,901071854,N,20260801,,,,,,,,,,,,,,N,,,,,,,,,,,
,DONAVEN,D,PHOENIX,,901072038,N,20260801,,,,,,,,,,,,,,N,,,,,,,,,,,
,ROBERT,H,HEIDT,,901072143,N,20260801,,,,,,,,,,,,,,N,,,,,,,,,,,
,ADITYA,V,KAMATH,,901072284,N,20260801,,,,,,,,,,,,,,N,,,,,,,,,,,
,AVA,G,ROBERTS,,901072367,N,20260801,,,,,,,,,,,,,,N,,,,,,,,,,,
,JAIDEN,N,CASH,,901072560,N,20260801,,,,,,,,,,,,,,N,,,,,,,,,,,
,DENNIS,J,ORTIZ,,901072605,N,20260801,,,,,,,,,,,,,,N,,,,,,,,,,,
,LAUREL,F,JORDAN,,901072615,N,20260801,,,,,,,,,,,,,,N,,,,,,,,,,,
,ADALYN,R,DEFOREST,,901075434,N,20260801,,,,,,,,,,,,,,N,,,,,,,,,,,
,CADEN,A,VLASTELIC,,901075438,N,20260801,,,,,,,,,,,,,,N,,,,,,,,,,,
,JOSEPH,L,BROWN,,901075598,N,20260801,,,,,,,,,,,,,,N,,,,,,,,,,,
,ALAINA,R,WILLIAMS,,901075625,N,20260801,,,,,,,,,,,,,,N,,,,,,,,,,,
,LUCAS,A,GILL,,901075655,N,20260801,,,,,,,,,,,,,,N,,,,,,,,,,,
,KENYA,M,FINCH,,901075690,N,20260801,,,,,,,,,,,,,,N,,,,,,,,,,,
,ABIGAIL,H,DOWDY,,901075757,N,20260801,,,,,,,,,,,,,,N,,,,,,,,,,,
,EMILY,G,DOCKERY,,901075788,N,20260801,,,,,,,,,,,,,,N,,,,,,,,,,,
,JOY,M,MACH,,901075817,N,20260801,,,,,,,,,,,,,,N,,,,,,,,,,,
,LIZ MARIE,,POLANCO ARIAS,,901074905,N,20260801,,,,,,,,,,,,,,N,,,,,,,,,,,
,GRACELAND,S,READ,,901074967,N,20260801,,,,,,,,,,,,,,N,,,,,,,,,,,
,OLIVER,O,WILLIAMS,,901075009,N,20260801,,,,,,,,,,,,,,N,,,,,,,,,,,
,JONAS,L,LEWIS-CAPO,,901075072,N,20260801,,,,,,,,,,,,,,N,,,,,,,,,,,
,WILLIAM,R,BRADDY,,901075140,N,20260801,,,,,,,,,,,,,,N,,,,,,,,,,,
,BROOKE,E,LONGHURST,,901075468,N,20260801,,,,,,,,,,,,,,N,,,,,,,,,,,
,ISABEL,A,GONZALES,,901075536,N,20260801,,,,,,,,,,,,,,N,,,,,,,,,,,
,NATALIE,L,PALMER,,901075589,N,20260801,,,,,,,,,,,,,,N,,,,,,,,,,,
,MARCOS,M,ALBORNOZ REINOSO,,901075761,N,20260801,,,,,,,,,,,,,,N,,,,,,,,,,,
,WALTER,B,CARTER,,901072670,Y,20260801,001598-00,UNIVERSITY OF GEORGIA,GA,4,Public,20260512,20260803,F,B,INTENDED SPORT MANAGEMENT,310504,,,N,,,,,,,,,,,1
,MATTHEW,G,TURNER,,901072753,Y,20260801,001571-00,GEORGIA MILITARY COLLEGE- ONLINE,GA,2,Public,20260810,20261006,F,F,BUSINESS MANAGEMENT,520201,,,N,,,,,,,,,,,1
,NOAH,,KNIGHT,,901072835,Y,20260801,001571-00,GEORGIA MILITARY COLLEGE- FAIRBURN,GA,2,Public,20260810,20261006,L,S,BUSINESS ADMINISTRATION,520201,,,N,,,,,,,,,,,1
,AUDREY,E,OWENS,,901072838,Y,20260801,001577-00,KENNESAW STATE UNIVERSITY,GA,4,Public,20260824,20261214,Q,B,ACCOUNTING INTEREST,520301,,,N,,,,,,,,,,,1
,CATELYN,E,BROWN,,901072843,N,20260801,,,,,,,,,,,,,,N,,,,,,,,,,,
,BENJAMIN,A,POSNER,,901072871,N,20260801,,,,,,,,,,,,,,N,,,,,,,,,,,
,SOPHIA,M,CASTILLO,,901072885,N,20260801,,,,,,,,,,,,,,N,,,,,,,,,,,
,NATALEE,B,REEVES,,901072994,N,20260801,,,,,,,,,,,,,,N,,,,,,,,,,,
,SHARON,L,TALLANT,,901072995,N,20260801,,,,,,,,,,,,,,N,,,,,,,,,,,
,CAVIN,C,LAWSON,,901072999,N,20260801,,,,,,,,,,,,,,N,,,,,,,,,,,
,KYLIE,N,WORTHINGTON,,901076034,N,20260801,,,,,,,,,,,,,,N,,,,,,,,,,,
,WILLIAM,M,BLAKE,,901076123,N,20260801,,,,,,,,,,,,,,N,,,,,,,,,,,
,BRADEN,J,GREEN,,901076156,N,20260801,,,,,,,,,,,,,,N,,,,,,,,,,,
,OWEN,M,MANGUM,,901076195,N,20260801,,,,,,,,,,,,,,N,,,,,,,,,,,
,ARIYANA,G,ABERNATHY,,901076198,N,20260801,,,,,,,,,,,,,,N,,,,,,,,,,,
,TRISTEN,E,SERES,,901076437,N,20260801,,,,,,,,,,,,,,N,,,,,,,,,,,
,SAUL,,RUIZ,,901076504,N,20260801,,,,,,,,,,,,,,N,,,,,,,,,,,
,TORIE,B,VELASQUEZ,,901076513,N,20260801,,,,,,,,,,,,,,N,,,,,,,,,,,
,ADDISON,G,SUGGS,,901076515,N,20260801,,,,,,,,,,,,,,N,,,,,,,,,,,
,BLAKELY,A,MARTIN,,901075927,N,20260801,,,,,,,,,,,,,,N,,,,,,,,,,,
,SAVANNAH,,PATTON,,901075947,N,20260801,,,,,,,,,,,,,,N,,,,,,,,,,,
,CONNOR,S,SMITH,,901075954,N,20260801,,,,,,,,,,,,,,N,,,,,,,,,,,
,OLIVIA,R,MORRIS,,901075964,Y,20260801,003448-00,UNIVERSITY OF SOUTH CAROLINA,SC,4,Public,20260816,20261214,F,S,ELEMENTARY EDUCATION,131202,,,N,,,,,,,,,,,1
,CARSON,A,DANIEL,,901076110,N,20260801,,,,,,,,,,,,,,N,,,,,,,,,,,
,JAMES,B,MCGUIRT,,901076196,N,20260801,,,,,,,,,,,,,,N,,,,,,,,,,,
,ELLA GRACE,A,ENGLE,,901076238,N,20260801,,,,,,,,,,,,,,N,,,,,,,,,,,
,ANGIE,,VAZQUEZ,,901076394,Y,20260801,001585-00,UNIVERSITY OF NORTH GEORGIA,GA,4,Public,20260810,20261204,L,B,INTERDISCIPLINARY STUDIES,240102,,,N,,,,,,,,,,,1
,JACE,R,DUNCAN,,901076456,N,20260801,,,,,,,,,,,,,,N,,,,,,,,,,,
,CONNOR,W,THRUSH,,901073058,N,20260801,,,,,,,,,,,,,,N,,,,,,,,,,,
,JAYDA,A,HEADRICK,,901073102,N,20260801,,,,,,,,,,,,,,N,,,,,,,,,,,
,JAMES,J,RAMAGLIA,,901073129,N,20260801,,,,,,,,,,,,,,N,,,,,,,,,,,
,EMILY,J,MATTHEW,,901073273,N,20260801,,,,,,,,,,,,,,N,,,,,,,,,,,
,VICTOR,J,PARK,,901073438,N,20260801,,,,,,,,,,,,,,N,,,,,,,,,,,
,NEVAEH,M,SUMMERSETT,,901073452,Y,20260801,001577-00,KENNESAW STATE UNIVERSITY,GA,4,Public,20260824,20261214,F,B,INTEGRATED HEALTH SCIENCE,510000,,,N,,,,,,,,,,,1
,NORMAN,J,ABUATA,,901073461,N,20260801,,,,,,,,,,,,,,N,,,,,,,,,,,
,SUSAN,E,HOLLETT,,901073522,N,20260801,,,,,,,,,,,,,,N,,,,,,,,,,,
,JAKE,M,FOGEL,,901073619,N,20260801,,,,,,,,,,,,,,N,,,,,,,,,,,
,ISABELLA,G,BUTLER,,901073648,N,20260801,,,,,,,,,,,,,,N,,,,,,,,,,,
,LANDYN,W,DYKES,,901073653,Y,20260801,003125-00,UNIVERSITY OF CINCINNATI,OH,4,Public,20260511,20260808,L,F,CIVIL ENGINEERING,140801,,,N,,,,,,,,,,,1
,JACOB,D,HORWITZ,,901073668,Y,20260801,001598-00,UNIVERSITY OF GEORGIA,GA,4,Public,20260512,20260803,H,B,BIOLOGICAL SCIENCE,300101,,,N,,,,,,,,,,,1
,GAGE,B,BRYAN,,901073748,N,20260801,,,,,,,,,,,,,,N,,,,,,,,,,,
,MAKAILEY,L,CARTHEN,,901073861,N,20260801,,,,,,,,,,,,,,N,,,,,,,,,,,
,ASHTON,,RAY,,901074132,N,20260801,,,,,,,,,,,,,,N,,,,,,,,,,,
,ERICA,M,WASSON,,901074210,N,20260801,,,,,,,,,,,,,,N,,,,,,,,,,,
,NATALIE,,PAYERO,,901074223,N,20260801,,,,,,,,,,,,,,N,,,,,,,,,,,
,CHARLOTH,T,ROPERO ZAPATA,,901074425,N,20260801,,,,,,,,,,,,,,N,,,,,,,,,,,
,HAMILTON,W,PEHRSON,,901059670,N,20260801,,,,,,,,,,,,,,N,,,,,,,,,,,
,BRYSON,O,SHAW,,901059683,N,20260801,,,,,,,,,,,,,,N,,,,,,,,,,,
,AMYA,E,CALLOWAY,,901059704,N,20260801,,,,,,,,,,,,,,N,,,,,,,,,,,
,CAEDMON,M,GEDDINGS,,901059916,N,20260801,,,,,,,,,,,,,,N,,,,,,,,,,,
,RYLAN,E,MATTOX,,901059962,N,20260801,,,,,,,,,,,,,,N,,,,,,,,,,,
,ROYCE,L,ROGERS,,901060052,N,20260801,,,,,,,,,,,,,,N,,,,,,,,,,,
,RYLEE,E,WHITE,,901060082,Y,20260801,001598-00,UNIVERSITY OF GEORGIA,GA,4,Public,20260512,20260803,F,B,INTENDED MARKETING,521401,,,N,,,,,,,,,,,1
,COOPER,W,ZECKMAN,,901060265,Y,20260801,001598-00,UNIVERSITY OF GEORGIA,GA,4,Public,20260512,20260803,H,B,INTENDED FINANCE,520801,,,N,,,,,,,,,,,1
,ALEXANDER,D,NORTON,,901060968,N,20260801,,,,,,,,,,,,,,N,,,,,,,,,,,
,AUSTIN,J,KRONBERG,,901061101,N,20260801,,,,,,,,,,,,,,N,,,,,,,,,,,
,EMILY,R,COLLINS,,901074451,N,20260801,,,,,,,,,,,,,,N,,,,,,,,,,,
,JOHN,A,HASTINGS,,901074455,N,20260801,,,,,,,,,,,,,,N,,,,,,,,,,,
,ABIGAIL,R,HABACKER,,901074539,N,20260801,,,,,,,,,,,,,,N,,,,,,,,,,,
,ADDISON,P,BENNETT,,901074607,N,20260801,,,,,,,,,,,,,,N,,,,,,,,,,,
,ELIJAH,J,THOMAS,,901074612,N,20260801,,,,,,,,,,,,,,N,,,,,,,,,,,
,MADISON,E,HAIRFIELD,,901074661,N,20260801,,,,,,,,,,,,,,N,,,,,,,,,,,
,SAMANTHA,N,MOSS,,901074749,N,20260801,,,,,,,,,,,,,,N,,,,,,,,,,,
,ANNA,E,JOHANOS,,901074755,N,20260801,,,,,,,,,,,,,,N,,,,,,,,,,,
,ABIGAIL,M,NIXON,,901074759,N,20260801,,,,,,,,,,,,,,N,,,,,,,,,,,
,ALEXANDRA,G,POWELL,,901074908,N,20260801,,,,,,,,,,,,,,N,,,,,,,,,,,
,CALEB,,BROWN,,901061135,N,20260801,,,,,,,,,,,,,,N,,,,,,,,,,,
,CHRISTINE,V,JOHNSON,,901061343,N,20260801,,,,,,,,,,,,,,N,,,,,,,,,,,
,PRINCY,,PATEL,,901061425,N,20260801,,,,,,,,,,,,,,N,,,,,,,,,,,
,KINSLEY,N,SELF,,901061499,N,20260801,,,,,,,,,,,,,,N,,,,,,,,,,,
,PEDRO,J,MERCADO GONZALEZ,,901061558,N,20260801,,,,,,,,,,,,,,N,,,,,,,,,,,
,VALERIA,,FERNANDEZ,,901061575,N,20260801,,,,,,,,,,,,,,N,,,,,,,,,,,
,ADITYA,,TOLETY,,901061599,N,20260801,,,,,,,,,,,,,,N,,,,,,,,,,,
,ALLISON,B,MARTIN,,901061610,N,20260801,,,,,,,,,,,,,,N,,,,,,,,,,,
,LACEY,,SKINNER,,901061631,N,20260801,,,,,,,,,,,,,,N,,,,,,,,,,,
,LUCAS,A,HAYNIE,,901076495,N,20260801,,,,,,,,,,,,,,N,,,,,,,,,,,
,ANDER,P,MANALASTAS,,901076496,N,20260801,,,,,,,,,,,,,,N,,,,,,,,,,,
,JONATAN,,ROMERO,,901076527,N,20260801,,,,,,,,,,,,,,N,,,,,,,,,,,
,EMILIO,A,ALVARADO,,901076569,N,20260801,,,,,,,,,,,,,,N,,,,,,,,,,,
,SAVANNAH,N,PACE,,901076702,N,20260801,,,,,,,,,,,,,,N,,,,,,,,,,,
,VYANNA,B,TIEU-TRUONG,,901076839,Y,20260801,001598-00,UNIVERSITY OF GEORGIA,GA,4,Public,20260512,20260803,F,B,HEALTH PROMOTION,512207,,,N,,,,,,,,,,,1
,BENNETT,D,SCHNEIDER,,901077053,N,20260801,,,,,,,,,,,,,,N,,,,,,,,,,,
,ELIZABETH,J,KOENIG,,901077083,N,20260801,,,,,,,,,,,,,,N,,,,,,,,,,,
,WILEY,A,TUCKER,,901077088,N,20260801,,,,,,,,,,,,,,N,,,,,,,,,,,
,MADYSON,R,MORROW,,901077143,N,20260801,,,,,,,,,,,,,,N,,,,,,,,,,,
,ANNA,B,WOOD,,901074942,N,20260801,,,,,,,,,,,,,,N,,,,,,,,,,,
,LANDON,S,ROSS,,901075016,N,20260801,,,,,,,,,,,,,,N,,,,,,,,,,,
,BOSTON,F,BROWN,,901075020,N,20260801,,,,,,,,,,,,,,N,,,,,,,,,,,
,JACOB,B,UNDERWOOD,,901075087,N,20260801,,,,,,,,,,,,,,N,,,,,,,,,,,
,CAMERON,F,HOWARD,,901075101,N,20260801,,,,,,,,,,,,,,N,,,,,,,,,,,
,NOAH,D,PRICKETT,,901075121,N,20260801,,,,,,,,,,,,,,N,,,,,,,,,,,
,JACKSON,L,BELL,,901075137,N,20260801,,,,,,,,,,,,,,N,,,,,,,,,,,
,LINSLEY,I,BROWN,,901075219,N,20260801,,,,,,,,,,,,,,N,,,,,,,,,,,
,CARISSA,G,HULSEY,,901075293,N,20260801,,,,,,,,,,,,,,N,,,,,,,,,,,
,CRISTOBAL,A,BARCENAS,,901075439,N,20260801,,,,,,,,,,,,,,N,,,,,,,,,,,
,OWEN,C,HILLEY,,901075502,N,20260801,,,,,,,,,,,,,,N,,,,,,,,,,,
,JOSHUA,,AMOS,,901075559,N,20260801,,,,,,,,,,,,,,N,,,,,,,,,,,
,ANSLEY,S,TUCKER,,901075563,N,20260801,,,,,,,,,,,,,,N,,,,,,,,,,,
,MICHAEL,,CHUNG,,901075574,N,20260801,,,,,,,,,,,,,,N,,,,,,,,,,,
,JOHN,P,PHILLIPS,,901075595,N,20260801,,,,,,,,,,,,,,N,,,,,,,,,,,
,TITUS,N,CHADWICK,,901075653,N,20260801,,,,,,,,,,,,,,N,,,,,,,,,,,
,CHEYENNE,M,CLOUSE,,901075688,N,20260801,,,,,,,,,,,,,,N,,,,,,,,,,,
,MARISOL,,NUNEZ,,901075705,N,20260801,,,,,,,,,,,,,,N,,,,,,,,,,,
,GAVIN,S,RAY,,901075737,N,20260801,,,,,,,,,,,,,,N,,,,,,,,,,,
,CHARLES,R,NIX,,901075789,N,20260801,,,,,,,,,,,,,,N,,,,,,,,,,,
,DEVIN,G,BUSBY,,901075908,N,20260801,,,,,,,,,,,,,,N,,,,,,,,,,,
,CONOR,L,STONE,,901075918,Y,20260801,001598-00,UNIVERSITY OF GEORGIA,GA,4,Public,20260512,20260803,H,B,INTENDED SPORT MANAGEMENT,310504,,,N,,,,,,,,,,,1
,JACK,S,ABERNATHY,,901075975,N,20260801,,,,,,,,,,,,,,N,,,,,,,,,,,
,THOMAS,J,FERLAND,,901075982,N,20260801,,,,,,,,,,,,,,N,,,,,,,,,,,
,CHRISTOPHER,,RENNO,,901076048,Y,20260801,001598-00,UNIVERSITY OF GEORGIA,GA,4,Public,20260512,20260803,F,B,INTENDED RISK MGMT INSUR,521701,,,N,,,,,,,,,,,1
,KALEIGH,E,PINKSTON,,901076104,N,20260801,,,,,,,,,,,,,,N,,,,,,,,,,,
,MADISON,E,PULLEN,,901076116,N,20260801,,,,,,,,,,,,,,N,,,,,,,,,,,
,KELSEY,A,CARRIG,,901076458,N,20260801,,,,,,,,,,,,,,N,,,,,,,,,,,
,RHIANNON,J,CRAIN,,901076552,N,20260801,,,,,,,,,,,,,,N,,,,,,,,,,,
,PAYTON,E,SKINNER,,901076638,Y,20260801,001585-00,UNIVERSITY OF NORTH GEORGIA,GA,4,Public,20260810,20261204,L,B,MARKETING,521401,,,N,,,,,,,,,,,1
,ALEJANDRO,,RODRIGUEZ,,901076654,N,20260801,,,,,,,,,,,,,,N,,,,,,,,,,,
,JAKOB,S,BAKER,,901076691,N,20260801,,,,,,,,,,,,,,N,,,,,,,,,,,
,PARKER,J,TREGONING,,901076722,N,20260801,,,,,,,,,,,,,,N,,,,,,,,,,,
,CELESTIAN,W,JOPLIN,,901076805,N,20260801,,,,,,,,,,,,,,N,,,,,,,,,,,
,BELLA,R,MOTES,,901076812,N,20260801,,,,,,,,,,,,,,N,,,,,,,,,,,
,VALERIE,,CASH,,901076821,N,20260801,,,,,,,,,,,,,,N,,,,,,,,,,,
,ASHLIE,,AYALA ABARCA,,901076832,N,20260801,,,,,,,,,,,,,,N,,,,,,,,,,,
,GRACIE,E,MORROW,,901076903,N,20260801,,,,,,,,,,,,,,N,,,,,,,,,,,
,SOFIA,M,BERMUDEZ- MENDEZ,,901061678,N,20260801,,,,,,,,,,,,,,N,,,,,,,,,,,
,LAILA,R,BOLTON,,901061731,N,20260801,,,,,,,,,,,,,,N,,,,,,,,,,,
,BREVAN,C,HENNESSEY,,901061928,N,20260801,,,,,,,,,,,,,,N,,,,,,,,,,,
,BURAK,C,BUDAK,,901061941,N,20260801,,,,,,,,,,,,,,N,,,,,,,,,,,
,ANA,K,ESPINA,,901061946,N,20260801,,,,,,,,,,,,,,N,,,,,,,,,,,
,ELLA,R,KEENAN,,901061959,N,20260801,,,,,,,,,,,,,,N,,,,,,,,,,,
,LOUIS,V,TONELLI,,901062147,N,20260801,,,,,,,,,,,,,,N,,,,,,,,,,,
,SARAH,M,CAIRO,,901062166,N,20260801,,,,,,,,,,,,,,N,,,,,,,,,,,
,ANGIE,,GONZALEZ,,901062187,N,20260801,,,,,,,,,,,,,,N,,,,,,,,,,,
,HASINI,,GOTTHULA,,901062228,N,20260801,,,,,,,,,,,,,,N,,,,,,,,,,,
,CHARLOTTE,H,JOY,,901062375,N,20260801,,,,,,,,,,,,,,N,,,,,,,,,,,
,NICOLAS,R,HONEYCUTT,,901062380,N,20260801,,,,,,,,,,,,,,N,,,,,,,,,,,
,KELIA,A,BURTON,,901062451,N,20260801,,,,,,,,,,,,,,N,,,,,,,,,,,
,SHIA,,CARNISH,,901062465,N,20260801,,,,,,,,,,,,,,N,,,,,,,,,,,
,NOAH,L,BURNETTE,,901062512,N,20260801,,,,,,,,,,,,,,N,,,,,,,,,,,
,ADEYEMI,,LADEJOBI,,901062675,N,20260801,,,,,,,,,,,,,,N,,,,,,,,,,,
,LOGAN,D,MASHBURN,,901062729,N,20260801,,,,,,,,,,,,,,N,,,,,,,,,,,
,OMAR,,SHERIFF,,901062909,N,20260801,,,,,,,,,,,,,,N,,,,,,,,,,,
,JASON,C,SMITH,,901062919,N,20260801,,,,,,,,,,,,,,N,,,,,,,,,,,
,JEDMAN,D,WEATHERS,,901062989,N,20260801,,,,,,,,,,,,,,N,,,,,,,,,,,
,PERCY,L,THOMPSON,,901063075,N,20260801,,,,,,,,,,,,,,N,,,,,,,,,,,
,TAYLOR,B,MATTHEWS,,901063169,N,20260801,,,,,,,,,,,,,,N,,,,,,,,,,,
,JOSHUA,,RAMIREZ URBINA,,901063194,N,20260801,,,,,,,,,,,,,,N,,,,,,,,,,,
,LIVIA,M,PAIR,,901063300,N,20260801,,,,,,,,,,,,,,N,,,,,,,,,,,
,SHAWNA,L,FOX,,901063322,N,20260801,,,,,,,,,,,,,,N,,,,,,,,,,,
,BANKS,E,MCCOMMONS,,901063337,Y,20260801,001571-00,GEORGIA MILITARY COLLEGE- ONLINE,GA,2,Public,20260810,20261006,Q,F,,,,,N,,,,,,,,,,,1
,KIAN,G,HALPIN,,901063344,N,20260801,,,,,,,,,,,,,,N,,,,,,,,,,,
,JADE,N,ELIASSON,,901063351,N,20260801,,,,,,,,,,,,,,N,,,,,,,,,,,
,ALISHAN,K,SHAKHMANOV,,901076551,N,20260801,,,,,,,,,,,,,,N,,,,,,,,,,,
,KENDRAYA,,JONES,,901076562,N,20260801,,,,,,,,,,,,,,N,,,,,,,,,,,
,YARELI,P,LOPEZ,,901076563,N,20260801,,,,,,,,,,,,,,N,,,,,,,,,,,
,ABIGAIL,J,FOWLER,,901076642,Y,20260801,001598-00,UNIVERSITY OF GEORGIA,GA,4,Public,20260512,20260803,L,B,INTENDED ELEMENTARY EDUCATION,131202,,,N,,,,,,,,,,,1
,ERIK,,UMANA,,901076824,N,20260801,,,,,,,,,,,,,,N,,,,,,,,,,,
,GAIUS,A,ARIAIL,,901077023,N,20260801,,,,,,,,,,,,,,N,,,,,,,,,,,
,ELIZABETH,B,CAPLAN,,901077469,N,20260801,,,,,,,,,,,,,,N,,,,,,,,,,,
,GRAHAM,D,WESTROM,,901077592,N,20260801,,,,,,,,,,,,,,N,,,,,,,,,,,
,NEYDA,D,PEREZ RAMIREZ,,901077619,N,20260801,,,,,,,,,,,,,,N,,,,,,,,,,,
,TOBIAS,M,SALLEE,,901077149,N,20260801,,,,,,,,,,,,,,N,,,,,,,,,,,
,LUISA,,MARTE DIAZ,,901077214,N,20260801,,,,,,,,,,,,,,N,,,,,,,,,,,
,ANA,,GARCIA-RANGEL,,901077373,N,20260801,,,,,,,,,,,,,,N,,,,,,,,,,,
,JACK,L,BURT,,901077568,Y,20260801,001577-00,KENNESAW STATE UNIVERSITY,GA,4,Public,20260824,20261214,F,B,COMPUTER GAME DESIGN DEV,110204,,,N,,,,,,,,,,,1
,BARRY,,KERNS,,901077967,N,20260801,,,,,,,,,,,,,,N,,,,,,,,,,,
,SIANNA,M,BLANKENSHIP,,901078030,N,20260801,,,,,,,,,,,,,,N,,,,,,,,,,,
,BRIAN,,CABRERA,,901078127,N,20260801,,,,,,,,,,,,,,N,,,,,,,,,,,
,JACKSON,L,WHITNEY,,901078173,N,20260801,,,,,,,,,,,,,,N,,,,,,,,,,,
,MADISON,E,BAXTER,,901078203,N,20260801,,,,,,,,,,,,,,N,,,,,,,,,,,
,TSEEM CEEB,J,VANG,,901077168,N,20260801,,,,,,,,,,,,,,N,,,,,,,,,,,
,GARRETT,E,HERBOUGH,,901077216,N,20260801,,,,,,,,,,,,,,N,,,,,,,,,,,
,TRISTAN,L,BARGAINNIER,,901077228,N,20260801,,,,,,,,,,,,,,N,,,,,,,,,,,
,ANTHONY,,DUONG,,901077248,N,20260801,,,,,,,,,,,,,,N,,,,,,,,,,,
,PAPA KOJO,,OWUSU OTOO,,901077262,N,20260801,,,,,,,,,,,,,,N,,,,,,,,,,,
,DAKOTA,C,BROWN,,901077298,N,20260801,,,,,,,,,,,,,,N,,,,,,,,,,,
,RONIN,A,MAGUIGAN,,901077599,N,20260801,,,,,,,,,,,,,,N,,,,,,,,,,,
,MACI,L,PARSONS,,901077683,N,20260801,,,,,,,,,,,,,,N,,,,,,,,,,,
,NATHAN,D,LONG,,901077749,N,20260801,,,,,,,,,,,,,,N,,,,,,,,,,,
,JAKAIH,J,BELMONT,,901077634,N,20260801,,,,,,,,,,,,,,N,,,,,,,,,,,
,ADDISON,,SHAREEF,,901077644,N,20260801,,,,,,,,,,,,,,N,,,,,,,,,,,
,HESTON,P,THOME,,901077658,N,20260801,,,,,,,,,,,,,,N,,,,,,,,,,,
,MACIE,R,VAN VEGHTEN,,901077707,N,20260801,,,,,,,,,,,,,,N,,,,,,,,,,,
,KIRSTEN,J,MARINACCI,,901077786,Y,20260801,001577-00,KENNESAW STATE UNIVERSITY,GA,4,Public,20260824,20261214,F,B,ELEMENTARY EDUCATION INTEREST,131202,,,N,,,,,,,,,,,1
,ISABELLA,F,AMAYA,,901077799,N,20260801,,,,,,,,,,,,,,N,,,,,,,,,,,
,NATALY,C,FUNEZ IRIAS,,901077932,N,20260801,,,,,,,,,,,,,,N,,,,,,,,,,,
,AMBER,B,GRIFFITHS,,901077998,N,20260801,,,,,,,,,,,,,,N,,,,,,,,,,,
,HALEY,C,GAYTON,,901078159,N,20260801,,,,,,,,,,,,,,N,,,,,,,,,,,
,SETH,T,JOHNSON,,901078218,N,20260801,,,,,,,,,,,,,,N,,,,,,,,,,,
,CONNER,W,SMITH,,901078223,N,20260801,,,,,,,,,,,,,,N,,,,,,,,,,,
,SOPHIA,R,CAPITANO,,901078241,Y,20260801,001571-00,GEORGIA MILITARY COLLEGE- MADISON,GA,2,Public,20260810,20261006,H,S,PRE-NURSING,511105,,,N,,,,,,,,,,,1
,JULIANA,A,AMAYA,,901078263,N,20260801,,,,,,,,,,,,,,N,,,,,,,,,,,
,DEAN,T,CHOW,,901078279,Y,20260801,001577-00,KENNESAW STATE UNIVERSITY,GA,4,Public,20260824,20261214,F,B,MECHANICAL ENGINEERING,141901,,,N,,,,,,,,,,,1
,EVAN,,SCHNELLER,,901078281,N,20260801,,,,,,,,,,,,,,N,,,,,,,,,,,
,MACKENZIE,L,HINKLEY,,901078361,N,20260801,,,,,,,,,,,,,,N,,,,,,,,,,,
,DANIELLE,K,ATOLLI,,901078459,N,20260801,,,,,,,,,,,,,,N,,,,,,,,,,,
,MADISON,L,MABRY,,901078483,N,20260801,,,,,,,,,,,,,,N,,,,,,,,,,,
,ALEXANDER,,GODINEZ,,901078495,N,20260801,,,,,,,,,,,,,,N,,,,,,,,,,,
,CHARIS,B,HUMBY,,901077936,N,20260801,,,,,,,,,,,,,,N,,,,,,,,,,,
,SARAI,A,BROWN,,901078104,N,20260801,,,,,,,,,,,,,,N,,,,,,,,,,,
,MASON,S,GRAHAM,,901078130,N,20260801,,,,,,,,,,,,,,N,,,,,,,,,,,
,CATERINE,,BARRERA TORO,,901078154,N,20260801,,,,,,,,,,,,,,N,,,,,,,,,,,
,JACOB,C,GARNER,,901078289,N,20260801,,,,,,,,,,,,,,N,,,,,,,,,,,
,CELIA,E,HARDIN,,901078354,N,20260801,,,,,,,,,,,,,,N,,,,,,,,,,,
,CHLOE,M,SATTERFIELD,,901078420,N,20260801,,,,,,,,,,,,,,N,,,,,,,,,,,
,NICOLE,A,ESTRADA GONZALEZ,,901078535,N,20260801,,,,,,,,,,,,,,N,,,,,,,,,,,
,JAMES,G,PORTER,,901078556,N,20260801,,,,,,,,,,,,,,N,,,,,,,,,,,
,JAELYN,M,DILLS,,901078165,N,20260801,,,,,,,,,,,,,,N,,,,,,,,,,,
,AUSTIN,J,REECE,,901078198,N,20260801,,,,,,,,,,,,,,N,,,,,,,,,,,
,OWEN,B,VANHORN,,901078205,N,20260801,,,,,,,,,,,,,,N,,,,,,,,,,,
,DIEGO,,ALVAREZ,,901078222,N,20260801,,,,,,,,,,,,,,N,,,,,,,,,,,
,PEYTON,,OWNBEY,,901078267,N,20260801,,,,,,,,,,,,,,N,,,,,,,,,,,
,KEATON,A,MIRABAL,,901078487,N,20260801,,,,,,,,,,,,,,N,,,,,,,,,,,
,BRENDAN,K,MALONEY,,901078518,N,20260801,,,,,,,,,,,,,,N,,,,,,,,,,,
,OLIVIA,E,ZEPP,,901078531,N,20260801,,,,,,,,,,,,,,N,,,,,,,,,,,
,CADEN,B,PAINTER,,901078645,N,20260801,,,,,,,,,,,,,,N,,,,,,,,,,,
,CHRISTOPHER,J,KULIK,,901063851,N,20260801,,,,,,,,,,,,,,N,,,,,,,,,,,
,BENJAMIN,T,CHASTAIN,,901064100,N,20260801,,,,,,,,,,,,,,N,,,,,,,,,,,
,JUSTIN,D,ENGLAND,,901064155,Y,20260801,001571-00,GEORGIA MILITARY COLLEGE,GA,2,Public,20260810,20261006,F,S,KINESIOLOGY,310505,,,N,,,,,,,,,,,1
,ADELINE,,WOOD,,901064178,N,20260801,,,,,,,,,,,,,,N,,,,,,,,,,,
,LUKE,A,SHANNON,,901064187,N,20260801,,,,,,,,,,,,,,N,,,,,,,,,,,
,NATALIE,,DINH,,901064256,Y,20260801,003711-00,FERRUM COLLEGE,VA,4,Private,20260810,20261124,F,S,PRE-PROF HEALTH-PRE-MED,511199,,,N,,,,,,,,,,,1
,BROOKE,K,GODOWN,,901064276,N,20260801,,,,,,,,,,,,,,N,,,,,,,,,,,
,HANNAH,R,GRILLO,,901064471,N,20260801,,,,,,,,,,,,,,N,,,,,,,,,,,
,LOGAN,M,GRANTZ,,901064505,N,20260801,,,,,,,,,,,,,,N,,,,,,,,,,,
,FRANK,E,COOK,,901064569,N,20260801,,,,,,,,,,,,,,N,,,,,,,,,,,
,AIDEN,L,CARDER,,901064700,N,20260801,,,,,,,,,,,,,,N,,,,,,,,,,,
,CALLAN,J,BLEHM,,901064711,N,20260801,,,,,,,,,,,,,,N,,,,,,,,,,,
,HYEJI,,KIM,,901064916,N,20260801,,,,,,,,,,,,,,N,,,,,,,,,,,
,WILLIAM,C,TYLER,,901065008,N,20260801,,,,,,,,,,,,,,N,,,,,,,,,,,
,JOSUE,L,GARCIA,,901065041,N,20260801,,,,,,,,,,,,,,N,,,,,,,,,,,
,ABIGAIL,,WHISNANT,,901065143,N,20260801,,,,,,,,,,,,,,N,,,,,,,,,,,
,HOLT,O,BENNETT,,901065193,N,20260801,,,,,,,,,,,,,,N,,,,,,,,,,,
,SIMON,,ROBLEDO,,901065274,Y,20260801,001577-00,KENNESAW STATE UNIVERSITY,GA,4,Public,20260824,20261214,F,B,CHEMISTRY,400501,,,N,,,,,,,,,,,1
,LUKE,A,STANSELL,,901065535,N,20260801,,,,,,,,,,,,,,N,,,,,,,,,,,
,LANDON,C,WIGGINS,,901065648,N,20260801,,,,,,,,,,,,,,N,,,,,,,,,,,
,AIDAN,C,BARTON,,901065752,Y,20260801,001588-00,PIEDMONT UNIVERSITY,GA,4,Private,20260812,20261208,F,J,NURSING,513801,,,N,,,,,,,,,,,1
,EMMA,L,HOOPER,,901065798,N,20260801,,,,,,,,,,,,,,N,,,,,,,,,,,
,OCTAVIA,S,TOVAR,,901065908,N,20260801,,,,,,,,,,,,,,N,,,,,,,,,,,
,JEFFERY,C,HUNNICUTT,,901065991,N,20260801,,,,,,,,,,,,,,N,,,,,,,,,,,
,LORELEI,G,BRYANT,,901065995,N,20260801,,,,,,,,,,,,,,N,,,,,,,,,,,
,MICHAEL,A,MAY,,901066009,N,20260801,,,,,,,,,,,,,,N,,,,,,,,,,,
,DAWSON,N,PUCKETTE,,901066168,N,20260801,,,,,,,,,,,,,,N,,,,,,,,,,,
,ASHTON,J,CROMARTIE,,901067151,N,20260801,,,,,,,,,,,,,,N,,,,,,,,,,,
,KINDAL,M,THOMPSON,,901067306,N,20260801,,,,,,,,,,,,,,N,,,,,,,,,,,
,KATELYN,E,WALLEN,,901067335,N,20260801,,,,,,,,,,,,,,N,,,,,,,,,,,
,ALLY,,DUMONT,,901067361,N,20260801,,,,,,,,,,,,,,N,,,,,,,,,,,
,LINWOOD,B,LOVETT,,901067673,N,20260801,,,,,,,,,,,,,,N,,,,,,,,,,,
,DIANA,,LOMASHVILI,,901067741,Y,20260801,001574-06,GEORGIA STATE UNIVERSITY- PERIMETER COLLEGE,GA,2,Public,20260511,20260803,H,S,HS HEALTH SCIENCE PROFESSIONS,240101,,,N,,,,,,,,,,,1
,MADALYN,A,WIESE,,901067742,N,20260801,,,,,,,,,,,,,,N,,,,,,,,,,,
,BRUCE,H,BURN,,901067744,N,20260801,,,,,,,,,,,,,,N,,,,,,,,,,,
,JOHN,M,POPE,,901067761,N,20260801,,,,,,,,,,,,,,N,,,,,,,,,,,
,VERONICA,M,GERMANO,,901067878,N,20260801,,,,,,,,,,,,,,N,,,,,,,,,,,
,YAHIR,,GONZALEZ,,901068099,N,20260801,,,,,,,,,,,,,,N,,,,,,,,,,,
,JORDAN,G,NOACK,,901068218,N,20260801,,,,,,,,,,,,,,N,,,,,,,,,,,
,SOPHIA,G,FISHER,,901068308,N,20260801,,,,,,,,,,,,,,N,,,,,,,,,,,
,LIVIA,L,ELMORE,,901068820,N,20260801,,,,,,,,,,,,,,N,,,,,,,,,,,
,WILLIAM,E,GAY,,901068992,N,20260801,,,,,,,,,,,,,,N,,,,,,,,,,,
,JAMES,T,JOINER,,901069070,N,20260801,,,,,,,,,,,,,,N,,,,,,,,,,,
,KIMBERLY,I,LANDEROS,,901069167,N,20260801,,,,,,,,,,,,,,N,,,,,,,,,,,
,EDWARD,,VAN ZYL,,901069274,N,20260801,,,,,,,,,,,,,,N,,,,,,,,,,,
,SARAH,C,LEDFORD,,901069354,N,20260801,,,,,,,,,,,,,,N,,,,,,,,,,,
,MIA,C,CALDERAS,,901078586,N,20260801,,,,,,,,,,,,,,N,,,,,,,,,,,
,AUBREY,A,HANCOCK,,901078634,N,20260801,,,,,,,,,,,,,,N,,,,,,,,,,,
,BAYLEE,E,GUITRAU,,901078810,N,20260801,,,,,,,,,,,,,,N,,,,,,,,,,,
,VALERY,,MANVILLE,,901078855,N,20260801,,,,,,,,,,,,,,N,,,,,,,,,,,
,LANA,A,PALACIOS,,901078935,N,20260801,,,,,,,,,,,,,,N,,,,,,,,,,,
,TRENT,A,HORTON,,901078973,N,20260801,,,,,,,,,,,,,,N,,,,,,,,,,,
,NICOLE,,CLAYTON,,901079044,N,20260801,,,,,,,,,,,,,,N,,,,,,,,,,,
,CATHERINE,A,HATTON,,901079131,Y,20260801,001571-00,GEORGIA MILITARY COLLEGE- ONLINE,GA,2,Public,20260810,20261006,F,F,ELEMENTARY EDUCATION,131210,,,N,,,,,,,,,,,1
,COLLIN,,FISCHER,,901079138,N,20260801,,,,,,,,,,,,,,N,,,,,,,,,,,
,CRYSTAL,A,MEGHEREA,,901069589,N,20260801,,,,,,,,,,,,,,N,,,,,,,,,,,
,KAITLYN,C,MILLER,,901069618,N,20260801,,,,,,,,,,,,,,N,,,,,,,,,,,
,VIVIANA,,SORIANO SUAREZ,,901069680,N,20260801,,,,,,,,,,,,,,N,,,,,,,,,,,
,SUMMERLYN,N,SMITH,,901069687,Y,20260801,001577-00,KENNESAW STATE UNIVERSITY,GA,4,Public,20260824,20261214,F,B,EXERCISE SCIENCE INTEREST,260908,,,N,,,,,,,,,,,1
,ELIANA,G,POLANCO,,901069702,N,20260801,,,,,,,,,,,,,,N,,,,,,,,,,,
,EVITA,E,CHRISTIAN,,901069742,N,20260801,,,,,,,,,,,,,,N,,,,,,,,,,,
,ANNIE,F,SMITH,,901069743,N,20260801,,,,,,,,,,,,,,N,,,,,,,,,,,
,BRAYDEN,D,ANTONELLI,,901069758,N,20260801,,,,,,,,,,,,,,N,,,,,,,,,,,
,ADDISON,F,MOORE,,901069890,N,20260801,,,,,,,,,,,,,,N,,,,,,,,,,,
,ELIZABETH,A,KELLEHER,,901078700,N,20260801,,,,,,,,,,,,,,N,,,,,,,,,,,
,LANDON,C,GUIDO,,901078747,N,20260801,,,,,,,,,,,,,,N,,,,,,,,,,,
,EMILY,E,BENJAMIN,,901078965,N,20260801,,,,,,,,,,,,,,N,,,,,,,,,,,
,EMILY,,ACOSTA,,901078966,N,20260801,,,,,,,,,,,,,,N,,,,,,,,,,,
,JOSE,A,PAREDES GUZMAN,,901078975,N,20260801,,,,,,,,,,,,,,N,,,,,,,,,,,
,NATHAN,,JUSTICE,,901078985,N,20260801,,,,,,,,,,,,,,N,,,,,,,,,,,
,SARAH,K,SPORTSMAN,,901079102,Y,20260801,001598-00,UNIVERSITY OF GEORGIA,GA,4,Public,20260512,20260803,H,B,INTENDED SPORT MANAGEMENT,310504,,,N,,,,,,,,,,,1
,CHRISTOPHER,A,MELENDEZ,,901079142,N,20260801,,,,,,,,,,,,,,N,,,,,,,,,,,
,CHARLIE,W,HARBUCK,,901079176,N,20260801,,,,,,,,,,,,,,N,,,,,,,,,,,
,TREVOR,,GRIFFIN,,901069948,Y,20260801,001598-00,UNIVERSITY OF GEORGIA,GA,4,Public,20260512,20260803,H,B,INTENDED FINANCE,520801,,,N,,,,,,,,,,,1
,JACKSTON,G,PIERCE,,901069967,N,20260801,,,,,,,,,,,,,,N,,,,,,,,,,,
,CATALIN,,ANDRIAN,,901069970,N,20260801,,,,,,,,,,,,,,N,,,,,,,,,,,
,ELEANOR,J,HODGSON,,901070253,N,20260801,,,,,,,,,,,,,,N,,,,,,,,,,,
,KOLT,G,MCMICHAEL,,901070289,N,20260801,,,,,,,,,,,,,,N,,,,,,,,,,,
,DAMON,N,HARLEY,,901070311,N,20260801,,,,,,,,,,,,,,N,,,,,,,,,,,
,LAUREN,N,DAVIDSON,,901070316,N,20260801,,,,,,,,,,,,,,N,,,,,,,,,,,
,MADISON,J,KELLY,,901070359,N,20260801,,,,,,,,,,,,,,N,,,,,,,,,,,
,ALANCEN,C,HOWARD,,901070483,Y,20260801,001577-00,KENNESAW STATE UNIVERSITY,GA,4,Public,20260824,20261214,F,B,CONSTRUCTION MANAGEMENT,143301,,,N,,,,,,,,,,,1
,REESE,J,BURRIS,,901078881,N,20260801,,,,,,,,,,,,,,N,,,,,,,,,,,
,AIDEN,J,MOLINA,,901078969,N,20260801,,,,,,,,,,,,,,N,,,,,,,,,,,
,MADILYN,I,REDMON,,901078983,N,20260801,,,,,,,,,,,,,,N,,,,,,,,,,,
,ERIN,E,JONES,,901079028,N,20260801,,,,,,,,,,,,,,N,,,,,,,,,,,
,JAMES,C,MULLIS,,901079036,N,20260801,,,,,,,,,,,,,,N,,,,,,,,,,,
,AIDEN,J,BERNSTEIN,,901079065,N,20260801,,,,,,,,,,,,,,N,,,,,,,,,,,
,HAGEN,M,MCAFEE,,901079082,N,20260801,,,,,,,,,,,,,,N,,,,,,,,,,,
,DANI,,NASR,,901079111,N,20260801,,,,,,,,,,,,,,N,,,,,,,,,,,
,BRAYLIN,,SCHWEITZER,,901079121,N,20260801,,,,,,,,,,,,,,N,,,,,,,,,,,
,ABIGAIL,L,ROGERS,,901079137,N,20260801,,,,,,,,,,,,,,N,,,,,,,,,,,
,EMMA,C,HELMS,,901070552,N,20260801,,,,,,,,,,,,,,N,,,,,,,,,,,
,ANNA,M,JOHNSON,,901070557,N,20260801,,,,,,,,,,,,,,N,,,,,,,,,,,
,GRIFFIN,R,LANE,,901070684,N,20260801,,,,,,,,,,,,,,N,,,,,,,,,,,
,NICHOLAS,A,PETTYJOHN,,901070810,N,20260801,,,,,,,,,,,,,,N,,,,,,,,,,,
,SKIELA,A,MOORE,,901071095,N,20260801,,,,,,,,,,,,,,N,,,,,,,,,,,
,LILLY,J,GARCIA,,901071106,N,20260801,,,,,,,,,,,,,,N,,,,,,,,,,,
,MICHAEL,J,NERI,,901071263,N,20260801,,,,,,,,,,,,,,N,,,,,,,,,,,
,ANNE,C,HAWKINS,,901071435,N,20260801,,,,,,,,,,,,,,N,,,,,,,,,,,
,ALEXANDRA,E,DODD,,901071440,N,20260801,,,,,,,,,,,,,,N,,,,,,,,,,,
,WYATT,,BROWN,,901071484,N,20260801,,,,,,,,,,,,,,N,,,,,,,,,,,
,LAUREN,C,GONZALEZ,,901071538,N,20260801,,,,,,,,,,,,,,N,,,,,,,,,,,
,DENISSE,A,HERRERA,,901071551,N,20260801,,,,,,,,,,,,,,N,,,,,,,,,,,
,AUSTIN,P,DEHELEAN,,901071568,N,20260801,,,,,,,,,,,,,,N,,,,,,,,,,,
,ZACKARY,B,DIAZ,,901071668,N,20260801,,,,,,,,,,,,,,N,,,,,,,,,,,
,ETAI,,BEN-SIMON,,901071737,N,20260801,,,,,,,,,,,,,,N,,,,,,,,,,,
,WALKER,B,ALLEN,,901071819,N,20260801,,,,,,,,,,,,,,N,,,,,,,,,,,
,AIDAN,N,KEARNEY,,901071936,N,20260801,,,,,,,,,,,,,,N,,,,,,,,,,,
,CHARLES,H,ROMAN,,901072037,N,20260801,,,,,,,,,,,,,,N,,,,,,,,,,,
,JENNIFER,E,DOUDS,,901072146,N,20260801,,,,,,,,,,,,,,N,,,,,,,,,,,
,HOLDEN,M,COTTER,,901072189,N,20260801,,,,,,,,,,,,,,N,,,,,,,,,,,
,SERGIO,A,CAMACHO,,901072235,N,20260801,,,,,,,,,,,,,,N,,,,,,,,,,,
,AMANDA,V,OLLER-GRIMALDI,,901072239,N,20260801,,,,,,,,,,,,,,N,,,,,,,,,,,
,JAYDEN,,HEU,,901072249,N,20260801,,,,,,,,,,,,,,N,,,,,,,,,,,
,DEACON,C,ROE,,901072275,N,20260801,,,,,,,,,,,,,,N,,,,,,,,,,,
,EVA,R,WHITFIELD,,901072535,N,20260801,,,,,,,,,,,,,,N,,,,,,,,,,,
,ANNA SUE,F,SMITH,,901072547,N,20260801,,,,,,,,,,,,,,N,,,,,,,,,,,
,LEAH,M,ROSE,,901072603,N,20260801,,,,,,,,,,,,,,N,,,,,,,,,,,
,KENJI,C,MCKEEVER,,901072613,N,20260801,,,,,,,,,,,,,,N,,,,,,,,,,,
,ISAAC,,BRAUN,,901072628,N,20260801,,,,,,,,,,,,,,N,,,,,,,,,,,
,RIYAD,,ZECIC,,901072664,N,20260801,,,,,,,,,,,,,,N,,,,,,,,,,,
,CONNER,D,KYLE,,901072716,N,20260801,,,,,,,,,,,,,,N,,,,,,,,,,,
,LAWRENCE,D,HODGES,,901072730,N,20260801,,,,,,,,,,,,,,N,,,,,,,,,,,
,MADISON,R,ROMERO,,901072745,N,20260801,,,,,,,,,,,,,,N,,,,,,,,,,,
,YIHAN,,XU,,901072788,N,20260801,,,,,,,,,,,,,,N,,,,,,,,,,,
,GRAHAM,B,JAYNES,,901072983,N,20260801,,,,,,,,,,,,,,N,,,,,,,,,,,
,LAYLA,M,ADAMS,,901072985,N,20260801,,,,,,,,,,,,,,N,,,,,,,,,,,
,WILLIAM,T,RAINES,,901072987,N,20260801,,,,,,,,,,,,,,N,,,,,,,,,,,
,AVA,L,EVANS,,901073031,N,20260801,,,,,,,,,,,,,,N,,,,,,,,,,,
,ALEXA,,CASTILLO,,901073061,N,20260801,,,,,,,,,,,,,,N,,,,,,,,,,,
,LAYLA,G,BEASLEY,,901073063,N,20260801,,,,,,,,,,,,,,N,,,,,,,,,,,
,KNOX,F,PUCKETT,,901073202,N,20260801,,,,,,,,,,,,,,N,,,,,,,,,,,
,MAKYA,,WATSON,,901073270,N,20260801,,,,,,,,,,,,,,N,,,,,,,,,,,
,CHARLES,H,FARNELL,,901073407,N,20260801,,,,,,,,,,,,,,N,,,,,,,,,,,
,ADIA,L,HOLCOMBE,,901073448,N,20260801,,,,,,,,,,,,,,N,,,,,,,,,,,
,WAVERLY,C,WALDREP,,901073540,N,20260801,,,,,,,,,,,,,,N,,,,,,,,,,,
,JOHN,F,HUMPHRIES,,901073560,N,20260801,,,,,,,,,,,,,,N,,,,,,,,,,,
,SAMUEL,I,O'NEAL,,901073581,N,20260801,,,,,,,,,,,,,,N,,,,,,,,,,,
,THOMAS,B,PARKMAN,,901073673,N,20260801,,,,,,,,,,,,,,N,,,,,,,,,,,
,ANGELINA,A,BURLACHENKO,,901079245,N,20260801,,,,,,,,,,,,,,N,,,,,,,,,,,
,AUBRIANNA,R,FERRERO,,901079393,N,20260801,,,,,,,,,,,,,,N,,,,,,,,,,,
,TYLER,J,ECK,,901079410,N,20260801,,,,,,,,,,,,,,N,,,,,,,,,,,
,ANOUSHKA,,DUTTA,,901079601,N,20260801,,,,,,,,,,,,,,N,,,,,,,,,,,
,CONNOR,K,COOK,,901079866,N,20260801,,,,,,,,,,,,,,N,,,,,,,,,,,
,AVERY,R,SKELTON,,901080131,N,20260801,,,,,,,,,,,,,,N,,,,,,,,,,,
,ENYEKEME,I,MARCUS,,901080139,N,20260801,,,,,,,,,,,,,,N,,,,,,,,,,,
,SARIAH,A,SOLLER,,901080225,N,20260801,,,,,,,,,,,,,,N,,,,,,,,,,,
,ANDREW,J,DAHL,,901080331,N,20260801,,,,,,,,,,,,,,N,,,,,,,,,,,
,AIDEN,G,PRUITT,,901080408,N,20260801,,,,,,,,,,,,,,N,,,,,,,,,,,
,GREYSON,W,FETTER,,901080682,N,20260801,,,,,,,,,,,,,,N,,,,,,,,,,,
,ALEXANDRIA,S,BRUNSON,,901080695,N,20260801,,,,,,,,,,,,,,N,,,,,,,,,,,
,CAYLENN,N,LEE,,901080703,N,20260801,,,,,,,,,,,,,,N,,,,,,,,,,,
,JESSICA,,POPESCU,,901080781,N,20260801,,,,,,,,,,,,,,N,,,,,,,,,,,
,JORDYN,K,KHANG,,901080839,N,20260801,,,,,,,,,,,,,,N,,,,,,,,,,,
,LEXIE,,ENTWISTLE,,901080901,N,20260801,,,,,,,,,,,,,,N,,,,,,,,,,,
,GEORGIA,B,CHILDS,,901081053,N,20260801,,,,,,,,,,,,,,N,,,,,,,,,,,
,CHRISTIAN,E,GERMANOS,,901081073,N,20260801,,,,,,,,,,,,,,N,,,,,,,,,,,
,LYDIA,G,LOWRY,,901081214,N,20260801,,,,,,,,,,,,,,N,,,,,,,,,,,
,SKYLAR,M,JONES,,901079177,N,20260801,,,,,,,,,,,,,,N,,,,,,,,,,,
,JOSEPH,K,VAN MOL,,901079186,N,20260801,,,,,,,,,,,,,,N,,,,,,,,,,,
,JOSEPH,B,CRISP,,901079302,N,20260801,,,,,,,,,,,,,,N,,,,,,,,,,,
,REIGHA,M,TENNYSON,,901079325,N,20260801,,,,,,,,,,,,,,N,,,,,,,,,,,
,LINDSEY,A,OLTEAN,,901079459,N,20260801,,,,,,,,,,,,,,N,,,,,,,,,,,
,ROBERT,B,PONDER,,901079629,N,20260801,,,,,,,,,,,,,,N,,,,,,,,,,,
,COLIN,T,CASSELL,,901079808,N,20260801,,,,,,,,,,,,,,N,,,,,,,,,,,
,SIHYUN,,KIM,,901079863,N,20260801,,,,,,,,,,,,,,N,,,,,,,,,,,
,NATALIE,G,BRIDGES,,901080022,N,20260801,,,,,,,,,,,,,,N,,,,,,,,,,,
,DEREK,P,RACE,,901080057,N,20260801,,,,,,,,,,,,,,N,,,,,,,,,,,
,JADEN,L,BARRY,,901073729,N,20260801,,,,,,,,,,,,,,N,,,,,,,,,,,
,SARA,A,MARMOROSA,,901073807,Y,20260801,001577-00,KENNESAW STATE UNIVERSITY,GA,4,Public,20260824,20261214,F,B,INTEGRATED HEALTH SCIENCE,510000,,,N,,,,,,,,,,,1
,KAINYECHI,S,NWANNE,,901073845,N,20260801,,,,,,,,,,,,,,N,,,,,,,,,,,
,PATE,A,LANGDALE,,901073863,Y,20260801,001598-00,UNIVERSITY OF GEORGIA,GA,4,Public,20260512,20260803,H,B,INTENDED FORESTRY,030501,,,N,,,,,,,,,,,1
,SAMUEL,B,TOLBERT,,901073866,Y,20260801,001585-00,UNIVERSITY OF NORTH GEORGIA,GA,4,Public,20260810,20261204,F,A,BUSINESS ADMIN PATHWAY,240101,,,N,,,,,,,,,,,1
,MCGRAW,E,MINOR,,901074111,N,20260801,,,,,,,,,,,,,,N,,,,,,,,,,,
,ALANAH,N,ROSA,,901074140,N,20260801,,,,,,,,,,,,,,N,,,,,,,,,,,
,ABIGAIL,E,WALKER,,901074174,Y,20260801,001577-00,KENNESAW STATE UNIVERSITY,GA,4,Public,20260824,20261214,F,B,ENVIRONMENTAL SCIENCE,030104,,,N,,,,,,,,,,,1
,PARKER,,STEVENS,,901074242,N,20260801,,,,,,,,,,,,,,N,,,,,,,,,,,
,ABIGAIL,M,REEVES,,901074314,Y,20260801,001577-00,KENNESAW STATE UNIVERSITY,GA,4,Public,20260824,20261214,F,B,ENGLISH,230101,,,N,,,,,,,,,,,1
,SARAH,J,MERINO,,901079253,N,20260801,,,,,,,,,,,,,,N,,,,,,,,,,,
,JACQUELINE,A,GAMBUZZA,,901079373,N,20260801,,,,,,,,,,,,,,N,,,,,,,,,,,
,SAGE,A,SCHROCK,,901079506,N,20260801,,,,,,,,,,,,,,N,,,,,,,,,,,
,BRIONNA,,EVANS,,901079875,Y,20260801,001598-00,UNIVERSITY OF GEORGIA,GA,4,Public,20260512,20260803,F,B,COMMUNICATION STUDIES,090101,,,N,,,,,,,,,,,1
,AUSTIN,M,BROWN,,901079919,N,20260801,,,,,,,,,,,,,,N,,,,,,,,,,,
,JOHN,D,WINFREY,,901079955,N,20260801,,,,,,,,,,,,,,N,,,,,,,,,,,
,GRACIE,A,JOHNSON,,901079982,N,20260801,,,,,,,,,,,,,,N,,,,,,,,,,,
,ISAIAH,,CRAWLEY,,901080065,N,20260801,,,,,,,,,,,,,,N,,,,,,,,,,,
,SHANNON,E,HAYES,,901080104,N,20260801,,,,,,,,,,,,,,N,,,,,,,,,,,
,SAMUEL,T,FOWLER,,901080296,N,20260801,,,,,,,,,,,,,,N,,,,,,,,,,,
,SAMUEL,M,ROBERTSON,,901074361,N,20260801,,,,,,,,,,,,,,N,,,,,,,,,,,
,SOPHEAH,M,DIGGS,,901074374,N,20260801,,,,,,,,,,,,,,N,,,,,,,,,,,
,SOKHNA,D,GUEYE,,901074385,N,20260801,,,,,,,,,,,,,,N,,,,,,,,,,,
,LAUREN,E,DUNLAP,,901074428,N,20260801,,,,,,,,,,,,,,N,,,,,,,,,,,
,PIERO,,VAZQUEZ,,901074545,N,20260801,,,,,,,,,,,,,,N,,,,,,,,,,,
,GRACE,M,BROCK,,901074553,N,20260801,,,,,,,,,,,,,,N,,,,,,,,,,,
,CALEB,A,MCGEE,,901074601,N,20260801,,,,,,,,,,,,,,N,,,,,,,,,,,
,YOSHIKO,,WOOD,,901074652,N,20260801,,,,,,,,,,,,,,N,,,,,,,,,,,
,LILLIAN,R,MIDDLETON,,901074655,N,20260801,,,,,,,,,,,,,,N,,,,,,,,,,,
,ZOIE,,ST JOHN,,901074730,N,20260801,,,,,,,,,,,,,,N,,,,,,,,,,,
,ALEXANDER,T,KEELE,,901080112,N,20260801,,,,,,,,,,,,,,N,,,,,,,,,,,
,TRISTA,G,KINNEY,,901080185,N,20260801,,,,,,,,,,,,,,N,,,,,,,,,,,
,VICTORIA,A,RODRIGUEZ,,901080355,Y,20260801,001598-00,UNIVERSITY OF GEORGIA,GA,4,Public,20260512,20260803,F,B,INTENDED ACCOUNTING,520301,,,N,,,,,,,,,,,1
,GABRIEL,,RIBEIRO MORAES MINE,,901080451,N,20260801,,,,,,,,,,,,,,N,,,,,,,,,,,
,THOMAS,P,MCMULLAN,,901080484,N,20260801,,,,,,,,,,,,,,N,,,,,,,,,,,
,GEORGE,I,KING,,901080485,N,20260801,,,,,,,,,,,,,,N,,,,,,,,,,,
,CARTER,A,HILL,,901080541,N,20260801,,,,,,,,,,,,,,N,,,,,,,,,,,
,CHRISTIAN,C,CHUA,,901080607,N,20260801,,,,,,,,,,,,,,N,,,,,,,,,,,
,JOHN,P,CORVIN,,901080800,N,20260801,,,,,,,,,,,,,,N,,,,,,,,,,,
,LILY,G,HENDERSON,,901080458,N,20260801,,,,,,,,,,,,,,N,,,,,,,,,,,
,LILLIAN,A,WRIGHT,,901080460,N,20260801,,,,,,,,,,,,,,N,,,,,,,,,,,
,JACOB,,FISCHER,,901080530,N,20260801,,,,,,,,,,,,,,N,,,,,,,,,,,
,LILIAN,G,MCALISTER,,901080652,N,20260801,,,,,,,,,,,,,,N,,,,,,,,,,,
,JACK,W,BRYANT,,901080849,Y,20260801,001577-00,KENNESAW STATE UNIVERSITY,GA,4,Public,20260824,20261214,Q,B,MANAGEMENT INTEREST,520201,,,N,,,,,,,,,,,1
,ISABELLA,,PARODI,,901081091,N,20260801,,,,,,,,,,,,,,N,,,,,,,,,,,
,JACKSON,R,HOOD,,901081101,N,20260801,,,,,,,,,,,,,,N,,,,,,,,,,,
,JACOB,M,SOLOMON,,901081125,N,20260801,,,,,,,,,,,,,,N,,,,,,,,,,,
,TANNER,K,BRANNOCK,,901081180,N,20260801,,,,,,,,,,,,,,N,,,,,,,,,,,
,JOHN,C,PINEDA MARTINEZ,,901080888,N,20260801,,,,,,,,,,,,,,N,,,,,,,,,,,
,BRANDON,T,BURDA,,901080949,N,20260801,,,,,,,,,,,,,,N,,,,,,,,,,,
,MADISON,A,AIKEN,,901080993,N,20260801,,,,,,,,,,,,,,N,,,,,,,,,,,
,SOFIA,M,BARNEY,,901081001,N,20260801,,,,,,,,,,,,,,N,,,,,,,,,,,
,ROWAN,O,GRAVES,,901081059,Y,20260801,001577-00,KENNESAW STATE UNIVERSITY,GA,4,Public,20260824,20261214,F,B,INDUSTRIAL SYSTEMS ENG,142701,,,N,,,,,,,,,,,1
,SANTIAGO,A,CARRENO,,901081155,N,20260801,,,,,,,,,,,,,,N,,,,,,,,,,,
,ELIJAH,C,FORD,,901081167,Y,20260801,001577-00,KENNESAW STATE UNIVERSITY,GA,4,Public,20260824,20261214,F,B,MODERN LANGUAGE CULTURE,160101,,,N,,,,,,,,,,,1
,ETHAN,B,BATES,,901081244,N,20260801,,,,,,,,,,,,,,N,,,,,,,,,,,
,DEVIN,W,COURTNEY,,901081289,N,20260801,,,,,,,,,,,,,,N,,,,,,,,,,,
,LYNETTE,D,CLINE,,901081357,N,20260801,,,,,,,,,,,,,,N,,,,,,,,,,,
,TLUNG,C,MANG,,901074733,N,20260801,,,,,,,,,,,,,,N,,,,,,,,,,,
,HANNAH,C,HEMINGWAY,,901074884,N,20260801,,,,,,,,,,,,,,N,,,,,,,,,,,
,HAILEY,,HODGE,,901074993,N,20260801,,,,,,,,,,,,,,N,,,,,,,,,,,
,ISABELLA,M,BARHE,,901075069,N,20260801,,,,,,,,,,,,,,N,,,,,,,,,,,
,KASHEY,B,RAVAN,,901075299,N,20260801,,,,,,,,,,,,,,N,,,,,,,,,,,
,JARED,,RAMIREZ FEDERICO,,901075419,N,20260801,,,,,,,,,,,,,,N,,,,,,,,,,,
,JORDAN,K,BUSH,,901075431,N,20260801,,,,,,,,,,,,,,N,,,,,,,,,,,
,KYLEE,E,GLAZE,,901075436,N,20260801,,,,,,,,,,,,,,N,,,,,,,,,,,
,SARAH,E,TOWNSEND,,901075599,Y,20260801,001588-00,PIEDMONT UNIVERSITY,GA,4,Private,20260812,20261208,F,J,NURSING,513801,,,N,,,,,,,,,,,1
,NICHOLAS,E,WOODWARD,,901075626,N,20260801,,,,,,,,,,,,,,N,,,,,,,,,,,
,JOSE,J,CABRERA-RODRIGUEZ,,901075735,N,20260801,,,,,,,,,,,,,,N,,,,,,,,,,,
,JOEY,G,WOLFE,,901075736,N,20260801,,,,,,,,,,,,,,N,,,,,,,,,,,
,JAY,A,PATEL,,901075798,N,20260801,,,,,,,,,,,,,,N,,,,,,,,,,,
,AUDREY,,BROWN,,901075811,N,20260801,,,,,,,,,,,,,,N,,,,,,,,,,,
,JOHN,M,CHRISTIANS,,901075838,N,20260801,,,,,,,,,,,,,,N,,,,,,,,,,,
,ANNABELLE,G,ADAMS,,901075891,N,20260801,,,,,,,,,,,,,,N,,,,,,,,,,,
,ERICA,R,NASH,,901075913,N,20260801,,,,,,,,,,,,,,N,,,,,,,,,,,
,CHARLES,W,SANDERLIN,,901075972,N,20260801,,,,,,,,,,,,,,N,,,,,,,,,,,
,NICHOLAS,A,EPPINGER,,901076105,N,20260801,,,,,,,,,,,,,,N,,,,,,,,,,,
,ADRIANNA,E,GARCIA,,901076106,N,20260801,,,,,,,,,,,,,,N,,,,,,,,,,,
,SILAS,J,BENTLEY,,901076124,N,20260801,,,,,,,,,,,,,,N,,,,,,,,,,,
,ANDERSON,J,EASTMAN,,901076137,N,20260801,,,,,,,,,,,,,,N,,,,,,,,,,,
,DAVIS,F,CANTRELL,,901076145,N,20260801,,,,,,,,,,,,,,N,,,,,,,,,,,
,CHLOE,I,SULLIVAN,,901076168,Y,20260801,001571-00,GEORGIA MILITARY COLLEGE- ONLINE,GA,2,Public,20260810,20261006,H,F,BUSINESS ADMINISTRATION,520201,,,N,,,,,,,,,,,1
,BRITTANY,Y,WALDRIP,,901076176,N,20260801,,,,,,,,,,,,,,N,,,,,,,,,,,
,CAITLIN,M,GREESON,,901076255,N,20260801,,,,,,,,,,,,,,N,,,,,,,,,,,
,LEAH,M,TUTTLE,,901076392,N,20260801,,,,,,,,,,,,,,N,,,,,,,,,,,
,GRADY,J,BENNETT,,901076416,N,20260801,,,,,,,,,,,,,,N,,,,,,,,,,,
,JOSHUA,A,KREEGER,,901076491,N,20260801,,,,,,,,,,,,,,N,,,,,,,,,,,
,AIDAN,K,SINGH,,901081228,N,20260801,,,,,,,,,,,,,,N,,,,,,,,,,,
,KAYLEE,A,COLLINS,,901081279,N,20260801,,,,,,,,,,,,,,N,,,,,,,,,,,
,JESSIE,E,ADAMS,,901081430,N,20260801,,,,,,,,,,,,,,N,,,,,,,,,,,
,JULIUS,C,CHUKWUDINMA,,901081614,N,20260801,,,,,,,,,,,,,,N,,,,,,,,,,,
,FRANK,H,SMITH,,901081626,N,20260801,,,,,,,,,,,,,,N,,,,,,,,,,,
,SYDNEY,D,CHAMBERS,,901081639,N,20260801,,,,,,,,,,,,,,N,,,,,,,,,,,
,EVELYN,G,AKSELSEN,,901081754,N,20260801,,,,,,,,,,,,,,N,,,,,,,,,,,
,STEPHEN,R,WILLIAMS,,901081782,N,20260801,,,,,,,,,,,,,,N,,,,,,,,,,,
,ANDREW,J,GRIFFITH,,901081790,N,20260801,,,,,,,,,,,,,,N,,,,,,,,,,,
,MAXWELL,C,STANTON,,901081856,N,20260801,,,,,,,,,,,,,,N,,,,,,,,,,,
,GARNER,P,HARKLEROAD,,901081872,N,20260801,,,,,,,,,,,,,,N,,,,,,,,,,,
,LUKE,J,DARLING,,901081891,N,20260801,,,,,,,,,,,,,,N,,,,,,,,,,,
,ANASOPHIA,,MILLAN,,901081934,N,20260801,,,,,,,,,,,,,,N,,,,,,,,,,,
,ABIGAIL,M,ORR,,901082047,N,20260801,,,,,,,,,,,,,,N,,,,,,,,,,,
,CORBIN,,BEUMER,,901082051,N,20260801,,,,,,,,,,,,,,N,,,,,,,,,,,
,MALACHI,J,NELSON,,901082191,N,20260801,,,,,,,,,,,,,,N,,,,,,,,,,,
,JESUS,T,CABRAL RUIZ,,901082292,N,20260801,,,,,,,,,,,,,,N,,,,,,,,,,,
,KAMEN,M,SPRINGER,,901082493,Y,20260801,001577-00,KENNESAW STATE UNIVERSITY,GA,4,Public,20260824,20261214,F,B,CYBERSECURITY,430404,,,N,,,,,,,,,,,1
,ANDEN,K,SMITH,,901082494,N,20260801,,,,,,,,,,,,,,N,,,,,,,,,,,
,ALYSSA,D,SMALLWOOD,,901082746,N,20260801,,,,,,,,,,,,,,N,,,,,,,,,,,
,JUSTIN,J,MOONEY,,901076522,N,20260801,,,,,,,,,,,,,,N,,,,,,,,,,,
,MATTHEW,J,PEPPER,,901076556,N,20260801,,,,,,,,,,,,,,N,,,,,,,,,,,
,ZACHARY,D,LOCKERMAN,,901076571,N,20260801,,,,,,,,,,,,,,N,,,,,,,,,,,
,TAYLOR,M,HARTIS,,901076579,N,20260801,,,,,,,,,,,,,,N,,,,,,,,,,,
,ANSLEY,E,PARKER,,901076659,N,20260801,,,,,,,,,,,,,,N,,,,,,,,,,,
,CARLIE,R,TOLAR,,901076703,Y,20260801,001577-00,KENNESAW STATE UNIVERSITY,GA,4,Public,20260824,20261214,F,B,POLITICAL SCIENCE,451001,,,N,,,,,,,,,,,1
,AVA,S,ARRINGTON,,901076831,N,20260801,,,,,,,,,,,,,,N,,,,,,,,,,,
,JACKSON,L,AVANT,,901076858,N,20260801,,,,,,,,,,,,,,N,,,,,,,,,,,
,ALEXIS,A,BREWER,,901076883,N,20260801,,,,,,,,,,,,,,N,,,,,,,,,,,
,JAX,I,WHEELER,,901076927,N,20260801,,,,,,,,,,,,,,N,,,,,,,,,,,
,MADISYN,E,SARTAIN,,901076951,N,20260801,,,,,,,,,,,,,,N,,,,,,,,,,,
,ISABELLA,S,CASTRO,,901076987,N,20260801,,,,,,,,,,,,,,N,,,,,,,,,,,
,BRAYDEN,J,PALAZOLA,,901076991,N,20260801,,,,,,,,,,,,,,N,,,,,,,,,,,
,CHRISTOPHER,A,CASTELBUONO,,901077019,N,20260801,,,,,,,,,,,,,,N,,,,,,,,,,,
,EDUARDO,,GOMEZ GUZMAN,,901077106,N,20260801,,,,,,,,,,,,,,N,,,,,,,,,,,
,MCKENZIE,G,TAYLOR,,901077251,N,20260801,,,,,,,,,,,,,,N,,,,,,,,,,,
,IJEOMA,V,NNEBE,,901077277,N,20260801,,,,,,,,,,,,,,N,,,,,,,,,,,
,HALIE,A,HILL,,901077396,N,20260801,,,,,,,,,,,,,,N,,,,,,,,,,,
,SARA,E,GROSS,,901081360,N,20260801,,,,,,,,,,,,,,N,,,,,,,,,,,
,LANDYN,D,ROGERS,,901081498,N,20260801,,,,,,,,,,,,,,N,,,,,,,,,,,
,MITCHELL,,JOHNSON,,901081518,N,20260801,,,,,,,,,,,,,,N,,,,,,,,,,,
,CHELSEA,,BRADSHAW,,901081710,N,20260801,,,,,,,,,,,,,,N,,,,,,,,,,,
,JACKSON,T,RABERN,,901081759,N,20260801,,,,,,,,,,,,,,N,,,,,,,,,,,
,GRACE,,MALALA,,901081798,N,20260801,,,,,,,,,,,,,,N,,,,,,,,,,,
,LUKASZ,B,ANTONIAK,,901082562,N,20260801,,,,,,,,,,,,,,N,,,,,,,,,,,
,CHARLIE,E,WOHLERS,,901082673,N,20260801,,,,,,,,,,,,,,N,,,,,,,,,,,
,AUDREY,L,KRAGER,,901082685,N,20260801,,,,,,,,,,,,,,N,,,,,,,,,,,
,WESTON,A,ROGERS,,901081257,N,20260801,,,,,,,,,,,,,,N,,,,,,,,,,,
,ELLA,M,PHILLIPS,,901081310,N,20260801,,,,,,,,,,,,,,N,,,,,,,,,,,
,CONNER,O,BENTLEY,,901081365,N,20260801,,,,,,,,,,,,,,N,,,,,,,,,,,
,VANESSA,,ALBERTO,,901081481,N,20260801,,,,,,,,,,,,,,N,,,,,,,,,,,
,SOPHIA,B,WU,,901081569,N,20260801,,,,,,,,,,,,,,N,,,,,,,,,,,
,GABRIEL,A,KADERLI,,901081619,N,20260801,,,,,,,,,,,,,,N,,,,,,,,,,,
,MAXWELL,J,LAMPE,,901081922,N,20260801,,,,,,,,,,,,,,N,,,,,,,,,,,
,TRENTON,C,WILLIAMS,,901082035,N,20260801,,,,,,,,,,,,,,N,,,,,,,,,,,
,ETHAN,,CLEWELL,,901082059,N,20260801,,,,,,,,,,,,,,N,,,,,,,,,,,
,COLIN,R,BROWN,,901082688,Y,20260801,001577-00,KENNESAW STATE UNIVERSITY,GA,4,Public,20260824,20261214,F,B,INTEGRATED HEALTH SCIENCE,510000,,,N,,,,,,,,,,,1
,KALEYA,J,EVANS,,901082790,N,20260801,,,,,,,,,,,,,,N,,,,,,,,,,,
,JASLENE,Y,DOMINGUEZ SANCHEZ,,901082915,N,20260801,,,,,,,,,,,,,,N,,,,,,,,,,,
,MIA,G,MONTOBBIO,,901082996,N,20260801,,,,,,,,,,,,,,N,,,,,,,,,,,
,JOSHUA,T,OBLEN,,901083089,N,20260801,,,,,,,,,,,,,,N,,,,,,,,,,,
,CARIANNA,E,COTTO-SERBIA,,901083101,N,20260801,,,,,,,,,,,,,,N,,,,,,,,,,,
,MADELYN,O,WOFFORD,,901083206,N,20260801,,,,,,,,,,,,,,N,,,,,,,,,,,
,BEN,,HOLTZ,,901083230,N,20260801,,,,,,,,,,,,,,N,,,,,,,,,,,
,ANTONELLA,,ZAMBRANO,,901083250,N,20260801,,,,,,,,,,,,,,N,,,,,,,,,,,
,DAVIS,W,SMALLWOOD,,901083275,N,20260801,,,,,,,,,,,,,,N,,,,,,,,,,,
,LUCAS,E,HUNTER,,901083285,N,20260801,,,,,,,,,,,,,,N,,,,,,,,,,,
,MARISOL,E,POTTS,,901083353,N,20260801,,,,,,,,,,,,,,N,,,,,,,,,,,
,NELSY,G,ROJAS ARRIVILLAGA,,901083471,N,20260801,,,,,,,,,,,,,,N,,,,,,,,,,,
,SAMANTHA,G,LESTER,,901083586,N,20260801,,,,,,,,,,,,,,N,,,,,,,,,,,
,TIA,M,GOULD,,901083590,N,20260801,,,,,,,,,,,,,,N,,,,,,,,,,,
,ANDREW,S,WHITE,,901083623,Y,20260801,009507-00,GEORGIA HIGHLANDS COLLEGE,GA,4,Public,20260810,20261204,F,A,BUSINESS ADMINISTRATION,240101,,,N,,,,,,,,,,,1
,ADDISON,F,JANS,,901083630,N,20260801,,,,,,,,,,,,,,N,,,,,,,,,,,
,ANDREW,,ALLARDING,,901083673,N,20260801,,,,,,,,,,,,,,N,,,,,,,,,,,
,JACKSON,D,SAWYER,,901082116,N,20260801,,,,,,,,,,,,,,N,,,,,,,,,,,
,BRAYDEN,M,HUTTO,,901082171,N,20260801,,,,,,,,,,,,,,N,,,,,,,,,,,
,KATIE,L,NEWBERRY,,901082325,N,20260801,,,,,,,,,,,,,,N,,,,,,,,,,,
,JANELL,,HINGLEY,,901082459,N,20260801,,,,,,,,,,,,,,N,,,,,,,,,,,
,STELLA,L,RIALS,,901082714,N,20260801,,,,,,,,,,,,,,N,,,,,,,,,,,
,MFONISOABASI,J,WILLIE,,901082797,N,20260801,,,,,,,,,,,,,,N,,,,,,,,,,,
,MASON,C,CLEVELAND,,901082847,Y,20260801,001577-00,KENNESAW STATE UNIVERSITY,GA,4,Public,20260824,20261214,F,B,ELECTRICAL ENGINEERING,141001,,,N,,,,,,,,,,,1
,ELLA,G,BROWN,,901082953,N,20260801,,,,,,,,,,,,,,N,,,,,,,,,,,
,BRAELYN,A,PRUITT,,901083029,Y,20260801,001598-00,UNIVERSITY OF GEORGIA,GA,4,Public,20260512,20260803,H,B,INTENDED HEALTH PROMOTION,512207,,,N,,,,,,,,,,,1
,CARSON,A,RAY,,901077487,N,20260801,,,,,,,,,,,,,,N,,,,,,,,,,,
,MCLAIN,K,STAVELEY,,901077564,N,20260801,,,,,,,,,,,,,,N,,,,,,,,,,,
,KAITLYN,E,BARTLETT,,901077667,N,20260801,,,,,,,,,,,,,,N,,,,,,,,,,,
,TRINITY,L,HOPKINS,,901077675,N,20260801,,,,,,,,,,,,,,N,,,,,,,,,,,
,FRANKY,S,QUINTANILLA,,901077775,N,20260801,,,,,,,,,,,,,,N,,,,,,,,,,,
,COLIN,,DELEEUW,,901077861,N,20260801,,,,,,,,,,,,,,N,,,,,,,,,,,
,ZION,I,O'DONNELL,,901077923,N,20260801,,,,,,,,,,,,,,N,,,,,,,,,,,
,MARGARET,K,SMITH,,901077955,N,20260801,,,,,,,,,,,,,,N,,,,,,,,,,,
,MICHELLE,P,LE,,901077962,N,20260801,,,,,,,,,,,,,,N,,,,,,,,,,,
,SOPHIA,M,BRAVO,,901082812,N,20260801,,,,,,,,,,,,,,N,,,,,,,,,,,
,CHAPEL,J,COLEY,,901082834,N,20260801,,,,,,,,,,,,,,N,,,,,,,,,,,
,MCKENNA,E,BRISCOE,,901083009,N,20260801,,,,,,,,,,,,,,N,,,,,,,,,,,
,SALEM,,LARICEY,,901083033,N,20260801,,,,,,,,,,,,,,N,,,,,,,,,,,
,LANDEN,K,THOMPSON,,901083061,Y,20260801,001571-00,GEORGIA MILITARY COLLEGE,GA,2,Public,20260810,20261006,F,F,LOGISTICS MANAGEMENT,520203,,,N,,,,,,,,,,,1
,ELIZABETH,R,GREGORY,,901083070,N,20260801,,,,,,,,,,,,,,N,,,,,,,,,,,
,WILLIAM,C,WILLOUGHBY,,901083087,N,20260801,,,,,,,,,,,,,,N,,,,,,,,,,,
,MAKAYLA,S,MONAHAN,,901083104,N,20260801,,,,,,,,,,,,,,N,,,,,,,,,,,
,DIEGO,A,BRICENO,,901083286,N,20260801,,,,,,,,,,,,,,N,,,,,,,,,,,
,TIMOTHY,,HENDRY,,901083305,N,20260801,,,,,,,,,,,,,,N,,,,,,,,,,,
,DHARNEESH,,GANESAN SENTHILKUMAR,,901083734,N,20260801,,,,,,,,,,,,,,N,,,,,,,,,,,
,ARYNN,M,CLAYTON,,901083800,N,20260801,,,,,,,,,,,,,,N,,,,,,,,,,,
,NAJAM,,IQBAL,,901083860,N,20260801,,,,,,,,,,,,,,N,,,,,,,,,,,
,LILLIAN,E,BRYANT,,901084032,N,20260801,,,,,,,,,,,,,,N,,,,,,,,,,,
,ADAM,M,OLSON,,901084066,N,20260801,,,,,,,,,,,,,,N,,,,,,,,,,,
,RILEY,M,GRANT,,901084076,N,20260801,,,,,,,,,,,,,,N,,,,,,,,,,,
,RYLEIGH,M,NIX,,901084211,N,20260801,,,,,,,,,,,,,,N,,,,,,,,,,,
,RILEY,,KING,,901084227,N,20260801,,,,,,,,,,,,,,N,,,,,,,,,,,
,KENNEDY,L,TOWNSEND,,901084351,N,20260801,,,,,,,,,,,,,,N,,,,,,,,,,,
,GUNNAR,A,LARSON,,901077988,N,20260801,,,,,,,,,,,,,,N,,,,,,,,,,,
,ETHAN,C,VAZQUEZ,,901078185,N,20260801,,,,,,,,,,,,,,N,,,,,,,,,,,
,SKYE,N,MEDLEY,,901078186,N,20260801,,,,,,,,,,,,,,N,,,,,,,,,,,
,WESLEY,H,CLANTON,,901078192,N,20260801,,,,,,,,,,,,,,N,,,,,,,,,,,
,SAVANNAH,M,BRYAN,,901078214,N,20260801,,,,,,,,,,,,,,N,,,,,,,,,,,
,CRISTIAN,W,GUZMAN,,901078352,N,20260801,,,,,,,,,,,,,,N,,,,,,,,,,,
,EMILY,R,DIONNE,,901078595,N,20260801,,,,,,,,,,,,,,N,,,,,,,,,,,
,HUNTER,S,HALLENBECK,,901078627,N,20260801,,,,,,,,,,,,,,N,,,,,,,,,,,
,EMILY,L,POWER,,901078929,N,20260801,,,,,,,,,,,,,,N,,,,,,,,,,,
,CHLOE,X,SCHWITZ,,901083167,N,20260801,,,,,,,,,,,,,,N,,,,,,,,,,,
,HANNAH,L,SCAFE,,901083299,Y,20260801,001585-00,UNIVERSITY OF NORTH GEORGIA,GA,4,Public,20260810,20261204,H,B,POLITICAL SCI PRE LAW,451001,,,N,,,,,,,,,,,1
,ANDREW,H,CORBEL,,901083303,N,20260801,,,,,,,,,,,,,,N,,,,,,,,,,,
,DYLAN,A,CASTILLO,,901083357,N,20260801,,,,,,,,,,,,,,N,,,,,,,,,,,
,CLINT,J,GENTRY,,901083358,N,20260801,,,,,,,,,,,,,,N,,,,,,,,,,,
,SISANDA,S,DLAMINI,,901083397,N,20260801,,,,,,,,,,,,,,N,,,,,,,,,,,
,VALERIA,,GALLARDO-ZALDIVAR,,901083419,N,20260801,,,,,,,,,,,,,,N,,,,,,,,,,,
,ISABELLA,G,KOPEL,,901083447,N,20260801,,,,,,,,,,,,,,N,,,,,,,,,,,
,REBEKAH,E,MASON,,901083452,N,20260801,,,,,,,,,,,,,,N,,,,,,,,,,,
,NATHAN,E,OJWOK,,901083314,N,20260801,,,,,,,,,,,,,,N,,,,,,,,,,,
,KIET,G,TRUONG,,901083334,N,20260801,,,,,,,,,,,,,,N,,,,,,,,,,,
,KAYLEE,A,MATIES,,901083387,N,20260801,,,,,,,,,,,,,,N,,,,,,,,,,,
,IAN,B,HARTER,,901083395,N,20260801,,,,,,,,,,,,,,N,,,,,,,,,,,
,TAYLOR,J,KRAELING,,901083435,N,20260801,,,,,,,,,,,,,,N,,,,,,,,,,,
,MATTHEW,S,KENYON,,901083463,Y,20260801,001585-00,UNIVERSITY OF NORTH GEORGIA,GA,4,Public,20260810,20261204,L,B,MUSIC,500999,,,N,,,,,,,,,,,1
,JOHN,A,WIGBELS,,901083496,N,20260801,,,,,,,,,,,,,,N,,,,,,,,,,,
,ANNALISE,C,BLACK,,901083533,N,20260801,,,,,,,,,,,,,,N,,,,,,,,,,,
,AIDEN,B,SELF,,901083548,N,20260801,,,,,,,,,,,,,,N,,,,,,,,,,,
,HANNAH,G,WALKER,,901083620,N,20260801,,,,,,,,,,,,,,N,,,,,,,,,,,
,SADGUN,R,BANNURU,,901084376,N,20260801,,,,,,,,,,,,,,N,,,,,,,,,,,
,TYLER,M,GIBSON,,901084394,N,20260801,,,,,,,,,,,,,,N,,,,,,,,,,,
,ASHRITHA,,ARUN,,901084404,N,20260801,,,,,,,,,,,,,,N,,,,,,,,,,,
,ALANA,E,MCCARTHY,,901084425,N,20260801,,,,,,,,,,,,,,N,,,,,,,,,,,
,OLIVIA,A,LIFSEY,,901084454,N,20260801,,,,,,,,,,,,,,N,,,,,,,,,,,
,MARCELA,,BALCAZAR,,901084485,N,20260801,,,,,,,,,,,,,,N,,,,,,,,,,,
,CAMERON,L,NIX,,901084492,N,20260801,,,,,,,,,,,,,,N,,,,,,,,,,,
,COLTON,S,CARTER,,901084514,N,20260801,,,,,,,,,,,,,,N,,,,,,,,,,,
,BLET,S,HTOO,,901084539,N,20260801,,,,,,,,,,,,,,N,,,,,,,,,,,
,IBRAHIM,R,REKAYA,,901084560,N,20260801,,,,,,,,,,,,,,N,,,,,,,,,,,
,HOLLY,B,COSTNER,,901084569,N,20260801,,,,,,,,,,,,,,N,,,,,,,,,,,
,PARKER,D,ANTWINE,,901084584,N,20260801,,,,,,,,,,,,,,N,,,,,,,,,,,
,SIERRA,N,FRANK,,901084643,N,20260801,,,,,,,,,,,,,,N,,,,,,,,,,,
,KAELYN,A,ROGERS,,901084650,N,20260801,,,,,,,,,,,,,,N,,,,,,,,,,,
,YOONA,,YANG,,901084651,N,20260801,,,,,,,,,,,,,,N,,,,,,,,,,,
,ANGELINA,K,LUANGRATH,,901084652,N,20260801,,,,,,,,,,,,,,N,,,,,,,,,,,
,DAISY,,ARREDONDO,,901084692,N,20260801,,,,,,,,,,,,,,N,,,,,,,,,,,
,JADEN,,CAMEJO,,901084715,Y,20260801,001577-00,KENNESAW STATE UNIVERSITY,GA,4,Public,20260824,20261214,F,B,HISTORY,540101,,,N,,,,,,,,,,,1
,MARIAH,A,NWAIGWE,,901084728,N,20260801,,,,,,,,,,,,,,N,,,,,,,,,,,
,ABIGAIL,L,SUAREZ,,901083491,N,20260801,,,,,,,,,,,,,,N,,,,,,,,,,,
,NOAH,J,BAKER,,901083507,Y,20260801,001598-00,UNIVERSITY OF GEORGIA,GA,4,Public,20260512,20260803,H,B,PSYCHOLOGY,420101,,,N,,,,,,,,,,,1
,GUADALUPE,,VARELA,,901083525,N,20260801,,,,,,,,,,,,,,N,,,,,,,,,,,
,SETH,L,HICKMAN,,901083556,N,20260801,,,,,,,,,,,,,,N,,,,,,,,,,,
,ANDERSON,J,OLIVER,,901083615,N,20260801,,,,,,,,,,,,,,N,,,,,,,,,,,
,JACOB,W,COSTELLO,,901083618,N,20260801,,,,,,,,,,,,,,N,,,,,,,,,,,
,ADDIE,L,THOMPSON,,901083659,N,20260801,,,,,,,,,,,,,,N,,,,,,,,,,,
,ALEXIS,B,CAIN,,901083760,N,20260801,,,,,,,,,,,,,,N,,,,,,,,,,,
,NORA,A,RAGSDALE,,901083903,N,20260801,,,,,,,,,,,,,,N,,,,,,,,,,,
,GUNNAR,M,TAYLOR,,901084772,N,20260801,,,,,,,,,,,,,,N,,,,,,,,,,,
,BONNIE,,EAST,,901084792,N,20260801,,,,,,,,,,,,,,N,,,,,,,,,,,
,PAXTON,B,BAEUMEL,,901084793,N,20260801,,,,,,,,,,,,,,N,,,,,,,,,,,
,TRISHA,,SAXENA,,901084803,N,20260801,,,,,,,,,,,,,,N,,,,,,,,,,,
,NOAH,W,SNOW,,901084839,N,20260801,,,,,,,,,,,,,,N,,,,,,,,,,,
,CARTER,R,MCGINNIS,,901084892,N,20260801,,,,,,,,,,,,,,N,,,,,,,,,,,
,LUKE,E,WEIMER,,901084902,N,20260801,,,,,,,,,,,,,,N,,,,,,,,,,,
,TANNER,P,CHRISTIAN,,901084931,N,20260801,,,,,,,,,,,,,,N,,,,,,,,,,,
,LILLIAN,G,ROZELL,,901084934,N,20260801,,,,,,,,,,,,,,N,,,,,,,,,,,
,ANDREW,L,VALENCIA,,901083657,N,20260801,,,,,,,,,,,,,,N,,,,,,,,,,,
,ISSAC,,HONG,,901083669,N,20260801,,,,,,,,,,,,,,N,,,,,,,,,,,
,GABRIEL,M,MEJIA,,901083767,N,20260801,,,,,,,,,,,,,,N,,,,,,,,,,,
,ABIGAIL,E,LYNCH,,901083843,N,20260801,,,,,,,,,,,,,,N,,,,,,,,,,,
,JOSIAH,W,DEAGLE,,901084045,N,20260801,,,,,,,,,,,,,,N,,,,,,,,,,,
,SEAN,,BOGDAN,,901084116,N,20260801,,,,,,,,,,,,,,N,,,,,,,,,,,
,JORDIN,D,BAKER,,901084153,N,20260801,,,,,,,,,,,,,,N,,,,,,,,,,,
,MYA,M,JEWELL,,901084210,N,20260801,,,,,,,,,,,,,,N,,,,,,,,,,,
,ADAM,J,GODLEWSKI,,901084320,N,20260801,,,,,,,,,,,,,,N,,,,,,,,,,,
,TIMOTHY,S,HUGHES,,901083928,Y,20260801,001577-00,KENNESAW STATE UNIVERSITY,GA,4,Public,20260824,20261214,F,B,BIOLOGY,260101,,,N,,,,,,,,,,,1
,CARSON,S,JOHNSTON,,901083987,N,20260801,,,,,,,,,,,,,,N,,,,,,,,,,,
,EUGENIA,S,BROWN,,901084058,N,20260801,,,,,,,,,,,,,,N,,,,,,,,,,,
,FINLEY,P,EDWARDS,,901084063,N,20260801,,,,,,,,,,,,,,N,,,,,,,,,,,
,COLTER,C,CREVISTON,,901084064,N,20260801,,,,,,,,,,,,,,N,,,,,,,,,,,
,KUBRA,,TAS,,901084068,N,20260801,,,,,,,,,,,,,,N,,,,,,,,,,,
,KALEB,L,FORD,,901084111,N,20260801,,,,,,,,,,,,,,N,,,,,,,,,,,
,TATUM,,JOYCE,,901084214,Y,20260801,001598-00,UNIVERSITY OF GEORGIA,GA,4,Public,20260512,20260803,F,B,INTENDED EXERCISE AND SPORT SC,310505,,,N,,,,,,,,,,,1
,KYLIE,M,GALLAGHER,,901084223,N,20260801,,,,,,,,,,,,,,N,,,,,,,,,,,
,LLIAM,M,FANNING,,901084938,N,20260801,,,,,,,,,,,,,,N,,,,,,,,,,,
,RIONA,,RODRIGUES,,901084946,Y,20260801,003090-00,THE OHIO STATE UNIVERSITY,OH,4,Public,20260825,20261217,F,S,PRE-HEALTH SCIENCES,510899,PRE-PROF PHYSICIAN ASSISTANT,510912,N,,,,,,,,,,,1
,NAOMI,L,COUCH,,901084993,N,20260801,,,,,,,,,,,,,,N,,,,,,,,,,,
,AUBRIANNA,E,MENARD,,901085012,N,20260801,,,,,,,,,,,,,,N,,,,,,,,,,,
,MADISON,A,ZILIAK,,901085031,N,20260801,,,,,,,,,,,,,,N,,,,,,,,,,,
,LANDON,S,WHITMIRE,,901085117,N,20260801,,,,,,,,,,,,,,N,,,,,,,,,,,
,MCKINLEY,B,DANIEL,,901085126,N,20260801,,,,,,,,,,,,,,N,,,,,,,,,,,
,ISABELLA,,KASHAPOV,,901085136,Y,20260801,001588-00,PIEDMONT UNIVERSITY,GA,4,Private,20260812,20261208,F,F,FORENSIC SCIENCE,430406,,,N,,,,,,,,,,,1
,CARA,E,PERRY,,901085174,N,20260801,,,,,,,,,,,,,,N,,,,,,,,,,,
,OLIVIA,,SLAUGHTER,,901084232,N,20260801,,,,,,,,,,,,,,N,,,,,,,,,,,
,AVA,N,ESPINOZA,,901084312,N,20260801,,,,,,,,,,,,,,N,,,,,,,,,,,
,COLLIN,L,RAMSEY,,901084334,N,20260801,,,,,,,,,,,,,,N,,,,,,,,,,,
,KATHERINE,E,TYBOR,,901084379,N,20260801,,,,,,,,,,,,,,N,,,,,,,,,,,
,OLIVIA,,AUSTIN,,901084383,N,20260801,,,,,,,,,,,,,,N,,,,,,,,,,,
,LANDON,B,WETMORE,,901084436,N,20260801,,,,,,,,,,,,,,N,,,,,,,,,,,
,KAYLA,G,FRICKS,,901084441,N,20260801,,,,,,,,,,,,,,N,,,,,,,,,,,
,ZANE,J,HOLT,,901084450,N,20260801,,,,,,,,,,,,,,N,,,,,,,,,,,
,ANNA,G,ELDER,,901084452,N,20260801,,,,,,,,,,,,,,N,,,,,,,,,,,
,HYDI,,EPPS,,901084457,N,20260801,,,,,,,,,,,,,,N,,,,,,,,,,,
,RYLAN,M,STEWART,,901084341,N,20260801,,,,,,,,,,,,,,N,,,,,,,,,,,
,ANSLEIGH,C,KNIGHT,,901084390,N,20260801,,,,,,,,,,,,,,N,,,,,,,,,,,
,ASWIKA,,NAIR,,901084451,N,20260801,,,,,,,,,,,,,,N,,,,,,,,,,,
,KANNON,J,WEBER,,901084470,N,20260801,,,,,,,,,,,,,,N,,,,,,,,,,,
,ATHARVA,V,MOHITE,,901084472,N,20260801,,,,,,,,,,,,,,N,,,,,,,,,,,
,TYLER,C,PAINTER,,901084559,Y,20260801,001577-00,KENNESAW STATE UNIVERSITY,GA,4,Public,20260824,20261214,F,B,DATA SCIENCE AND ANALYTICS,307001,SPORT MANAGEMENT INTEREST,310504,N,,,,,,,,,,,1
,NICOLE,E,HALTRICH,,901084617,N,20260801,,,,,,,,,,,,,,N,,,,,,,,,,,
,MADISON,,SOUNTHONETHIP,,901084628,Y,20260801,001577-00,KENNESAW STATE UNIVERSITY,GA,4,Public,20260824,20261214,F,B,JOURNALISM AND EMERGING MEDIA,090401,,,N,,,,,,,,,,,1
,BRYN,J,BIRKHOLZ,,901084629,Y,20260801,001537-00,UNIVERSITY OF SOUTH FLORIDA,FL,4,Public,20260518,20260807,L,F,BUS ANALYTICS & INFO SYSTEMS,521201,,,N,,,,,,,,,,,1
,PIPER,H,NAPIER,,901084461,N,20260801,,,,,,,,,,,,,,N,,,,,,,,,,,
,PRANAV,,AGNIHOTHRAM,,901084493,N,20260801,,,,,,,,,,,,,,N,,,,,,,,,,,
,MAVERICK,H,SMITH,,901084516,N,20260801,,,,,,,,,,,,,,N,,,,,,,,,,,
,AMY,E,WILLIAMS,,901084528,N,20260801,,,,,,,,,,,,,,N,,,,,,,,,,,
,RIYAN,,AHMAD,,901084574,Y,20260801,001574-06,GEORGIA STATE UNIVERSITY- PERIMETER COLLEGE,GA,2,Public,20260511,20260803,L,F,UNDECLARED,240102,,,N,,,,,,,,,,,1
,GERARDO,,BAEZA-CRUZ,,901084602,N,20260801,,,,,,,,,,,,,,N,,,,,,,,,,,
,RANDALL,,HALL,,901084631,N,20260801,,,,,,,,,,,,,,N,,,,,,,,,,,
,JAYLA,,WHITE,,901084735,N,20260801,,,,,,,,,,,,,,N,,,,,,,,,,,
,ADDISON,,ARGO,,901084736,N,20260801,,,,,,,,,,,,,,N,,,,,,,,,,,
,PAYTON,J,HAMILTON,,901085249,N,20260801,,,,,,,,,,,,,,N,,,,,,,,,,,
,JACOB,S,DOWNS,,901085275,N,20260801,,,,,,,,,,,,,,N,,,,,,,,,,,
,ETHAN,J,DAY,,901085276,N,20260801,,,,,,,,,,,,,,N,,,,,,,,,,,
,RAGGAV,,GOPALA KRISHNAN,,901085283,N,20260801,,,,,,,,,,,,,,N,,,,,,,,,,,
,CHRISTOPHER,R,CHRISTIAN,,901085307,N,20260801,,,,,,,,,,,,,,N,,,,,,,,,,,
,ARIA,D,PATEL,,901085385,N,20260801,,,,,,,,,,,,,,N,,,,,,,,,,,
,ANDREW,W,CHALMERS,,901085387,N,20260801,,,,,,,,,,,,,,N,,,,,,,,,,,
,SALLY,I,BALTAZAR-GONSALEZ,,901085393,N,20260801,,,,,,,,,,,,,,N,,,,,,,,,,,
,LEILA,R,HUSS,,901085417,N,20260801,,,,,,,,,,,,,,N,,,,,,,,,,,
,ANNABELLE,C,MAHER,,901085435,N,20260801,,,,,,,,,,,,,,N,,,,,,,,,,,
,BROOKLYN,K,MILLER,,901085456,N,20260801,,,,,,,,,,,,,,N,,,,,,,,,,,
,WILLIAM,C,DANIELS,,901085795,N,20260801,,,,,,,,,,,,,,N,,,,,,,,,,,
,ZACHARY,M,DEMONTIGNY,,901085810,N,20260801,,,,,,,,,,,,,,N,,,,,,,,,,,
,CHASE,M,GOELZ,,901085939,N,20260801,,,,,,,,,,,,,,N,,,,,,,,,,,
,DEVIN,,GOELZ,,901085940,N,20260801,,,,,,,,,,,,,,N,,,,,,,,,,,
,COLTON,J,KELLER,,901086088,N,20260801,,,,,,,,,,,,,,N,,,,,,,,,,,
,FAITH,A,WASDEN,,901086599,Y,20260801,001598-00,UNIVERSITY OF GEORGIA,GA,4,Public,20260512,20260803,F,B,HOUSING MANAGEMENT POLICY,190601,,,N,,,,,,,,,,,1
,JORDAN,E,WOLFF,,901086695,N,20260801,,,,,,,,,,,,,,N,,,,,,,,,,,
,LAWSON,M,CHOATE,,901084642,N,20260801,,,,,,,,,,,,,,N,,,,,,,,,,,
,PIPER,E,DUCKWORTH,,901084720,N,20260801,,,,,,,,,,,,,,N,,,,,,,,,,,
,LYLAH,S,GOFF,,901084861,N,20260801,,,,,,,,,,,,,,N,,,,,,,,,,,
,NEHA,R,DEO,,901084904,Y,20260801,001569-00,GEORGIA INSTITUTE OF TECHNOLOGY,GA,4,Public,20260518,20260806,L,N,SPECIAL NON DEGREE,240102,,,N,,,,,,,,,,,1
,RILEY,K,BLANTON,,901084919,Y,20260801,001588-00,PIEDMONT UNIVERSITY,GA,4,Private,20260812,20261208,F,F,BIOLOGY,260101,,,N,,,,,,,,,,,1
,BENJAMIN,,MOLIS,,901084925,N,20260801,,,,,,,,,,,,,,N,,,,,,,,,,,
,TIMOTHY,M,SAMARSKY,,901084932,Y,20260801,001577-00,KENNESAW STATE UNIVERSITY,GA,4,Public,20260824,20261214,F,B,ELECTRICAL ENGINEERING,141001,,,N,,,,,,,,,,,1
,BRADY,C,DICKERSON,,901084935,N,20260801,,,,,,,,,,,,,,N,,,,,,,,,,,
,TYLER,,LEE,,901084964,N,20260801,,,,,,,,,,,,,,N,,,,,,,,,,,
,SARA,P,ROGERS,,901084740,N,20260801,,,,,,,,,,,,,,N,,,,,,,,,,,
,AVERY,J,JENNINGS,,901084827,N,20260801,,,,,,,,,,,,,,N,,,,,,,,,,,
,AZAAN,S,AJANI,,901084916,N,20260801,,,,,,,,,,,,,,N,,,,,,,,,,,
,LINDSEY,I,CASTANEDA,,901084922,N,20260801,,,,,,,,,,,,,,N,,,,,,,,,,,
,AUDREY,M,FRILOT,,901084930,N,20260801,,,,,,,,,,,,,,N,,,,,,,,,,,
,DAVIS,M,SANDERS,,901084936,N,20260801,,,,,,,,,,,,,,N,,,,,,,,,,,
,CONNER,N,EVERETT,,901084951,N,20260801,,,,,,,,,,,,,,N,,,,,,,,,,,
,MADDAX,M,SUTULOVICH,,901084952,N,20260801,,,,,,,,,,,,,,N,,,,,,,,,,,
,JACKSON,T,MILLER,,901084978,N,20260801,,,,,,,,,,,,,,N,,,,,,,,,,,
,AARAV,Y,PATEL,,901084982,N,20260801,,,,,,,,,,,,,,N,,,,,,,,,,,
,IZHAN,A,KHAN,,901085003,N,20260801,,,,,,,,,,,,,,N,,,,,,,,,,,
,TIMOTHY,J,KIM,,901085087,N,20260801,,,,,,,,,,,,,,N,,,,,,,,,,,
,ZACHARY,M,JIVIDEN,,901085090,N,20260801,,,,,,,,,,,,,,N,,,,,,,,,,,
,ANNALEIGH,G,CHEATHAM,,901085104,N,20260801,,,,,,,,,,,,,,N,,,,,,,,,,,
,CAYSON,C,MITCHELL,,901085105,N,20260801,,,,,,,,,,,,,,N,,,,,,,,,,,
,HARTLEE,B,GILES,,901085110,N,20260801,,,,,,,,,,,,,,N,,,,,,,,,,,
,ELENA,G,ANDERSON,,901085122,N,20260801,,,,,,,,,,,,,,N,,,,,,,,,,,
,HAYDEN,L,WALDRON,,901085127,N,20260801,,,,,,,,,,,,,,N,,,,,,,,,,,
,OWEN,,YAHRES,,901084989,N,20260801,,,,,,,,,,,,,,N,,,,,,,,,,,
,JESSICA,F,TOWE,,901085027,N,20260801,,,,,,,,,,,,,,N,,,,,,,,,,,
,AVERY,L,MCCRARY,,901085109,N,20260801,,,,,,,,,,,,,,N,,,,,,,,,,,
,LAUREN,A,DOWDY,,901085128,N,20260801,,,,,,,,,,,,,,N,,,,,,,,,,,
,IVY,G,ANDERSON,,901085129,Y,20260801,001588-00,PIEDMONT UNIVERSITY,GA,4,Private,20260812,20261208,F,F,COMM SCIENCES AND DISORDERS,510201,,,N,,,,,,,,,,,1
,TANVI,R,NELAKOSIGI,,901085178,N,20260801,,,,,,,,,,,,,,N,,,,,,,,,,,
,KATHERINE,E,ENTREKIN,,901085214,N,20260801,,,,,,,,,,,,,,N,,,,,,,,,,,
,EMILY,C,DAVID,,901085228,Y,20260801,001598-00,UNIVERSITY OF GEORGIA,GA,4,Public,20260512,20260803,F,B,INTENDED SOCIAL STUDIES EDUC,131318,,,N,,,,,,,,,,,1
,LYLE,O,ARMEL,,901085234,N,20260801,,,,,,,,,,,,,,N,,,,,,,,,,,
,MORGAN,,GREEN,,901085144,N,20260801,,,,,,,,,,,,,,N,,,,,,,,,,,
,OWEN,P,MADDOX,,901085241,N,20260801,,,,,,,,,,,,,,N,,,,,,,,,,,
,ANDREW,D,NORVILLE,,901085299,N,20260801,,,,,,,,,,,,,,N,,,,,,,,,,,
,KYLIE,J,WILLIAMS,,901085321,N,20260801,,,,,,,,,,,,,,N,,,,,,,,,,,
,LEONIE,,BOEKER,,901085328,N,20260801,,,,,,,,,,,,,,N,,,,,,,,,,,
,TYLER,J,HARADON,,901085345,N,20260801,,,,,,,,,,,,,,N,,,,,,,,,,,
,JACK,W,IMBACH,,901085365,N,20260801,,,,,,,,,,,,,,N,,,,,,,,,,,
,OLUWATONI,T,TAIWO,,901085439,N,20260801,,,,,,,,,,,,,,N,,,,,,,,,,,
,COOPER,L,BRADSHAW,,901085688,Y,20260801,001598-00,UNIVERSITY OF GEORGIA,GA,4,Public,20260512,20260803,H,B,INTENDED FINANCE,520801,,,N,,,,,,,,,,,1
,JOCELYN,,GARCIA,,901085913,N,20260801,,,,,,,,,,,,,,N,,,,,,,,,,,
,ZOEY,L,WELLS,,901086760,N,20260801,,,,,,,,,,,,,,N,,,,,,,,,,,
,DUY,,PHAM,,901086789,N,20260801,,,,,,,,,,,,,,N,,,,,,,,,,,
,ALEXANDER,C,BLURTON,,901086811,N,20260801,,,,,,,,,,,,,,N,,,,,,,,,,,
,ABIGAIL,J,THOMPSON,,901086819,N,20260801,,,,,,,,,,,,,,N,,,,,,,,,,,
,PATRICIA,C,JOHNSON,,901086864,N,20260801,,,,,,,,,,,,,,N,,,,,,,,,,,
,MAHI,L,MULUKA,,901086943,N,20260801,,,,,,,,,,,,,,N,,,,,,,,,,,
,CADEN,,FERRANTE,,901086963,N,20260801,,,,,,,,,,,,,,N,,,,,,,,,,,
,AUBREY,D,PETTUS,,901086967,N,20260801,,,,,,,,,,,,,,N,,,,,,,,,,,
,COOPER,T,SAMPSON,,901087016,N,20260801,,,,,,,,,,,,,,N,,,,,,,,,,,
,CORA,B,GOODMAN,,901087024,N,20260801,,,,,,,,,,,,,,N,,,,,,,,,,,
,GISSELLE,,PORTILLO,,901086352,N,20260801,,,,,,,,,,,,,,N,,,,,,,,,,,
,NATHAN,,ROBINSON,,901086404,N,20260801,,,,,,,,,,,,,,N,,,,,,,,,,,
,SAVANNAH,N,WARGO,,901086598,N,20260801,,,,,,,,,,,,,,N,,,,,,,,,,,
,MY,N,TRAN,,901086714,N,20260801,,,,,,,,,,,,,,N,,,,,,,,,,,
,PAIGE,A,MCINTOSH,,901086740,N,20260801,,,,,,,,,,,,,,N,,,,,,,,,,,
,KAITLYN,M,VERNON,,901086745,N,20260801,,,,,,,,,,,,,,N,,,,,,,,,,,
,SADIE,G,WINZELER,,901086756,N,20260801,,,,,,,,,,,,,,N,,,,,,,,,,,
,CHLOE,E,BOZOF,,901086766,N,20260801,,,,,,,,,,,,,,N,,,,,,,,,,,
,WESLEY,J,CAO,,901086773,N,20260801,,,,,,,,,,,,,,N,,,,,,,,,,,
,JULLIAN,D,SANCHEZ,,901086785,N,20260801,,,,,,,,,,,,,,N,,,,,,,,,,,
,MATTHEW,,LEE,,901085288,N,20260801,,,,,,,,,,,,,,N,,,,,,,,,,,
,BENJAMIN,W,CAREY,,901085300,N,20260801,,,,,,,,,,,,,,N,,,,,,,,,,,
,SHARON,C,KIM,,901085305,N,20260801,,,,,,,,,,,,,,N,,,,,,,,,,,
,KAYLEY,L,APPENFELDER,,901085326,N,20260801,,,,,,,,,,,,,,N,,,,,,,,,,,
,KIT,T,PAW,,901085366,N,20260801,,,,,,,,,,,,,,N,,,,,,,,,,,
,EMILY,K,SHEHANE,,901085381,N,20260801,,,,,,,,,,,,,,N,,,,,,,,,,,
,DIEGO,J,ORTEGA,,901085399,N,20260801,,,,,,,,,,,,,,N,,,,,,,,,,,
,JEREMY,,ROBERTS,,901085405,N,20260801,,,,,,,,,,,,,,N,,,,,,,,,,,
,EMELY,,CARDENAS,,901085440,N,20260801,,,,,,,,,,,,,,N,,,,,,,,,,,
,ALBERTO,B,CASTELLANOS-QUINTERO,,901085727,N,20260801,,,,,,,,,,,,,,N,,,,,,,,,,,
,LANDON,A,JOHNSON,,901086794,N,20260801,,,,,,,,,,,,,,N,,,,,,,,,,,
,PARV,K,PATEL,,901086813,N,20260801,,,,,,,,,,,,,,N,,,,,,,,,,,
,BRADLEY,A,WAGES,,901086816,N,20260801,,,,,,,,,,,,,,N,,,,,,,,,,,
,ANDREW,T,THOMPSON,,901086859,N,20260801,,,,,,,,,,,,,,N,,,,,,,,,,,
,ANDRES,J,LOPEZ,,901086926,N,20260801,,,,,,,,,,,,,,N,,,,,,,,,,,
,KATE,V,BARRATT,,901086942,N,20260801,,,,,,,,,,,,,,N,,,,,,,,,,,
,BORIS,,DULKO,,901086947,Y,20260801,001569-00,GEORGIA INSTITUTE OF TECHNOLOGY,GA,4,Public,20260518,20260806,L,B,MECHANICAL ENGINEERING,141901,,,N,,,,,,,,,,,1
,SARAH,E,SMITH,,901086974,N,20260801,,,,,,,,,,,,,,N,,,,,,,,,,,
,SARAH,J,BLADE,,901087020,Y,20260801,001598-00,UNIVERSITY OF GEORGIA,GA,4,Public,20260512,20260803,F,B,BIOCHEM AND MOLECULAR BIOLOGY,260210,,,N,,,,,,,,,,,1
,KAITLYN,E,MARKS,,901087237,N,20260801,,,,,,,,,,,,,,N,,,,,,,,,,,
,MADELEINE,R,VAUGHN,,901087177,N,20260801,,,,,,,,,,,,,,N,,,,,,,,,,,
,EMERSYN,K,QUEEN,,901087182,Y,20260801,001577-00,KENNESAW STATE UNIVERSITY,GA,4,Public,20260824,20261214,F,B,EXERCISE SCIENCE INTEREST,260908,,,N,,,,,,,,,,,1
,GABRIELLE,R,GREBE,,901087183,N,20260801,,,,,,,,,,,,,,N,,,,,,,,,,,
,JADEN,,YEO,,901087185,N,20260801,,,,,,,,,,,,,,N,,,,,,,,,,,
,MARIA,L,ONETO,,901087187,N,20260801,,,,,,,,,,,,,,N,,,,,,,,,,,
,JAMI,L,GOODWIN,,901087255,N,20260801,,,,,,,,,,,,,,N,,,,,,,,,,,
,DANIEL,W,BLASUCCI,,901087381,N,20260801,,,,,,,,,,,,,,N,,,,,,,,,,,
,MARELY,,VARGAS,,901087383,N,20260801,,,,,,,,,,,,,,N,,,,,,,,,,,
,PEYTON,H,MUBARAK,,901087425,N,20260801,,,,,,,,,,,,,,N,,,,,,,,,,,
,MADISON,A,VAUGHAN,,901087436,N,20260801,,,,,,,,,,,,,,N,,,,,,,,,,,
,ANTONELLA,A,PEROTTI,,901086329,N,20260801,,,,,,,,,,,,,,N,,,,,,,,,,,
,RYLEE,R,PETTY,,901086335,N,20260801,,,,,,,,,,,,,,N,,,,,,,,,,,
,SKYLER,D,SUTTON,,901086501,N,20260801,,,,,,,,,,,,,,N,,,,,,,,,,,
,ELLA,C,TROST,,901086551,N,20260801,,,,,,,,,,,,,,N,,,,,,,,,,,
,MICHELLE,,ZHANG,,901086653,N,20260801,,,,,,,,,,,,,,N,,,,,,,,,,,
,MILAN,M,MAIR,,901086743,N,20260801,,,,,,,,,,,,,,N,,,,,,,,,,,
,HALEY,E,HAYES,,901086812,N,20260801,,,,,,,,,,,,,,N,,,,,,,,,,,
,ANNA,R,BASTOW,,901086843,N,20260801,,,,,,,,,,,,,,N,,,,,,,,,,,
,KAI,H,COOK,,901086854,N,20260801,,,,,,,,,,,,,,N,,,,,,,,,,,
,ALEXANDER,P,JOHNSON,,901086973,N,20260801,,,,,,,,,,,,,,N,,,,,,,,,,,
,ALLISON,H,HILSMAN,,901087353,N,20260801,,,,,,,,,,,,,,N,,,,,,,,,,,
,KENNETH,T,GILMORE,,901087372,N,20260801,,,,,,,,,,,,,,N,,,,,,,,,,,
,COURTNEY,M,LIU,,901087399,N,20260801,,,,,,,,,,,,,,N,,,,,,,,,,,
,ADDISON,,PHILLIPS,,901087406,N,20260801,,,,,,,,,,,,,,N,,,,,,,,,,,
,JACOB,A,LANGAN,,901087408,N,20260801,,,,,,,,,,,,,,N,,,,,,,,,,,
,ELLE,K,REESE,,901087409,N,20260801,,,,,,,,,,,,,,N,,,,,,,,,,,
,MARLEE,L,CARMICHAEL,,901087426,N,20260801,,,,,,,,,,,,,,N,,,,,,,,,,,
,TOMMASO,,CACCIA,,901087435,N,20260801,,,,,,,,,,,,,,N,,,,,,,,,,,
,CHASE,W,LIN,,901087443,N,20260801,,,,,,,,,,,,,,N,,,,,,,,,,,
,RANI,K,KERL,,901087445,N,20260801,,,,,,,,,,,,,,N,,,,,,,,,,,
,EDUARDO,,GARCIA,,901087454,N,20260801,,,,,,,,,,,,,,N,,,,,,,,,,,
,SIDNEY,I,SMITH,,901087461,N,20260801,,,,,,,,,,,,,,N,,,,,,,,,,,
,SOPHIE,K,GILREATH,,901087478,N,20260801,,,,,,,,,,,,,,N,,,,,,,,,,,
,CARLEE,A,BROHM,,901087521,N,20260801,,,,,,,,,,,,,,N,,,,,,,,,,,
,MATTHEW,S,WILLIAMSON,,901087549,N,20260801,,,,,,,,,,,,,,N,,,,,,,,,,,
,CLAY,,WHITE,,901087550,N,20260801,,,,,,,,,,,,,,N,,,,,,,,,,,
,ROBERT,S,MADDOX,,901087605,Y,20260801,001598-00,UNIVERSITY OF GEORGIA,GA,4,Public,20260512,20260803,H,B,INTENDED ACCOUNTING,520301,,,N,,,,,,,,,,,1
,JOELL,D,BENNETT,,901087658,N,20260801,,,,,,,,,,,,,,N,,,,,,,,,,,
,NEHEMIAS,A,DUARTE-AQUINO,,901086992,N,20260801,,,,,,,,,,,,,,N,,,,,,,,,,,
,BRAYDEN,K,WALKER,,901087004,N,20260801,,,,,,,,,,,,,,N,,,,,,,,,,,
,OMAR,,POWELL,,901087010,N,20260801,,,,,,,,,,,,,,N,,,,,,,,,,,
,CARSON,L,DOZIER,,901087116,Y,20260801,001577-00,KENNESAW STATE UNIVERSITY,GA,4,Public,20260824,20261214,F,B,FINANCE INTEREST,520801,,,N,,,,,,,,,,,1
,SARAH,E,DURAN,,901087229,N,20260801,,,,,,,,,,,,,,N,,,,,,,,,,,
,ASHER,E,SMITH,,901087235,N,20260801,,,,,,,,,,,,,,N,,,,,,,,,,,
,SYDNEY,C,MARTIN,,901087265,N,20260801,,,,,,,,,,,,,,N,,,,,,,,,,,
,JELYZA,V,LAPSLEY,,901087395,N,20260801,,,,,,,,,,,,,,N,,,,,,,,,,,
,NIA,V,MENDONCA,,901087402,N,20260801,,,,,,,,,,,,,,N,,,,,,,,,,,
,KATHERINE,,DUNSETH,,901087414,N,20260801,,,,,,,,,,,,,,N,,,,,,,,,,,
,DARSHANA,,KOLAKULATH,,901087439,N,20260801,,,,,,,,,,,,,,N,,,,,,,,,,,
,NAREN,,NANDAKUMAR,,901087449,N,20260801,,,,,,,,,,,,,,N,,,,,,,,,,,
,ASHLEY,B,NGUYEN,,901087470,N,20260801,,,,,,,,,,,,,,N,,,,,,,,,,,
,SCOTT,M,MORTON,,901087479,Y,20260801,001577-00,KENNESAW STATE UNIVERSITY,GA,4,Public,20260824,20261214,F,B,AEROSPACE ENGINEERING,140201,,,N,,,,,,,,,,,1
,DEMI,,CHU,,901087504,N,20260801,,,,,,,,,,,,,,N,,,,,,,,,,,
,RHETT,D,COCKFIELD,,901087514,Y,20260801,001577-00,KENNESAW STATE UNIVERSITY,GA,4,Public,20260824,20261214,F,B,ELECTRICAL ENGINEERING,141001,,,N,,,,,,,,,,,1
,OLIVIA,S,JOHNSON,,901087546,N,20260801,,,,,,,,,,,,,,N,,,,,,,,,,,
,ISABELLA,J,PARK,,901087591,N,20260801,,,,,,,,,,,,,,N,,,,,,,,,,,
,ANNABELLE,,LEE,,901087608,N,20260801,,,,,,,,,,,,,,N,,,,,,,,,,,
,GISELLE,,CANALES DIEGO,,901087690,N,20260801,,,,,,,,,,,,,,N,,,,,,,,,,,
,ALYZZA,,MILLAN,,901087740,N,20260801,,,,,,,,,,,,,,N,,,,,,,,,,,
,LILLIAN,C,HERMAN,,901087779,N,20260801,,,,,,,,,,,,,,N,,,,,,,,,,,
,HOLLY,K,MADSEN,,901087788,N,20260801,,,,,,,,,,,,,,N,,,,,,,,,,,
,ILUSHA,M,IDAMA,,901087813,N,20260801,,,,,,,,,,,,,,N,,,,,,,,,,,
,SAHITHYA,L,SHRIRAM,,901087822,N,20260801,,,,,,,,,,,,,,N,,,,,,,,,,,
,HELEN,,FANNING,,901087824,N,20260801,,,,,,,,,,,,,,N,,,,,,,,,,,
,BRAYDEN,R,WEBB,,901087826,N,20260801,,,,,,,,,,,,,,N,,,,,,,,,,,
,ZACHARY,,KUSUMO,,901087836,N,20260801,,,,,,,,,,,,,,N,,,,,,,,,,,
,MARIA,G,GORDILLO,,901087855,N,20260801,,,,,,,,,,,,,,N,,,,,,,,,,,
,WILLIAM,S,DOPFER,,901087857,Y,20260801,003719-00,LONGWOOD UNIVERSITY,VA,4,Public,20260504,20260815,L,B,BUSINESS ADMINISTRATION,520201,,,N,,,,,,,,,,,1
,CHRISTIN,,SHIN,,901087900,N,20260801,,,,,,,,,,,,,,N,,,,,,,,,,,
,SIDNEY,T,JOHNSON,,901087924,N,20260801,,,,,,,,,,,,,,N,,,,,,,,,,,
,ENZO,,COMBS,,901087943,N,20260801,,,,,,,,,,,,,,N,,,,,,,,,,,
,KURUMI,,CRUTCHFIELD,,901088007,N,20260801,,,,,,,,,,,,,,N,,,,,,,,,,,
,JULISSA,M,BANKS,,901088050,N,20260801,,,,,,,,,,,,,,N,,,,,,,,,,,
,JACK,W,SCHENKEMEYER,,901088061,N,20260801,,,,,,,,,,,,,,N,,,,,,,,,,,
,KENNEDY,E,MARTIN,,901088064,N,20260801,,,,,,,,,,,,,,N,,,,,,,,,,,
,JEFFREY,L,SIMPSON,,901088113,N,20260801,,,,,,,,,,,,,,N,,,,,,,,,,,
,JACOB,R,DEWEY,,901087692,N,20260801,,,,,,,,,,,,,,N,,,,,,,,,,,
,ISABELLA,M,THEODORE,,901087697,N,20260801,,,,,,,,,,,,,,N,,,,,,,,,,,
,JEREMIAH,E,GRAY,,901087708,N,20260801,,,,,,,,,,,,,,N,,,,,,,,,,,
,KRITHIKA,S,BOLIKONDA,,901087739,N,20260801,,,,,,,,,,,,,,N,,,,,,,,,,,
,ABIGAIL,G,BURKE,,901087785,N,20260801,,,,,,,,,,,,,,N,,,,,,,,,,,
,HUY,Q,TRAN,,901087786,N,20260801,,,,,,,,,,,,,,N,,,,,,,,,,,
,HENRIK,S,BORJESSON,,901087800,N,20260801,,,,,,,,,,,,,,N,,,,,,,,,,,
,VIRGINIA,L,ROGERS,,901087812,N,20260801,,,,,,,,,,,,,,N,,,,,,,,,,,
,HARLI,J,HILL,,901087825,N,20260801,,,,,,,,,,,,,,N,,,,,,,,,,,
,HANNAH,S,JENKINS,,901087456,N,20260801,,,,,,,,,,,,,,N,,,,,,,,,,,
,LILLIAN,L,CURTIS,,901087509,N,20260801,,,,,,,,,,,,,,N,,,,,,,,,,,
,HENRIS,S,ROMERO,,901087513,N,20260801,,,,,,,,,,,,,,N,,,,,,,,,,,
,JOSEPHINE,P,SEARS,,901087515,N,20260801,,,,,,,,,,,,,,N,,,,,,,,,,,
,NOAH,S,CRANE,,901087519,N,20260801,,,,,,,,,,,,,,N,,,,,,,,,,,
,WILLIAM,B,TAYLOR,,901087548,N,20260801,,,,,,,,,,,,,,N,,,,,,,,,,,
,CLARK,E,STANCIL,,901087596,N,20260801,,,,,,,,,,,,,,N,,,,,,,,,,,
,LAUREN,N,ALLEN,,901087606,N,20260801,,,,,,,,,,,,,,N,,,,,,,,,,,
,CALI,A,FLORES,,901087638,N,20260801,,,,,,,,,,,,,,N,,,,,,,,,,,
,ABIGAIL,M,GUNDRY,,901087678,N,20260801,,,,,,,,,,,,,,N,,,,,,,,,,,
,THAISON,D,NGUYEN,,901088221,N,20260801,,,,,,,,,,,,,,N,,,,,,,,,,,
,MACKENZIE,E,PERDUE,,901088233,N,20260801,,,,,,,,,,,,,,N,,,,,,,,,,,
,TROY,A,SMITH,,901088257,N,20260801,,,,,,,,,,,,,,N,,,,,,,,,,,
,DARREN,,YUAN,,901088271,N,20260801,,,,,,,,,,,,,,N,,,,,,,,,,,
,FINNAN,A,MCELHANNON,,901088332,N,20260801,,,,,,,,,,,,,,N,,,,,,,,,,,
,PORTER,D,WELCH,,901088337,N,20260801,,,,,,,,,,,,,,N,,,,,,,,,,,
,LIBBI,J,TIPPINS,,901088343,N,20260801,,,,,,,,,,,,,,N,,,,,,,,,,,
,THOMAS,A,MCMAHON,,901088371,N,20260801,,,,,,,,,,,,,,N,,,,,,,,,,,
,MARIE-JULIETTE,,DAVID,,901088372,N,20260801,,,,,,,,,,,,,,N,,,,,,,,,,,
,KIMBERLY,R,MANTURUK,,901087893,N,20260801,,,,,,,,,,,,,,N,,,,,,,,,,,
,AILEEN,M,DIAZ RIOS,,901087993,N,20260801,,,,,,,,,,,,,,N,,,,,,,,,,,
,AVA,,LESNIAK,,901088022,N,20260801,,,,,,,,,,,,,,N,,,,,,,,,,,
,AFRAH,,AIMEN,,901088035,N,20260801,,,,,,,,,,,,,,N,,,,,,,,,,,
,BRYCE,H,GINDLESPERGER,,901088058,N,20260801,,,,,,,,,,,,,,N,,,,,,,,,,,
,HANNAH,G,CHAN,,901088066,Y,20260801,001577-00,KENNESAW STATE UNIVERSITY,GA,4,Public,20260824,20261214,F,B,EXERCISE SCIENCE INTEREST,260908,,,N,,,,,,,,,,,1
,KAYELEE,G,HODGES,,901088073,N,20260801,,,,,,,,,,,,,,N,,,,,,,,,,,
,HALEY,J,SCHAEFER,,901088305,N,20260801,,,,,,,,,,,,,,N,,,,,,,,,,,
,LIZ,,REDONDO FERNANDEZ,,901088336,N,20260801,,,,,,,,,,,,,,N,,,,,,,,,,,
,BAILEY,A,CUNNINGHAM,,901088382,N,20260801,,,,,,,,,,,,,,N,,,,,,,,,,,
,GIA,I,MANI,,901088408,N,20260801,,,,,,,,,,,,,,N,,,,,,,,,,,
,HAYDEN,D,ROLAND,,901088410,N,20260801,,,,,,,,,,,,,,N,,,,,,,,,,,
,SION,C,CARSON,,901088510,N,20260801,,,,,,,,,,,,,,N,,,,,,,,,,,
,ANOUSHKA KIRAN,K,NIMBALKAR,,901088638,N,20260801,,,,,,,,,,,,,,N,,,,,,,,,,,
,NOAH,R,LYNALL,,901088653,N,20260801,,,,,,,,,,,,,,N,,,,,,,,,,,
,LUKE,A,MARTIN,,901088662,N,20260801,,,,,,,,,,,,,,N,,,,,,,,,,,
,BERNITA,,AMEYEDOE,,901088668,N,20260801,,,,,,,,,,,,,,N,,,,,,,,,,,
,AVERY,A,LARSON,,901088773,N,20260801,,,,,,,,,,,,,,N,,,,,,,,,,,
,SAWYER,,HUDSON,,901088820,N,20260801,,,,,,,,,,,,,,N,,,,,,,,,,,
,ANNA,C,GAILLARD,,901087696,N,20260801,,,,,,,,,,,,,,N,,,,,,,,,,,
,LAISHA,,SHAIK,,901087716,N,20260801,,,,,,,,,,,,,,N,,,,,,,,,,,
,YASSER,,MAHI,,901087738,N,20260801,,,,,,,,,,,,,,N,,,,,,,,,,,
,LONDON,,KLEMME,,901087748,N,20260801,,,,,,,,,,,,,,N,,,,,,,,,,,
,AARON,S,EWERS,,901087760,N,20260801,,,,,,,,,,,,,,N,,,,,,,,,,,
,BRIAN,C,IBEGBULAM,,901087763,N,20260801,,,,,,,,,,,,,,N,,,,,,,,,,,
,TIMOTHY,,HYRBU,,901087783,Y,20260801,003434-00,FURMAN UNIVERSITY,SC,4,Private,20260513,20260812,L,,UNDECLARED - BACHELOR OF ARTS,240102,,,N,,,,,,,,,,,1
,ISABELLE THERESE,N,PAEZ,,901087803,N,20260801,,,,,,,,,,,,,,N,,,,,,,,,,,
,ADDI,,EVANS,,901087948,N,20260801,,,,,,,,,,,,,,N,,,,,,,,,,,
,ISOBEL,A,SUMMEROUR,,901088348,N,20260801,,,,,,,,,,,,,,N,,,,,,,,,,,
,KHLOE,A,SCHOONOVER,,901088363,N,20260801,,,,,,,,,,,,,,N,,,,,,,,,,,
,MIA,R,KENIMER,,901088364,N,20260801,,,,,,,,,,,,,,N,,,,,,,,,,,
,ALICE,I,BURNETTE,,901088367,N,20260801,,,,,,,,,,,,,,N,,,,,,,,,,,
,DANIEL,A,TANNEBERGER,,901088384,N,20260801,,,,,,,,,,,,,,N,,,,,,,,,,,
,BRYANNA,E,CANALES,,901088402,N,20260801,,,,,,,,,,,,,,N,,,,,,,,,,,
,ANNA,G,HARTMAN,,901088406,N,20260801,,,,,,,,,,,,,,N,,,,,,,,,,,
,ELIZABETH,,HOBBS,,901088421,N,20260801,,,,,,,,,,,,,,N,,,,,,,,,,,
,KATHERINE,R,PETERSON,,901088434,N,20260801,,,,,,,,,,,,,,N,,,,,,,,,,,
,REESE,S,WALTON,,901088835,N,20260801,,,,,,,,,,,,,,N,,,,,,,,,,,
,BRADEN,A,TAYLOR,,901088841,Y,20260801,001585-00,UNIVERSITY OF NORTH GEORGIA,GA,4,Public,20260810,20261204,F,A,BUSINESS ADMIN PATHWAY,240101,,,N,,,,,,,,,,,1
,LOUISE,,REY,,901088882,N,20260801,,,,,,,,,,,,,,N,,,,,,,,,,,
,TALAL,,ZIA,,901088891,N,20260801,,,,,,,,,,,,,,N,,,,,,,,,,,
,HAYDEN,,PYLES,,901088893,N,20260801,,,,,,,,,,,,,,N,,,,,,,,,,,
,TYLER,J,TRAMMELL,,901088906,N,20260801,,,,,,,,,,,,,,N,,,,,,,,,,,
,MIKAELA,Z,ST. DENIS,,901088911,N,20260801,,,,,,,,,,,,,,N,,,,,,,,,,,
,IVAN,,VEGA,,901088926,N,20260801,,,,,,,,,,,,,,N,,,,,,,,,,,
,MAKALEIGH,D,STEPHENS,,901089003,Y,20260801,001577-00,KENNESAW STATE UNIVERSITY,GA,4,Public,20260824,20261214,F,B,SECONDARY EDUCATION INTEREST,131205,,,N,,,,,,,,,,,1
,JACK,R,MOON,,901089025,N,20260801,,,,,,,,,,,,,,N,,,,,,,,,,,
,LANDON,E,MAGNUSSEN,,901087992,N,20260801,,,,,,,,,,,,,,N,,,,,,,,,,,
,SOPHIA,G,FOX,,901088040,N,20260801,,,,,,,,,,,,,,N,,,,,,,,,,,
,MADDUX,C,RAMER,,901088054,N,20260801,,,,,,,,,,,,,,N,,,,,,,,,,,
,MAGGIE,,ANSERT,,901088055,N,20260801,,,,,,,,,,,,,,N,,,,,,,,,,,
,LUISANA,,GOTOPO-AVILA,,901088060,N,20260801,,,,,,,,,,,,,,N,,,,,,,,,,,
,AARUSH,R,NALLAMILLI,,901088070,N,20260801,,,,,,,,,,,,,,N,,,,,,,,,,,
,ADITI,A,CHAUDHARY,,901088130,N,20260801,,,,,,,,,,,,,,N,,,,,,,,,,,
,TAYLOR,G,MEWBORN,,901088131,N,20260801,,,,,,,,,,,,,,N,,,,,,,,,,,
,MOLLY,S,MCNEILL,,901088299,N,20260801,,,,,,,,,,,,,,N,,,,,,,,,,,
,SCARLETT,K,MAZE,,901089027,Y,20260801,001598-00,UNIVERSITY OF GEORGIA,GA,4,Public,20260512,20260803,F,B,FISHERIES AND WILDLIFE,030601,PSYCHOLOGY,420101,N,,,,,,,,,,,1
,SARAH,M,IBRAHIM,,901089096,Y,20260801,001577-00,KENNESAW STATE UNIVERSITY,GA,4,Public,20260824,20261214,F,B,PSYCHOLOGY,420101,,,N,,,,,,,,,,,1
,TIMOTHY,,POLLARD,,901089122,Y,20260801,001598-00,UNIVERSITY OF GEORGIA,GA,4,Public,20260512,20260803,F,B,INTENDED MGMT INFO SYSTEMS,521201,,,N,,,,,,,,,,,1
,LUIS,A,SANCHEZ GODINEZ,,901089161,Y,20260801,001588-00,PIEDMONT UNIVERSITY,GA,4,Private,20260812,20261208,F,S,BUSINESS ADMINISTRATION,520299,,,N,,,,,,,,,,,1
,BRIANNA,A,ADCOCK,,901089172,N,20260801,,,,,,,,,,,,,,N,,,,,,,,,,,
,AKASH MANIMARAN,,MUTHUKUMARAN,,901089190,N,20260801,,,,,,,,,,,,,,N,,,,,,,,,,,
,LOLA,,CLINE,,901089239,N,20260801,,,,,,,,,,,,,,N,,,,,,,,,,,
,KALEB,H,VAN,,901089246,N,20260801,,,,,,,,,,,,,,N,,,,,,,,,,,
,HUNG,C,BUI,,901089248,N,20260801,,,,,,,,,,,,,,N,,,,,,,,,,,
,SIDHARTH,,GANESH,,901088592,N,20260801,,,,,,,,,,,,,,N,,,,,,,,,,,
,NUPOOR,A,PHADKE,,901088640,N,20260801,,,,,,,,,,,,,,N,,,,,,,,,,,
,CHRISTIAN,N,GOWDY,,901088657,N,20260801,,,,,,,,,,,,,,N,,,,,,,,,,,
,CAMRYN,T,SAULS,,901088766,N,20260801,,,,,,,,,,,,,,N,,,,,,,,,,,
,JACK,M,LEONARD,,901088772,N,20260801,,,,,,,,,,,,,,N,,,,,,,,,,,
,LAUREN,R,GRIFFIN,,901088787,N,20260801,,,,,,,,,,,,,,N,,,,,,,,,,,
,RILEY,J,COHN,,901088923,N,20260801,,,,,,,,,,,,,,N,,,,,,,,,,,
,SANAA,D,CAMERON,,901088928,N,20260801,,,,,,,,,,,,,,N,,,,,,,,,,,
,DIA,,SHASHIKIRAN,,901088930,N,20260801,,,,,,,,,,,,,,N,,,,,,,,,,,
,ALIARA,S,PENA GONZALEZ,,901089005,N,20260801,,,,,,,,,,,,,,N,,,,,,,,,,,
,ALICE,M,LANNES,,901089261,N,20260801,,,,,,,,,,,,,,N,,,,,,,,,,,
,CHASE,R,GREENE,,901089265,N,20260801,,,,,,,,,,,,,,N,,,,,,,,,,,
,MILES,,BENNETT,,901089289,N,20260801,,,,,,,,,,,,,,N,,,,,,,,,,,
,AVYAYA,,TIRUMALA,,901089303,N,20260801,,,,,,,,,,,,,,N,,,,,,,,,,,
,CRISTIAN,,ROSALES-AVILA,,901089307,N,20260801,,,,,,,,,,,,,,N,,,,,,,,,,,
,CAROLINE,,LISH,,901089311,N,20260801,,,,,,,,,,,,,,N,,,,,,,,,,,
,JOSIAH,T,BAILEY,,901089328,N,20260801,,,,,,,,,,,,,,N,,,,,,,,,,,
,HADEN,P,ALLIGOOD,,901089338,N,20260801,,,,,,,,,,,,,,N,,,,,,,,,,,
,JACKSON,T,GODFREY,,901089373,N,20260801,,,,,,,,,,,,,,N,,,,,,,,,,,
,SEAN,B,LASHLEY,,901088304,N,20260801,,,,,,,,,,,,,,N,,,,,,,,,,,
,MCCARTNEY,A,MANNHEIMER,,901088306,N,20260801,,,,,,,,,,,,,,N,,,,,,,,,,,
,AERYN,I,JARVIS,,901088379,N,20260801,,,,,,,,,,,,,,N,,,,,,,,,,,
,CARSON,C,ROYSTER,,901088380,N,20260801,,,,,,,,,,,,,,N,,,,,,,,,,,
,PARKER,J,GLENN,,901088405,N,20260801,,,,,,,,,,,,,,N,,,,,,,,,,,
,NOAH,A,DIXON,,901088419,N,20260801,,,,,,,,,,,,,,N,,,,,,,,,,,
,MEGAN,,MILLER,,901088423,N,20260801,,,,,,,,,,,,,,N,,,,,,,,,,,
,AMANDA,L,MOORE,,901088484,N,20260801,,,,,,,,,,,,,,N,,,,,,,,,,,
,INAAYA,A,HIRANI,,901088549,N,20260801,,,,,,,,,,,,,,N,,,,,,,,,,,
,LEANNA,N,LEONG,,901088579,N,20260801,,,,,,,,,,,,,,N,,,,,,,,,,,
,KENDALL,,HENRY,,901089397,N,20260801,,,,,,,,,,,,,,N,,,,,,,,,,,
,JOSIAH,W,TEDDER,,901089490,N,20260801,,,,,,,,,,,,,,N,,,,,,,,,,,
,LORI,E,MARTIN,,901089533,Y,20260801,001577-00,KENNESAW STATE UNIVERSITY,GA,4,Public,20260824,20261214,F,B,CYBERSECURITY,430404,,,N,,,,,,,,,,,1
,SUTTON,E,SZOKE,,901089618,N,20260801,,,,,,,,,,,,,,N,,,,,,,,,,,
,CARTER,M,BOBLITZ,,901089641,N,20260801,,,,,,,,,,,,,,N,,,,,,,,,,,
,TYLER,C,LOSHY,,901089660,N,20260801,,,,,,,,,,,,,,N,,,,,,,,,,,
,AMIT,,LEVY,,901089683,N,20260801,,,,,,,,,,,,,,N,,,,,,,,,,,
,KYLE,,SNIFFIN,,901089694,N,20260801,,,,,,,,,,,,,,N,,,,,,,,,,,
,JOSEPH,,GARRETT,,901089716,N,20260801,,,,,,,,,,,,,,N,,,,,,,,,,,
,KAVIYA,,BALAMURUGAN,,901089732,N,20260801,,,,,,,,,,,,,,N,,,,,,,,,,,
,KAYLA,A,STANLEY,,901089044,N,20260801,,,,,,,,,,,,,,N,,,,,,,,,,,
,ISABELLE,,GILMER,,901089133,N,20260801,,,,,,,,,,,,,,N,,,,,,,,,,,
,SOPHIA,E,ASHTAR,,901089153,N,20260801,,,,,,,,,,,,,,N,,,,,,,,,,,
,ANNA,G,ATHERTON,,901089154,N,20260801,,,,,,,,,,,,,,N,,,,,,,,,,,
,SIDDHANTH,T,ROHITH,,901089184,N,20260801,,,,,,,,,,,,,,N,,,,,,,,,,,
,JACOB,D,WHEELER,,901089204,N,20260801,,,,,,,,,,,,,,N,,,,,,,,,,,
,MARIO,F,ZAMORA,,901089238,Y,20260801,001598-00,UNIVERSITY OF GEORGIA,GA,4,Public,20260512,20260803,H,B,BIOLOGICAL SCIENCE,300101,,,N,,,,,,,,,,,1
,SOFIA,A,HERNANDEZ,,901089269,N,20260801,,,,,,,,,,,,,,N,,,,,,,,,,,
,MICHAEL,,LENZ,,901089276,N,20260801,,,,,,,,,,,,,,N,,,,,,,,,,,
,CLAIRE,E,SADLER,,901089331,N,20260801,,,,,,,,,,,,,,N,,,,,,,,,,,
,SARAI,,PEREZ-HERNANDEZ,,901078957,N,20260801,,,,,,,,,,,,,,N,,,,,,,,,,,
,ALESSANDRO,B,STRAZZULLO,,901078989,Y,20260801,001577-00,KENNESAW STATE UNIVERSITY,GA,4,Public,20260824,20261214,F,B,CRIMINAL JUSTICE,430104,,,N,,,,,,,,,,,1
,TYLER,A,WILLIAMS,,901079034,N,20260801,,,,,,,,,,,,,,N,,,,,,,,,,,
,DANIIL,T,IVACHSHENKO,,901079095,N,20260801,,,,,,,,,,,,,,N,,,,,,,,,,,
,ANABELLE,,RODRIGUEZ-ROSA,,901079390,N,20260801,,,,,,,,,,,,,,N,,,,,,,,,,,
,DAWN,M,DAVIS,,901079595,N,20260801,,,,,,,,,,,,,,N,,,,,,,,,,,
,AUTUMN,K,HINSPETER,,901079645,Y,20260801,001598-00,UNIVERSITY OF GEORGIA,GA,4,Public,20260512,20260803,H,B,HUMAN DEVELOPMENT AND FAM SCI,190701,,,N,,,,,,,,,,,1
,JUSTIN,W,CANTRELL,,901079718,N,20260801,,,,,,,,,,,,,,N,,,,,,,,,,,
,THOMAS,,PHILLIPS,,901079920,N,20260801,,,,,,,,,,,,,,N,,,,,,,,,,,
,DYLAN,J,SHARMA,,901089807,N,20260801,,,,,,,,,,,,,,N,,,,,,,,,,,
,SHELBY,S,ROBINSON,,901089818,N,20260801,,,,,,,,,,,,,,N,,,,,,,,,,,
,KAYLEE,E,WIMPEY,,901089881,N,20260801,,,,,,,,,,,,,,N,,,,,,,,,,,
,SANJANA,,SANTHOSH,,901089899,N,20260801,,,,,,,,,,,,,,N,,,,,,,,,,,
,RICARDO,,MARTINEZ-NAVA,,901089934,Y,20260801,001598-00,UNIVERSITY OF GEORGIA,GA,4,Public,20260512,20260803,H,B,INTENDED MECHANICAL ENG,141901,,,N,,,,,,,,,,,1
,SAMUEL,L,THOR,,901089940,N,20260801,,,,,,,,,,,,,,N,,,,,,,,,,,
,ERIN,B,RAMSEY,,901089945,N,20260801,,,,,,,,,,,,,,N,,,,,,,,,,,
,SAMUEL,T,WALLER,,901090032,N,20260801,,,,,,,,,,,,,,N,,,,,,,,,,,
,AVERI,N,JONES,,901090049,N,20260801,,,,,,,,,,,,,,N,,,,,,,,,,,
,OM,,DALIA,,901090075,N,20260801,,,,,,,,,,,,,,N,,,,,,,,,,,
,JULIANA,E,HULITT,,901088581,N,20260801,,,,,,,,,,,,,,N,,,,,,,,,,,
,EDUARDO,I,RIOS,,901088621,N,20260801,,,,,,,,,,,,,,N,,,,,,,,,,,
,EMERSON,R,RYAN,,901088626,N,20260801,,,,,,,,,,,,,,N,,,,,,,,,,,
,ARPITA,M,PRAVEEN,,901088628,N,20260801,,,,,,,,,,,,,,N,,,,,,,,,,,
,MADIHA,,RAZA,,901088660,N,20260801,,,,,,,,,,,,,,N,,,,,,,,,,,
,JACKSON,J,UHELSKI,,901088767,N,20260801,,,,,,,,,,,,,,N,,,,,,,,,,,
,BRITTANY,N,BRIDGES,,901088838,N,20260801,,,,,,,,,,,,,,N,,,,,,,,,,,
,COOPER,D,MEGLAUGHLIN,,901088884,N,20260801,,,,,,,,,,,,,,N,,,,,,,,,,,
,ARTHUR,B,SILVA,,901088888,N,20260801,,,,,,,,,,,,,,N,,,,,,,,,,,
,ANNABELLE,M,PRITCHARD,,901088933,N,20260801,,,,,,,,,,,,,,N,,,,,,,,,,,
,ANITH,,SASCYDHARAN,,901089393,N,20260801,,,,,,,,,,,,,,N,,,,,,,,,,,
,HAILEY,L,CLARK,,901089415,N,20260801,,,,,,,,,,,,,,N,,,,,,,,,,,
,MACY,E,BRIDENBAUGH,,901089500,N,20260801,,,,,,,,,,,,,,N,,,,,,,,,,,
,MICAH,B,CHOW,,901089501,Y,20260801,001577-00,KENNESAW STATE UNIVERSITY,GA,4,Public,20260824,20261214,F,B,MECHANICAL ENGINEERING,141901,,,N,,,,,,,,,,,1
,KATIE,L,VANGOTUM,,901089511,N,20260801,,,,,,,,,,,,,,N,,,,,,,,,,,
,WILLIAM,G,FOLSOM,,901089528,N,20260801,,,,,,,,,,,,,,N,,,,,,,,,,,
,MATTHEW,P,MAHONEY,,901089565,N,20260801,,,,,,,,,,,,,,N,,,,,,,,,,,
,MADISYN,F,CANNINGTON,,901089639,N,20260801,,,,,,,,,,,,,,N,,,,,,,,,,,
,JACK,E,WURST,,901089651,Y,20260801,001571-00,GEORGIA MILITARY COLLEGE- ONLINE,GA,2,Public,20260810,20261006,Q,F,BUSINESS ADMINISTRATION,520201,,,N,,,,,,,,,,,1
,RISHI,,KOMMINENI,,901090085,N,20260801,,,,,,,,,,,,,,N,,,,,,,,,,,
,KADEN,L,WILSON,,901090125,N,20260801,,,,,,,,,,,,,,N,,,,,,,,,,,
,WHITNEY,N,SCHERER,,901090175,N,20260801,,,,,,,,,,,,,,N,,,,,,,,,,,
,LYDIA,M,HOGSED,,901090202,N,20260801,,,,,,,,,,,,,,N,,,,,,,,,,,
,SEIXAS,G,MILNER,,901090213,N,20260801,,,,,,,,,,,,,,N,,,,,,,,,,,
,SHERRI,L,SWIMMER,,901090305,N,20260801,,,,,,,,,,,,,,N,,,,,,,,,,,
,MADELYN,C,ALLEN,,901090319,N,20260801,,,,,,,,,,,,,,N,,,,,,,,,,,
,ABIGAIL,B,SEYMOUR,,901090329,N,20260801,,,,,,,,,,,,,,N,,,,,,,,,,,
,NOEMI,,RIVAS VELASCO,,901090346,N,20260801,,,,,,,,,,,,,,N,,,,,,,,,,,
,DILLAN,M,GAWLAK,,901089727,N,20260801,,,,,,,,,,,,,,N,,,,,,,,,,,
,SUSHANT,K,LAGURI,,901089729,Y,20260801,001577-00,KENNESAW STATE UNIVERSITY,GA,4,Public,20260824,20261214,F,B,INDUSTRIAL SYSTEMS ENG,142701,,,N,,,,,,,,,,,1
,JESSICA,J,KONG,,901089730,N,20260801,,,,,,,,,,,,,,N,,,,,,,,,,,
,JOHN,G,BECKHAM,,901089770,N,20260801,,,,,,,,,,,,,,N,,,,,,,,,,,
,MADISON,C,PATRICK,,901089797,N,20260801,,,,,,,,,,,,,,N,,,,,,,,,,,
,LAKSHAYA,,SHARMA,,901089802,Y,20260801,001577-00,KENNESAW STATE UNIVERSITY,GA,4,Public,20260824,20261214,F,B,BIOLOGY,260101,,,N,,,,,,,,,,,1
,ANDREW,R,DAVIS,,901089809,N,20260801,,,,,,,,,,,,,,N,,,,,,,,,,,
,SADIE,J,WISEMAN,,901089967,N,20260801,,,,,,,,,,,,,,N,,,,,,,,,,,
,DAMIAN,W,DRUCKER,,901090027,Y,20260801,001577-00,KENNESAW STATE UNIVERSITY,GA,4,Public,20260824,20261214,Q,B,FOCUS AREA BUSINESS MGMT,240102,,,N,,,,,,,,,,,1
,SOPHIA,A,GARKUSHA,,901090030,N,20260801,,,,,,,,,,,,,,N,,,,,,,,,,,
,JETZYANN,M,ROSARIO OCASIO,,901090395,N,20260801,,,,,,,,,,,,,,N,,,,,,,,,,,
,MORGAN,A,CLENDENEN,,901090403,Y,20260801,001588-00,PIEDMONT UNIVERSITY,GA,4,Private,20260812,20261208,F,F,CRIMINAL JUSTICE,430107,,,N,,,,,,,,,,,1
,NAGANISHANTH,,MANIVANNAN,,901090424,N,20260801,,,,,,,,,,,,,,N,,,,,,,,,,,
,AARON,,SAUNDERS,,901090461,N,20260801,,,,,,,,,,,,,,N,,,,,,,,,,,
,KENDAL,E,STRASSEL,,901090519,N,20260801,,,,,,,,,,,,,,N,,,,,,,,,,,
,MAYAH,A,SOFFER,,901090558,N,20260801,,,,,,,,,,,,,,N,,,,,,,,,,,
,BENJAMIN,M,TAIANA,,901090572,N,20260801,,,,,,,,,,,,,,N,,,,,,,,,,,
,JENNA,E,YOUNG,,901090585,N,20260801,,,,,,,,,,,,,,N,,,,,,,,,,,
,ALESSANDRA,,RENEAU,,901090671,N,20260801,,,,,,,,,,,,,,N,,,,,,,,,,,
,GAVIN,T,FRANKLIN,,901088954,N,20260801,,,,,,,,,,,,,,N,,,,,,,,,,,
,BRENNAN,,COUNTS,,901089090,N,20260801,,,,,,,,,,,,,,N,,,,,,,,,,,
,KADEN,W,COMBS,,901089121,Y,20260801,001598-00,UNIVERSITY OF GEORGIA,GA,4,Public,20260512,20260803,H,B,INTENDED MANAGEMENT,520201,,,N,,,,,,,,,,,1
,SARASYA,,TENNETI,,901089139,N,20260801,,,,,,,,,,,,,,N,,,,,,,,,,,
,CARTER,W,JANN,,901089176,N,20260801,,,,,,,,,,,,,,N,,,,,,,,,,,
,DALLAS,B,RUSSELL,,901089182,Y,20260801,003184-00,UNIVERSITY OF OKLAHOMA,OK,4,Public,20260518,20260821,H,F,ENGINEERING UNDECLARED,140101,,,N,,,,,,,,,,,1
,DANIEL,,GIBSON,,901089209,Y,20260801,001577-00,KENNESAW STATE UNIVERSITY,GA,4,Public,20260824,20261214,F,B,MECHANICAL ENGINEERING,141901,,,N,,,,,,,,,,,1
,JUA,,LEE,,901089279,N,20260801,,,,,,,,,,,,,,N,,,,,,,,,,,
,MADILYNN,,DRAPER,,901089282,N,20260801,,,,,,,,,,,,,,N,,,,,,,,,,,
,ROHAAN,,SHAH,,901089292,N,20260801,,,,,,,,,,,,,,N,,,,,,,,,,,
,VIBODH,,THUMMALA,,901090053,N,20260801,,,,,,,,,,,,,,N,,,,,,,,,,,
,SAYAN,,MAJHEE,,901090054,N,20260801,,,,,,,,,,,,,,N,,,,,,,,,,,
,YASMINE,,DIXON,,901090101,N,20260801,,,,,,,,,,,,,,N,,,,,,,,,,,
,BRANDON,M,WILLIAMS,,901090118,N,20260801,,,,,,,,,,,,,,N,,,,,,,,,,,
,DIEGO,,SUAREZ,,901090170,N,20260801,,,,,,,,,,,,,,N,,,,,,,,,,,
,SANDRA,R,JENSEN,,901090209,N,20260801,,,,,,,,,,,,,,N,,,,,,,,,,,
,MAX,R,HERZINGER,,901090299,N,20260801,,,,,,,,,,,,,,N,,,,,,,,,,,
,OLIVIA,,LUSK,,901090327,N,20260801,,,,,,,,,,,,,,N,,,,,,,,,,,
,PARKER,J,ENTERLINE,,901090331,N,20260801,,,,,,,,,,,,,,N,,,,,,,,,,,
,NANDAN,,RANJITH KUMAR,,901090368,N,20260801,,,,,,,,,,,,,,N,,,,,,,,,,,
,HARRISON,M,KWON,,901089310,N,20260801,,,,,,,,,,,,,,N,,,,,,,,,,,
,KEYDI,E,HENRIQUEZ-SANCHEZ,,901089321,N,20260801,,,,,,,,,,,,,,N,,,,,,,,,,,
,DYLAN,J,BRUNICK,,901089326,N,20260801,,,,,,,,,,,,,,N,,,,,,,,,,,
,CAMPBELL,R,WAGNER,,901089329,Y,20260801,001598-00,UNIVERSITY OF GEORGIA,GA,4,Public,20260512,20260803,H,B,INTENDED MARKETING,521401,,,N,,,,,,,,,,,1
,KATHERINE,J,CONDRA,,901089334,N,20260801,,,,,,,,,,,,,,N,,,,,,,,,,,
,ZOEY,K,BLACKMON,,901089342,N,20260801,,,,,,,,,,,,,,N,,,,,,,,,,,
,EMILY,H,YOO,,901089350,N,20260801,,,,,,,,,,,,,,N,,,,,,,,,,,
,JENNIFER,M,HERNANDEZ,,901089364,N,20260801,,,,,,,,,,,,,,N,,,,,,,,,,,
,RAINE,J,COX,,901089382,Y,20260801,001598-00,UNIVERSITY OF GEORGIA,GA,4,Public,20260512,20260803,H,B,UNSPECIFIED,240102,,,N,,,,,,,,,,,1
,EMMA,,ARNETT,,901089477,N,20260801,,,,,,,,,,,,,,N,,,,,,,,,,,
,DISHA,P,BHATIA,,901090690,N,20260801,,,,,,,,,,,,,,N,,,,,,,,,,,
,JACKSON,R,WILLIAMSON,,901090705,N,20260801,,,,,,,,,,,,,,N,,,,,,,,,,,
,STELLA,K,JAMES,,901090724,N,20260801,,,,,,,,,,,,,,N,,,,,,,,,,,
,CRYSTAL,,HERNANDEZ,,901090785,N,20260801,,,,,,,,,,,,,,N,,,,,,,,,,,
,AIDEN,R,SUTTON,,901090794,N,20260801,,,,,,,,,,,,,,N,,,,,,,,,,,
,ALEXANDER,M,ESTES,,901090878,Y,20260801,002981-00,WESTERN CAROLINA UNIVERSITY,NC,4,Public,20260817,20261211,F,B,BUSINESS ADMIN LAW,520201,,,N,,,,,,,,,,,1
,EMORY,L,DENNIS,,901090880,N,20260801,,,,,,,,,,,,,,N,,,,,,,,,,,
,AUDREY,,HUFF,,901090915,N,20260801,,,,,,,,,,,,,,N,,,,,,,,,,,
,MADISON,L,FAUST,,901091028,N,20260801,,,,,,,,,,,,,,N,,,,,,,,,,,
,RIHANNA,N,WOOD,,901090377,N,20260801,,,,,,,,,,,,,,N,,,,,,,,,,,
,NAWOO,,HONG,,901090404,N,20260801,,,,,,,,,,,,,,N,,,,,,,,,,,
,EMMETT,C,ANDREWS,,901090419,N,20260801,,,,,,,,,,,,,,N,,,,,,,,,,,
,GRADY,A,WHITE,,901090525,N,20260801,,,,,,,,,,,,,,N,,,,,,,,,,,
,ELISABETH,R,FRIX,,901090540,N,20260801,,,,,,,,,,,,,,N,,,,,,,,,,,
,BEN,P,BARYLAK,,901090573,N,20260801,,,,,,,,,,,,,,N,,,,,,,,,,,
,JOSHUA,M,DECKER,,901090599,N,20260801,,,,,,,,,,,,,,N,,,,,,,,,,,
,BLAKE,C,BERNT,,901090729,N,20260801,,,,,,,,,,,,,,N,,,,,,,,,,,
,HARINI,,MARIPELLI,,901090741,N,20260801,,,,,,,,,,,,,,N,,,,,,,,,,,
,JOHN,Y,LEE,,901091099,N,20260801,,,,,,,,,,,,,,N,,,,,,,,,,,
,SOPHIE,M,MILIAN,,901091156,Y,20260801,001598-00,UNIVERSITY OF GEORGIA,GA,4,Public,20260512,20260803,F,B,HUMAN DEVELOPMENT AND FAM SCI,190701,,,N,,,,,,,,,,,1
,ANGELYN,N,TORRES,,901091177,N,20260801,,,,,,,,,,,,,,N,,,,,,,,,,,
,JAMIE,H,SPELLMAN,,901091178,N,20260801,,,,,,,,,,,,,,N,,,,,,,,,,,
,RACHEL,J,KIM,,901091193,N,20260801,,,,,,,,,,,,,,N,,,,,,,,,,,
,BRANLY,,CHAVEZ,,901091198,N,20260801,,,,,,,,,,,,,,N,,,,,,,,,,,
,NOAH,A,FONDO,,901091211,N,20260801,,,,,,,,,,,,,,N,,,,,,,,,,,
,SHOHANA,,BASNET,,901091220,N,20260801,,,,,,,,,,,,,,N,,,,,,,,,,,
,WADE,,WELDON,,901091222,Y,20260801,001577-00,KENNESAW STATE UNIVERSITY,GA,4,Public,20260824,20261214,F,B,FOCUS AREA ENGR MATH,240102,,,N,,,,,,,,,,,1
,MARGOT,E,MILDENHALL,,901091224,N,20260801,,,,,,,,,,,,,,N,,,,,,,,,,,
,EVAN,B,BYARUSHENGO,,901090748,N,20260801,,,,,,,,,,,,,,N,,,,,,,,,,,
,LUIS,E,FRANCO,,901090791,N,20260801,,,,,,,,,,,,,,N,,,,,,,,,,,
,RILEY,D,ANGEL,,901090795,N,20260801,,,,,,,,,,,,,,N,,,,,,,,,,,
,SAMUEL,H,WINGFIELD,,901090806,N,20260801,,,,,,,,,,,,,,N,,,,,,,,,,,
,GRACE,A,CAVE,,901090874,N,20260801,,,,,,,,,,,,,,N,,,,,,,,,,,
,ELIJAH,T,MILLER,,901090902,N,20260801,,,,,,,,,,,,,,N,,,,,,,,,,,
,RYAN,,ROBINS,,901090903,N,20260801,,,,,,,,,,,,,,N,,,,,,,,,,,
,DENNIS,J,DALTON,,901090918,N,20260801,,,,,,,,,,,,,,N,,,,,,,,,,,
,DYLAN,H,SARGENT,,901090926,N,20260801,,,,,,,,,,,,,,N,,,,,,,,,,,
,RYLEY,K,CRUMMIE,,901091044,N,20260801,,,,,,,,,,,,,,N,,,,,,,,,,,
,JACKSON,A,POLLOCK,,901091263,N,20260801,,,,,,,,,,,,,,N,,,,,,,,,,,
,JORDAN,R,RYDER,,901091297,N,20260801,,,,,,,,,,,,,,N,,,,,,,,,,,
,EMILIO,A,VELAZQUEZ,,901091342,N,20260801,,,,,,,,,,,,,,N,,,,,,,,,,,
,ASHLEY,M,OLIVA,,901091375,N,20260801,,,,,,,,,,,,,,N,,,,,,,,,,,
,GRAYSON,P,HEBERT,,901091408,N,20260801,,,,,,,,,,,,,,N,,,,,,,,,,,
,JACKSON,A,GALT,,901091436,N,20260801,,,,,,,,,,,,,,N,,,,,,,,,,,
,ARKEMUS,L,BASKERVILLE,,901091511,N,20260801,,,,,,,,,,,,,,N,,,,,,,,,,,
,OLIVIA,M,MORGAN,,901091618,N,20260801,,,,,,,,,,,,,,N,,,,,,,,,,,
,PRESLEY,R,CLIFT,,901091621,N,20260801,,,,,,,,,,,,,,N,,,,,,,,,,,
,JOBE,W,THIGPIN,,901089492,N,20260801,,,,,,,,,,,,,,N,,,,,,,,,,,
,LOHISHA,,CHINTHALAPUDI,,901089525,N,20260801,,,,,,,,,,,,,,N,,,,,,,,,,,
,LUKE,A,CRABTREE,,901089535,N,20260801,,,,,,,,,,,,,,N,,,,,,,,,,,
,LOWRY,K,HODGSON,,901089574,N,20260801,,,,,,,,,,,,,,N,,,,,,,,,,,
,EMMA,C,DORSEY,,901089616,N,20260801,,,,,,,,,,,,,,N,,,,,,,,,,,
,JHON,F,ARAUJO RENDON,,901089623,N,20260801,,,,,,,,,,,,,,N,,,,,,,,,,,
,JENNIFER,,RYU,,901089680,Y,20260801,001598-00,UNIVERSITY OF GEORGIA,GA,4,Public,20260512,20260803,F,,COMPARATIVE BIOMEDICAL SCIENCE,261401,,,N,,,,,,,,,,,1
,PORTER,L,BUFORD,,901089686,N,20260801,,,,,,,,,,,,,,N,,,,,,,,,,,
,MANASWI,B,GUBILIGARI,,901089712,N,20260801,,,,,,,,,,,,,,N,,,,,,,,,,,
,TIYA,Y,PADGAOKAR,,901091047,N,20260801,,,,,,,,,,,,,,N,,,,,,,,,,,
,JOSEPH,T,FAUST,,901091092,N,20260801,,,,,,,,,,,,,,N,,,,,,,,,,,
,HAYDEN,J,FOWLER,,901091093,N,20260801,,,,,,,,,,,,,,N,,,,,,,,,,,
,DUCHAN,,LEE,,901091129,N,20260801,,,,,,,,,,,,,,N,,,,,,,,,,,
,BROCK,M,HACKER,,901091154,N,20260801,,,,,,,,,,,,,,N,,,,,,,,,,,
,ABIGAIL,O,MEADOWS,,901091183,N,20260801,,,,,,,,,,,,,,N,,,,,,,,,,,
,VICTORIA,M,CIGANEK,,901091188,N,20260801,,,,,,,,,,,,,,N,,,,,,,,,,,
,CONNOR,D,RUSTIGIAN,,901091221,Y,20260801,001577-00,KENNESAW STATE UNIVERSITY,GA,4,Public,20260824,20261214,F,B,COMPUTER GAME DESIGN DEV,110204,,,N,,,,,,,,,,,1
,ADDISON,N,RYDER,,901091296,N,20260801,,,,,,,,,,,,,,N,,,,,,,,,,,
,WILLIAM,G,BARBAREE,,901091299,N,20260801,,,,,,,,,,,,,,N,,,,,,,,,,,
,GREYSON,J,GEIST,,901091986,N,20260801,,,,,,,,,,,,,,N,,,,,,,,,,,
,HAHYOUNG,G,WOO,,901092103,N,20260801,,,,,,,,,,,,,,N,,,,,,,,,,,
,JUAN,M,ORTEGA,,901092112,N,20260801,,,,,,,,,,,,,,N,,,,,,,,,,,
,ALEXANDRA,,OZUNA,,901092170,N,20260801,,,,,,,,,,,,,,N,,,,,,,,,,,
,CHARLES,,DELP,,901092186,N,20260801,,,,,,,,,,,,,,N,,,,,,,,,,,
,ETHAN,T,WU,,901092198,N,20260801,,,,,,,,,,,,,,N,,,,,,,,,,,
,ANSHUL,,NAVALE,,901092236,N,20260801,,,,,,,,,,,,,,N,,,,,,,,,,,
,AYDEN,D,GOODRICH,,901092242,Y,20260801,001577-00,KENNESAW STATE UNIVERSITY,GA,4,Public,20260824,20261214,F,B,MARKETING INTEREST,521401,,,N,,,,,,,,,,,1
,BRUNO,M,BRITEZ RISSO,,901092292,N,20260801,,,,,,,,,,,,,,N,,,,,,,,,,,
,ZACHARY,T,NGUYEN,,901089734,N,20260801,,,,,,,,,,,,,,N,,,,,,,,,,,
,JAMES,M,PADEN,,901089736,N,20260801,,,,,,,,,,,,,,N,,,,,,,,,,,
,ANGELA,N,HICKEY,,901089771,N,20260801,,,,,,,,,,,,,,N,,,,,,,,,,,
,LILY,I,BROWN,,901089806,N,20260801,,,,,,,,,,,,,,N,,,,,,,,,,,
,AVERY,A,JONES,,901089811,N,20260801,,,,,,,,,,,,,,N,,,,,,,,,,,
,LUCAS,M,CHEEK,,901089874,N,20260801,,,,,,,,,,,,,,N,,,,,,,,,,,
,ROBERT,S,ASANGBAH,,901089909,N,20260801,,,,,,,,,,,,,,N,,,,,,,,,,,
,SAMUEL,F,STIFF,,901089941,N,20260801,,,,,,,,,,,,,,N,,,,,,,,,,,
,MICHAEL,R,ANDERSON,,901089969,N,20260801,,,,,,,,,,,,,,N,,,,,,,,,,,
,CODY,,HUTTO,,901090033,N,20260801,,,,,,,,,,,,,,N,,,,,,,,,,,
,SAADA,,PIETROPAULA,,901091304,N,20260801,,,,,,,,,,,,,,N,,,,,,,,,,,
,SARAYU,,DUREDDY,,901091317,N,20260801,,,,,,,,,,,,,,N,,,,,,,,,,,
,RAWAN,,MURAD,,901091357,Y,20260801,001574-06,GEORGIA STATE UNIVERSITY- PERIMETER COLLEGE,GA,2,Public,20260511,20260803,L,F,BIOLOGY,240101,,,N,,,,,,,,,,,1
,LEIGHTON,C,CREWS,,901091367,N,20260801,,,,,,,,,,,,,,N,,,,,,,,,,,
,DANIEL,J,LENT,,901091455,N,20260801,,,,,,,,,,,,,,N,,,,,,,,,,,
,SAMANTHA,L,HUMBLES,,901091527,N,20260801,,,,,,,,,,,,,,N,,,,,,,,,,,
,REENA TASNEEM,,SHAIK,,901091528,N,20260801,,,,,,,,,,,,,,N,,,,,,,,,,,
,HUNTER,O,DANIEL,,901091610,N,20260801,,,,,,,,,,,,,,N,,,,,,,,,,,
,ERIC,,JACKSON,,901091639,Y,20260801,001577-00,KENNESAW STATE UNIVERSITY,GA,4,Public,20260824,20261214,F,B,MECHANICAL ENGINEERING,141901,,,N,,,,,,,,,,,1
,SAMUEL,J,NICOLELLA,,901092297,N,20260801,,,,,,,,,,,,,,N,,,,,,,,,,,
,ISABELLA,B,BIAGI,,901092298,N,20260801,,,,,,,,,,,,,,N,,,,,,,,,,,
,ANN,,DANIEL,,901092312,Y,20260801,001598-00,UNIVERSITY OF GEORGIA,GA,4,Public,20260512,20260803,F,B,ANIMAL BIOSCIENCES,260701,,,N,,,,,,,,,,,1
,LUCAS,G,ALTHARDT,,901092413,N,20260801,,,,,,,,,,,,,,N,,,,,,,,,,,
,JUHYUN,,YU,,901092431,N,20260801,,,,,,,,,,,,,,N,,,,,,,,,,,
,ALLIE,M,ELDER,,901092500,N,20260801,,,,,,,,,,,,,,N,,,,,,,,,,,
,RUSHIL,J,PATEL,,901092512,N,20260801,,,,,,,,,,,,,,N,,,,,,,,,,,
,LAUREN,,HUFFMAN,,901092572,N,20260801,,,,,,,,,,,,,,N,,,,,,,,,,,
,GRIGGS,P,SMITH,,901092582,N,20260801,,,,,,,,,,,,,,N,,,,,,,,,,,
,JOHN,T,MCFARLAND,,901092640,N,20260801,,,,,,,,,,,,,,N,,,,,,,,,,,
,IZAAN,,KAISER,,901090060,Y,20260801,001577-00,KENNESAW STATE UNIVERSITY,GA,4,Public,20260824,20261214,F,,,,,,N,,,,,,,,,,,1
,ISABELLA,,NELSON,,901090077,N,20260801,,,,,,,,,,,,,,N,,,,,,,,,,,
,MEERA,,DESAI,,901090079,N,20260801,,,,,,,,,,,,,,N,,,,,,,,,,,
,AMELIA,Y,JARVIS,,901090083,Y,20260801,001577-00,KENNESAW STATE UNIVERSITY,GA,4,Public,20260824,20261214,F,B,INTEGRATED HEALTH SCIENCE,510000,,,N,,,,,,,,,,,1
,JAMES,R,OSBORNE,,901090099,N,20260801,,,,,,,,,,,,,,N,,,,,,,,,,,
,ALAINA,N,HARRIS,,901090109,N,20260801,,,,,,,,,,,,,,N,,,,,,,,,,,
,JACKSON,P,MAKAREWICZ,,901090112,Y,20260801,001598-00,UNIVERSITY OF GEORGIA,GA,4,Public,20260512,20260803,F,B,POLITICAL SCIENCE,451001,,,N,,,,,,,,,,,1
,JACOB,,JANNING,,901090189,N,20260801,,,,,,,,,,,,,,N,,,,,,,,,,,
,SAWYER,H,BARTHOLOMEW,,901090219,N,20260801,,,,,,,,,,,,,,N,,,,,,,,,,,
,YUMI,,PARK,,901090292,N,20260801,,,,,,,,,,,,,,N,,,,,,,,,,,
,TANISHA,,MANI,,901092669,N,20260801,,,,,,,,,,,,,,N,,,,,,,,,,,
,JACOB,L,MOBLEY,,901092677,N,20260801,,,,,,,,,,,,,,N,,,,,,,,,,,
,ROBERT,H,SCHRADE,,901092792,N,20260801,,,,,,,,,,,,,,N,,,,,,,,,,,
,WILLIAM,J,ROBERTS,,901092914,N,20260801,,,,,,,,,,,,,,N,,,,,,,,,,,
,KAITLYN,M,SZANTI,,901092976,N,20260801,,,,,,,,,,,,,,N,,,,,,,,,,,
,BRIAN,A,MILES,,901092994,N,20260801,,,,,,,,,,,,,,N,,,,,,,,,,,
,JACKSON,E,HUBBARD,,901093004,N,20260801,,,,,,,,,,,,,,N,,,,,,,,,,,
,BRYCE,S,UNG,,901093055,N,20260801,,,,,,,,,,,,,,N,,,,,,,,,,,
,HARRY,P,PHAM,,901093091,N,20260801,,,,,,,,,,,,,,N,,,,,,,,,,,
,MCKOYA,K,MACK,,901093277,N,20260801,,,,,,,,,,,,,,N,,,,,,,,,,,
,DEJANNA,,HATCHETT,,901093290,N,20260801,,,,,,,,,,,,,,N,,,,,,,,,,,
,JAMES,F,BURZOTTA,,901093317,N,20260801,,,,,,,,,,,,,,N,,,,,,,,,,,
,GRACIE,A,COBB,,901093332,Y,20260801,001577-00,KENNESAW STATE UNIVERSITY,GA,4,Public,20260824,20261214,F,B,BIOLOGY,260101,,,N,,,,,,,,,,,1
,ANDREA,C,GARCIA,,901093446,N,20260801,,,,,,,,,,,,,,N,,,,,,,,,,,
,IAN,M,MONTGOMERY,,901093782,N,20260801,,,,,,,,,,,,,,N,,,,,,,,,,,
,DREW,T,CRAVER,,901093791,Y,20260801,001577-00,KENNESAW STATE UNIVERSITY,GA,4,Public,20260824,20261214,F,B,HISTORY EDUCATION INTEREST,131328,,,N,,,,,,,,,,,1
,JUDE,,CASCONE,,901093797,N,20260801,,,,,,,,,,,,,,N,,,,,,,,,,,
,SYDNEY,A,BOWMAN,,901094028,Y,20260801,003090-00,THE OHIO STATE UNIVERSITY,OH,4,Public,20260825,20261217,F,F,FINANCE,270305,,,N,,,,,,,,,,,1
,DERON,F,LEAR,,901094111,N,20260801,,,,,,,,,,,,,,N,,,,,,,,,,,
,KYLE,R,MADDOX,,901094154,N,20260801,,,,,,,,,,,,,,N,,,,,,,,,,,
,GRANT,W,KOHNLE,,901091861,N,20260801,,,,,,,,,,,,,,N,,,,,,,,,,,
,SRI VIDHYA,,KOKKU,,901091984,N,20260801,,,,,,,,,,,,,,N,,,,,,,,,,,
,PRESLIE,M,RAY,,901091987,N,20260801,,,,,,,,,,,,,,N,,,,,,,,,,,
,KAYLA,,BAE,,901092010,N,20260801,,,,,,,,,,,,,,N,,,,,,,,,,,
,MATEO,,GALVIS,,901092048,N,20260801,,,,,,,,,,,,,,N,,,,,,,,,,,
,NOAH,E,HOWELL,,901092067,Y,20260801,001598-00,UNIVERSITY OF GEORGIA,GA,4,Public,20260512,20260803,H,B,INTENDED EXERCISE AND SPORT SC,310505,,,N,,,,,,,,,,,1
,SAMUEL,,NIEVES SANCHEZ,,901092164,N,20260801,,,,,,,,,,,,,,N,,,,,,,,,,,
,SYLER,,SMITH,,901092168,N,20260801,,,,,,,,,,,,,,N,,,,,,,,,,,
,SAKETH,,GATTINENI,,901092197,N,20260801,,,,,,,,,,,,,,N,,,,,,,,,,,
,AIDAN,,PEEBLES,,901092206,N,20260801,,,,,,,,,,,,,,N,,,,,,,,,,,
,SAJAD,,BEG,,901090310,N,20260801,,,,,,,,,,,,,,N,,,,,,,,,,,
,JASMYN,J,SMITH,,901090311,N,20260801,,,,,,,,,,,,,,N,,,,,,,,,,,
,MAXWELL,P,GUERTIN,,901090330,N,20260801,,,,,,,,,,,,,,N,,,,,,,,,,,
,ANDREW,,SWIMMER,,901090366,N,20260801,,,,,,,,,,,,,,N,,,,,,,,,,,
,DANIEL,J,NEILL,,901090414,N,20260801,,,,,,,,,,,,,,N,,,,,,,,,,,
,MARGO,C,TOLBERT,,901090415,N,20260801,,,,,,,,,,,,,,N,,,,,,,,,,,
,FAITH,H,BLANKEMEYER,,901090417,N,20260801,,,,,,,,,,,,,,N,,,,,,,,,,,
,SAISHRIHARI,S,IYER,,901090422,N,20260801,,,,,,,,,,,,,,N,,,,,,,,,,,
,CONNOR,L,CORNELISON,,901090444,N,20260801,,,,,,,,,,,,,,N,,,,,,,,,,,
,MATTHEW,C,BLANCHARD,,901090454,N,20260801,,,,,,,,,,,,,,N,,,,,,,,,,,
,ROBERT,R,BAGWELL,,901092227,N,20260801,,,,,,,,,,,,,,N,,,,,,,,,,,
,CASTLE,O,BARNETT,,901092243,N,20260801,,,,,,,,,,,,,,N,,,,,,,,,,,
,CALEB,M,FRENCH,,901092286,N,20260801,,,,,,,,,,,,,,N,,,,,,,,,,,
,ISAAC,M,DAVIS,,901092334,N,20260801,,,,,,,,,,,,,,N,,,,,,,,,,,
,DANIEL,E,AKUSOBI,,901092396,N,20260801,,,,,,,,,,,,,,N,,,,,,,,,,,
,BENJAMIN,J,CLEVELAND,,901092441,N,20260801,,,,,,,,,,,,,,N,,,,,,,,,,,
,DANIEL,A,GARCIA,,901092443,N,20260801,,,,,,,,,,,,,,N,,,,,,,,,,,
,VIKRAM,G,NADKARNI,,901092506,N,20260801,,,,,,,,,,,,,,N,,,,,,,,,,,
,JAMES,N,SMITH,,901092542,N,20260801,,,,,,,,,,,,,,N,,,,,,,,,,,
,AISHA,M,DUNCAN,,901092543,N,20260801,,,,,,,,,,,,,,N,,,,,,,,,,,
,ADITI,N,PERI,,901090459,N,20260801,,,,,,,,,,,,,,N,,,,,,,,,,,
,MIKAYLA,E,CORRIGAN,,901090545,N,20260801,,,,,,,,,,,,,,N,,,,,,,,,,,
,MAELEE,J,WILLIAMSON,,901090549,N,20260801,,,,,,,,,,,,,,N,,,,,,,,,,,
,MADISON,C,BIER,,901090635,N,20260801,,,,,,,,,,,,,,N,,,,,,,,,,,
,SLOAN,E,DAELEY,,901090638,N,20260801,,,,,,,,,,,,,,N,,,,,,,,,,,
,HANIFAH,A,AROWOROWON,,901090740,N,20260801,,,,,,,,,,,,,,N,,,,,,,,,,,
,RYAN,W,WALLACE,,901090790,N,20260801,,,,,,,,,,,,,,N,,,,,,,,,,,
,ANDREW,J,CLARK,,901090797,N,20260801,,,,,,,,,,,,,,N,,,,,,,,,,,
,OLIVIA,K,SCHLAFER,,901090826,N,20260801,,,,,,,,,,,,,,N,,,,,,,,,,,
,ELLEN,M,PASTERNAK,,901090860,N,20260801,,,,,,,,,,,,,,N,,,,,,,,,,,
,CHRISTOPHER,,GOSS,,901094188,N,20260801,,,,,,,,,,,,,,N,,,,,,,,,,,
,KARA,G,COILE,,901094238,N,20260801,,,,,,,,,,,,,,N,,,,,,,,,,,
,EMMA,S,XUE,,901094285,N,20260801,,,,,,,,,,,,,,N,,,,,,,,,,,
,AMBER,,MYERS,,901094391,N,20260801,,,,,,,,,,,,,,N,,,,,,,,,,,
,MARCOS,F,MARQUIREZ,,901094444,N,20260801,,,,,,,,,,,,,,N,,,,,,,,,,,
,SAMUEL,A,AZZI,,901094450,N,20260801,,,,,,,,,,,,,,N,,,,,,,,,,,
,EZEKIEL,P,HENSLEY-WILLIAMS,,901094748,N,20260801,,,,,,,,,,,,,,N,,,,,,,,,,,
,PHOENIX,R,JENNINGS,,901094768,Y,20260801,001598-00,UNIVERSITY OF GEORGIA,GA,4,Public,20260512,20260803,F,B,INTENDED ECONOMICS,450601,INTENDED ECONOMICS,520601,N,,,,,,,,,,,1
,EMMA,B,WALLACE,,901095010,N,20260801,,,,,,,,,,,,,,N,,,,,,,,,,,
,KENIA,,AYALA-GARCIA,,901095029,Y,20260801,001577-00,KENNESAW STATE UNIVERSITY,GA,4,Public,20260824,20261214,F,B,ARCHITECTURE,040902,,,N,,,,,,,,,,,1
,GREGORY,S,OWENS,,901092566,N,20260801,,,,,,,,,,,,,,N,,,,,,,,,,,
,VIPIN,,BEERAM,,901092569,N,20260801,,,,,,,,,,,,,,N,,,,,,,,,,,
,IVAN,Y,LIANG,,901092570,N,20260801,,,,,,,,,,,,,,N,,,,,,,,,,,
,AARSHA,L,MATHEWS,,901092649,N,20260801,,,,,,,,,,,,,,N,,,,,,,,,,,
,ISABELLA,,ZABALA,,901092672,N,20260801,,,,,,,,,,,,,,N,,,,,,,,,,,
,AVA,R,GARDNER,,901092676,Y,20260801,001598-00,UNIVERSITY OF GEORGIA,GA,4,Public,20260512,20260803,H,B,INTENDED MANAGEMENT,520201,,,N,,,,,,,,,,,1
,SOFIA,C,RUEDA,,901092714,N,20260801,,,,,,,,,,,,,,N,,,,,,,,,,,
,LIAM,M,MCNULTY,,901092780,N,20260801,,,,,,,,,,,,,,N,,,,,,,,,,,
,SKYLER,M,WELLS,,901092788,N,20260801,,,,,,,,,,,,,,N,,,,,,,,,,,
,SEDONA,,GIBSON,,901092895,Y,20260801,001598-00,UNIVERSITY OF GEORGIA,GA,4,Public,20260512,20260803,F,B,POLITICAL SCIENCE,451001,INTENDED REAL ESTATE,521501,N,,,,,,,,,,,1
,CHESS,,THOMPSON,,901090861,N,20260801,,,,,,,,,,,,,,N,,,,,,,,,,,
,LEXI,A,MAY,,901090863,N,20260801,,,,,,,,,,,,,,N,,,,,,,,,,,
,KYNDALL,,FRENELLE,,901090864,Y,20260801,001598-00,UNIVERSITY OF GEORGIA,GA,4,Public,20260512,20260803,H,B,BIOLOGY,260101,,,N,,,,,,,,,,,1
,LILIANA,R,SEXTON,,901090865,N,20260801,,,,,,,,,,,,,,N,,,,,,,,,,,
,YULIANA,A,CASTILLO,,901091164,N,20260801,,,,,,,,,,,,,,N,,,,,,,,,,,
,VALERIA,,SALDANA,,901091165,N,20260801,,,,,,,,,,,,,,N,,,,,,,,,,,
,ENRIQUE,E,WARD-PINZON,,901091181,N,20260801,,,,,,,,,,,,,,N,,,,,,,,,,,
,BECK,A,MILLER,,901091293,Y,20260801,003448-00,UNIVERSITY OF SOUTH CAROLINA,SC,4,Public,20260816,20261214,F,F,EXERCISE SCIENCE,260908,,,N,,,,,,,,,,,1
,WILLIAM,C,CHILDS,,901091325,N,20260801,,,,,,,,,,,,,,N,,,,,,,,,,,
,JUSTIN,,ZOU,,901091337,Y,20260801,001577-00,KENNESAW STATE UNIVERSITY,GA,4,Public,20260824,20261214,F,B,MECHANICAL ENGINEERING,141901,,,N,,,,,,,,,,,1
,JACK,A,MULLIKIN,,901095124,N,20260801,,,,,,,,,,,,,,N,,,,,,,,,,,
,CALEB,D,WILLIFORD,,901095328,N,20260801,,,,,,,,,,,,,,N,,,,,,,,,,,
,SAMUEL,C,LAGRONE,,901095446,N,20260801,,,,,,,,,,,,,,N,,,,,,,,,,,
,AMY,K,CLINES,,901095491,N,20260801,,,,,,,,,,,,,,N,,,,,,,,,,,
,WESLEY,,SEYMORE,,901095525,N,20260801,,,,,,,,,,,,,,N,,,,,,,,,,,
,JOHN MITCHELL,,FARMER,,901095560,N,20260801,,,,,,,,,,,,,,N,,,,,,,,,,,
,SAMUEL,,DIAZ,,901095566,N,20260801,,,,,,,,,,,,,,N,,,,,,,,,,,
,ELLA,,RYAN,,901095682,Y,20260801,001598-00,UNIVERSITY OF GEORGIA,GA,4,Public,20260512,20260803,F,B,INTENDED MARKETING,521401,,,N,,,,,,,,,,,1
,ELLA,,RYAN,,901095682,Y,20260801,001571-00,GEORGIA MILITARY COLLEGE- ONLINE,GA,2,Public,20260810,20261006,L,F,,,,,N,,,,,,,,,,,2
,HALLE,B,TAYLOR,,901095777,N,20260801,,,,,,,,,,,,,,N,,,,,,,,,,,
,HANNAH,,ISLEY,,901092896,Y,20260801,009507-00,GEORGIA HIGHLANDS COLLEGE,GA,4,Public,20260810,20261204,Q,A,BS HEALTH SCIENCE,510000,,,N,,,,,,,,,,,1
,MARY,M,MATTHEWS,,901092920,Y,20260801,003448-00,UNIVERSITY OF SOUTH CAROLINA,SC,4,Public,20260816,20261214,F,S,EXERCISE SCIENCE,260908,,,N,,,,,,,,,,,1
,MICHAEL,R,STEPHENS,,901092921,N,20260801,,,,,,,,,,,,,,N,,,,,,,,,,,
,DEVYN,R,CAPUOZZO,,901092974,N,20260801,,,,,,,,,,,,,,N,,,,,,,,,,,
,JADA,N,NGANGA,,901093002,N,20260801,,,,,,,,,,,,,,N,,,,,,,,,,,
,JASON,,RICHARDSON,,901093020,N,20260801,,,,,,,,,,,,,,N,,,,,,,,,,,
,GLORIA,V,PALACIOS,,901093077,N,20260801,,,,,,,,,,,,,,N,,,,,,,,,,,
,BIANCA,,VINSON,,901093081,N,20260801,,,,,,,,,,,,,,N,,,,,,,,,,,
,NIEEM,T,HASAN,,901093085,N,20260801,,,,,,,,,,,,,,N,,,,,,,,,,,
,JAKE,C,MOBLEY,,901093164,N,20260801,,,,,,,,,,,,,,N,,,,,,,,,,,
,ROGELIO,,AGUINIGA,,901091339,N,20260801,,,,,,,,,,,,,,N,,,,,,,,,,,
,KYLIE,,MANGRUM,,901091341,N,20260801,,,,,,,,,,,,,,N,,,,,,,,,,,
,VIRAJ,R,SHETH,,901091361,N,20260801,,,,,,,,,,,,,,N,,,,,,,,,,,
,VRISHANK,O,PYDIPALLI,,901091465,N,20260801,,,,,,,,,,,,,,N,,,,,,,,,,,
,AKSHITA,,YAMEE,,901091523,N,20260801,,,,,,,,,,,,,,N,,,,,,,,,,,
,NATHAN,J,FEDKE,,901091525,N,20260801,,,,,,,,,,,,,,N,,,,,,,,,,,
,LAUREN,I,AGURCIA,,901091593,N,20260801,,,,,,,,,,,,,,N,,,,,,,,,,,
,GAGAN TEJA,R,NELLURU,,901091605,N,20260801,,,,,,,,,,,,,,N,,,,,,,,,,,
,KATHERINE,A,WILLIAMSON,,901091613,N,20260801,,,,,,,,,,,,,,N,,,,,,,,,,,
,REBECCA,A,DAVIS,,901091843,N,20260801,,,,,,,,,,,,,,N,,,,,,,,,,,
,NICKOLAS,N,SHAKESPEARE,,901091864,N,20260801,,,,,,,,,,,,,,N,,,,,,,,,,,
,CAMILLA,M,MARTINEZ,,901091865,N,20260801,,,,,,,,,,,,,,N,,,,,,,,,,,
,SOHAM,,KASHYAP,,901091958,N,20260801,,,,,,,,,,,,,,N,,,,,,,,,,,
,MYA,M,CHAMPER,,901091967,N,20260801,,,,,,,,,,,,,,N,,,,,,,,,,,
,BHAVESHREDDY,,NARU,,901091991,N,20260801,,,,,,,,,,,,,,N,,,,,,,,,,,
,HANNAH,S,CHANTHAPHONH,,901092153,N,20260801,,,,,,,,,,,,,,N,,,,,,,,,,,
,TROY,M,DENTON,,901092195,N,20260801,,,,,,,,,,,,,,N,,,,,,,,,,,
,WYATT,A,BULL,,901092196,Y,20260801,001577-00,KENNESAW STATE UNIVERSITY,GA,4,Public,20260824,20261214,F,B,FINANCE INTEREST,520801,,,N,,,,,,,,,,,1
,JOHN,K,ARNOLD,,901095931,N,20260801,,,,,,,,,,,,,,N,,,,,,,,,,,
,JOSEPH,,YARBROUGH,,901096029,Y,20260801,001598-00,UNIVERSITY OF GEORGIA,GA,4,Public,20260512,20260803,F,B,FORESTRY,030501,,,N,,,,,,,,,,,1
,DANIELA,,BLANCO,,901096039,N,20260801,,,,,,,,,,,,,,N,,,,,,,,,,,
,LEONARDO,,CRUZ-CARBAJAL,,901096044,N,20260801,,,,,,,,,,,,,,N,,,,,,,,,,,
,JUDY,L,SPENCER,,901096128,N,20260801,,,,,,,,,,,,,,N,,,,,,,,,,,
,BRYAN,J,WIGGINS,,901096157,N,20260801,,,,,,,,,,,,,,N,,,,,,,,,,,
,KARI,A,PEACH,,901096187,N,20260801,,,,,,,,,,,,,,N,,,,,,,,,,,
,CHRISTOPHER,D,BOLDEN,,901096421,N,20260801,,,,,,,,,,,,,,N,,,,,,,,,,,
,NICHOLAS,P,COOK,,901096426,N,20260801,,,,,,,,,,,,,,N,,,,,,,,,,,
,WILLIAM,B,BEAL,,901096471,N,20260801,,,,,,,,,,,,,,N,,,,,,,,,,,
,NAVYA,A,TELLAKULA,,901093279,N,20260801,,,,,,,,,,,,,,N,,,,,,,,,,,
,JAMEEL,N,RIDEOUT,,901094007,N,20260801,,,,,,,,,,,,,,N,,,,,,,,,,,
,MATTHEW,T,HIGHFILL,,901094024,N,20260801,,,,,,,,,,,,,,N,,,,,,,,,,,
,DRIVER,J,EVANS,,901094107,N,20260801,,,,,,,,,,,,,,N,,,,,,,,,,,
,OWEN,T,HARRIS,,901094123,N,20260801,,,,,,,,,,,,,,N,,,,,,,,,,,
,MARIELY,,ESTRADA OLMOS,,901094278,N,20260801,,,,,,,,,,,,,,N,,,,,,,,,,,
,JACOB,E,SAKOFF,,901094345,Y,20260801,001598-00,UNIVERSITY OF GEORGIA,GA,4,Public,20260512,20260803,H,B,PSYCHOLOGY,420101,,,N,,,,,,,,,,,1
,IRELYNN,W,LEMAY,,901094416,N,20260801,,,,,,,,,,,,,,N,,,,,,,,,,,
,MATTIE,L,PITTARD,,901094418,N,20260801,,,,,,,,,,,,,,N,,,,,,,,,,,
,BENJAMIN,A,RODRIGUEZ,,901094575,Y,20260801,001577-00,KENNESAW STATE UNIVERSITY,GA,4,Public,20260824,20261214,H,,,,,,N,,,,,,,,,,,1
,NITYA,,DAVE,,901092261,N,20260801,,,,,,,,,,,,,,N,,,,,,,,,,,
,JACK,M,POOLE,,901092303,N,20260801,,,,,,,,,,,,,,N,,,,,,,,,,,
,SELENA,,MOUZON,,901092314,N,20260801,,,,,,,,,,,,,,N,,,,,,,,,,,
,ABIGAIL,E,DRAGONU,,901092316,Y,20260801,001577-00,KENNESAW STATE UNIVERSITY,GA,4,Public,20260824,20261214,F,B,ORG PROF COMMUNICATION,090901,,,N,,,,,,,,,,,1
,COURTNEY,A,MAJOR,,901092409,N,20260801,,,,,,,,,,,,,,N,,,,,,,,,,,
,EVAN,C,EHLERS,,901092423,N,20260801,,,,,,,,,,,,,,N,,,,,,,,,,,
,JIWON,,HAN,,901092490,N,20260801,,,,,,,,,,,,,,N,,,,,,,,,,,
,KISHORE,,CHEKURU,,901092546,N,20260801,,,,,,,,,,,,,,N,,,,,,,,,,,
,NICOLE,B,ENCIU,,901092562,N,20260801,,,,,,,,,,,,,,N,,,,,,,,,,,
,JOSEPH,G,CARLEE,,901092636,Y,20260801,001569-00,GEORGIA INSTITUTE OF TECHNOLOGY,GA,4,Public,20260518,20260806,H,B,INDUSTRIAL ENGINEERING,143501,,,N,,,,,,,,,,,1
,CHRISTOPHER,B,AUSTIN,,901079947,N,20260801,,,,,,,,,,,,,,N,,,,,,,,,,,
,CARSON,W,CRAIG,,901080289,N,20260801,,,,,,,,,,,,,,N,,,,,,,,,,,
,TYLER,K,DAVIS,,901080314,N,20260801,,,,,,,,,,,,,,N,,,,,,,,,,,
,BAYLOR,M,OLEKSINSKI,,901080623,N,20260801,,,,,,,,,,,,,,N,,,,,,,,,,,
,LOGAN,R,SPURGEON,,901080785,N,20260801,,,,,,,,,,,,,,N,,,,,,,,,,,
,KAYLEEN,,VALADEZ,,901080793,N,20260801,,,,,,,,,,,,,,N,,,,,,,,,,,
,CLARA,L,COMPEAU,,901080831,N,20260801,,,,,,,,,,,,,,N,,,,,,,,,,,
,JEFFERY,C,MOYNIHAN,,901081012,N,20260801,,,,,,,,,,,,,,N,,,,,,,,,,,
,SAMANTHA,M,ARROYO,,901081089,N,20260801,,,,,,,,,,,,,,N,,,,,,,,,,,
,SAMUEL,C,COX,,901081131,N,20260801,,,,,,,,,,,,,,N,,,,,,,,,,,
,CECILY,,SULLIVAN,,901096472,Y,20260801,001598-00,UNIVERSITY OF GEORGIA,GA,4,Public,20260512,20260803,F,B,ENGLISH,230101,,,N,,,,,,,,,,,1
,JESSICA,,MOYNIHAN,,901096497,N,20260801,,,,,,,,,,,,,,N,,,,,,,,,,,
,SPENSER,S,HAMBLEN,,901096512,N,20260801,,,,,,,,,,,,,,N,,,,,,,,,,,
,MANUEL,,JIMENEZ,,901096523,N,20260801,,,,,,,,,,,,,,N,,,,,,,,,,,
,KAYLEE,D,BOZARD,,901098900,N,20260801,,,,,,,,,,,,,,N,,,,,,,,,,,
,LINH,T,LU,,901098904,N,20260801,,,,,,,,,,,,,,N,,,,,,,,,,,
,TAIYLOR,,WILLIAMS,,901099121,Y,20260801,001009-00,AUBURN UNIVERSITY,AL,4,Public,20260518,20260807,L,,EARTH SYSTEM SCIENCE,303801,,,N,,,,,,,,,,,1
,CARSON,,TOMLIN,,901099270,N,20260801,,,,,,,,,,,,,,N,,,,,,,,,,,
,BRILEE,C,KEPPINGER,,901099303,N,20260801,,,,,,,,,,,,,,N,,,,,,,,,,,
,NOAH,M,O'HARROW,,901099305,N,20260801,,,,,,,,,,,,,,N,,,,,,,,,,,
,ANALEIGH,J,RAMOS,,901094694,N,20260801,,,,,,,,,,,,,,N,,,,,,,,,,,
,JONATHAN,P,WARNER,,901094704,N,20260801,,,,,,,,,,,,,,N,,,,,,,,,,,
,ANTHONY,L,LONON,,901094712,Y,20260801,001598-00,UNIVERSITY OF GEORGIA,GA,4,Public,20260512,20260803,F,B,INTENDED MANAGEMENT,520201,,,N,,,,,,,,,,,1
,JUSTIN,C,KING,,901094740,N,20260801,,,,,,,,,,,,,,N,,,,,,,,,,,
,MACKENZIE,P,BROWN,,901094742,N,20260801,,,,,,,,,,,,,,N,,,,,,,,,,,
,KIMBERLY,E,RUTLEDGE,,901094850,N,20260801,,,,,,,,,,,,,,N,,,,,,,,,,,
,JUMAA,H,KARIM,,901094896,N,20260801,,,,,,,,,,,,,,N,,,,,,,,,,,
,TONY,T,NHAM,,901094915,N,20260801,,,,,,,,,,,,,,N,,,,,,,,,,,
,GRAYSON,M,SOWTER,,901094923,Y,20260801,001577-00,KENNESAW STATE UNIVERSITY,GA,4,Public,20260824,20261214,F,B,ENVIRONMENTAL SCIENCE,030104,,,N,,,,,,,,,,,1
,JASON,A,NELSON,,901092638,N,20260801,,,,,,,,,,,,,,N,,,,,,,,,,,
,REBEKAH,,BURD,,901092645,N,20260801,,,,,,,,,,,,,,N,,,,,,,,,,,
,ARNAV,,THAKUR,,901092655,N,20260801,,,,,,,,,,,,,,N,,,,,,,,,,,
,GABRIELA,,GUZMAN,,901092661,N,20260801,,,,,,,,,,,,,,N,,,,,,,,,,,
,MALHAAR,A,PANSE,,901092662,N,20260801,,,,,,,,,,,,,,N,,,,,,,,,,,
,SAMANTHA,T,WEST,,901092685,N,20260801,,,,,,,,,,,,,,N,,,,,,,,,,,
,BEN,M,BRANDL,,901092797,N,20260801,,,,,,,,,,,,,,N,,,,,,,,,,,
,IAN,S,PETERS,,901092807,Y,20260801,001577-00,KENNESAW STATE UNIVERSITY,GA,4,Public,20260824,20261214,F,B,AEROSPACE ENGINEERING,140201,,,N,,,,,,,,,,,1
,ADRIANNE,R,KUNTZ,,901092828,N,20260801,,,,,,,,,,,,,,N,,,,,,,,,,,
,SAMUEL,M,AVRUTSKY,,901092859,N,20260801,,,,,,,,,,,,,,N,,,,,,,,,,,
,KODA,A,VENABLE,,901094955,N,20260801,,,,,,,,,,,,,,N,,,,,,,,,,,
,CARTER,J,ESPINOZA,,901094994,N,20260801,,,,,,,,,,,,,,N,,,,,,,,,,,
,JOHN-PIERRE,H,KERBAGE,,901095014,Y,20260801,001577-00,KENNESAW STATE UNIVERSITY,GA,4,Public,20260824,20261214,Q,B,AEROSPACE ENGINEERING,140201,,,N,,,,,,,,,,,1
,JADA,,CREWS,,901095025,N,20260801,,,,,,,,,,,,,,N,,,,,,,,,,,
,JACK,S,YOUNG,,901095057,N,20260801,,,,,,,,,,,,,,N,,,,,,,,,,,
,CHIEN-YU,,LIU,,901095061,N,20260801,,,,,,,,,,,,,,N,,,,,,,,,,,
,STEWART,,YOUNG,,901095155,N,20260801,,,,,,,,,,,,,,N,,,,,,,,,,,
,GENERAL,C,WILLIAMS,,901095334,N,20260801,,,,,,,,,,,,,,N,,,,,,,,,,,
,ALEXANDRA,C,KENNEDY,,901095336,N,20260801,,,,,,,,,,,,,,N,,,,,,,,,,,
,KELLY,A,TURGEON,,901095337,N,20260801,,,,,,,,,,,,,,N,,,,,,,,,,,
,KAELYN,R,JIN-BRITT,,901092903,N,20260801,,,,,,,,,,,,,,N,,,,,,,,,,,
,ROMAN,A,GRANADOS,,901092953,N,20260801,,,,,,,,,,,,,,N,,,,,,,,,,,
,JACK,M,MCCOY,,901093054,N,20260801,,,,,,,,,,,,,,N,,,,,,,,,,,
,ISABELLA,S,SHARP,,901093080,Y,20260801,001577-00,KENNESAW STATE UNIVERSITY,GA,4,Public,20260824,20261214,F,B,INTEGRATED HEALTH SCIENCE,510000,,,N,,,,,,,,,,,1
,JOSHUA,M,SANDERS,,901093106,Y,20260801,001577-00,KENNESAW STATE UNIVERSITY,GA,4,Public,20260824,20261214,H,B,MARKETING INTEREST,521401,,,N,,,,,,,,,,,1
,ANDREW,M,COLLIS,,901093320,N,20260801,,,,,,,,,,,,,,N,,,,,,,,,,,
,BRIDGET,R,MCKUNE,,901093326,N,20260801,,,,,,,,,,,,,,N,,,,,,,,,,,
,CATHERINE,L,MCGOUGH,,901093328,N,20260801,,,,,,,,,,,,,,N,,,,,,,,,,,
,JAKOBY,,BELL,,901093360,N,20260801,,,,,,,,,,,,,,N,,,,,,,,,,,
,ALAN,,GARCIA,,901095568,N,20260801,,,,,,,,,,,,,,N,,,,,,,,,,,
,WILLIAM,S,STEELE,,901095685,N,20260801,,,,,,,,,,,,,,N,,,,,,,,,,,
,JACKSON,,DAVENPORT,,901095734,N,20260801,,,,,,,,,,,,,,N,,,,,,,,,,,
,KYRSTEN,,WATTS,,901095770,N,20260801,,,,,,,,,,,,,,N,,,,,,,,,,,
,ALEXANDRA,E,COX,,901095883,Y,20260801,003425-00,CLEMSON UNIVERSITY,SC,4,Public,20260512,20260804,Q,B,NURSING,513801,,,N,,,,,,,,,,,1
,WILL,G,SCHEPIS,,901096020,N,20260801,,,,,,,,,,,,,,N,,,,,,,,,,,
,RAHELLA,D,ARDEU,,901096035,N,20260801,,,,,,,,,,,,,,N,,,,,,,,,,,
,KALE,A,SMITH,,901096241,N,20260801,,,,,,,,,,,,,,N,,,,,,,,,,,
,LANCE,C,HARDMAN,,901096286,N,20260801,,,,,,,,,,,,,,N,,,,,,,,,,,
,SANJITHA,,KANAGASABAPATHI,,901093769,N,20260801,,,,,,,,,,,,,,N,,,,,,,,,,,
,EMILY,R,REDMON,,901093773,Y,20260801,002981-00,WESTERN CAROLINA UNIVERSITY,NC,4,Public,20260817,20261211,F,B,FORENSIC SCIENCE,430406,,,N,,,,,,,,,,,1
,JOANNE,H,GO,,901093784,N,20260801,,,,,,,,,,,,,,N,,,,,,,,,,,
,TROY,C,ALDRICH,,901093785,N,20260801,,,,,,,,,,,,,,N,,,,,,,,,,,
,LUKE,,WALLACE,,901093802,N,20260801,,,,,,,,,,,,,,N,,,,,,,,,,,
,BENJAMIN,T,GRAICHEN,,901094017,N,20260801,,,,,,,,,,,,,,N,,,,,,,,,,,
,JAQUELINE,,AMANTE,,901094032,N,20260801,,,,,,,,,,,,,,N,,,,,,,,,,,
,KENNEDY,,SMITH,,901094065,N,20260801,,,,,,,,,,,,,,N,,,,,,,,,,,
,MAVIS,M,JONES,,901094104,Y,20260801,001588-00,PIEDMONT UNIVERSITY,GA,4,Private,20260812,20261208,F,F,BIOLOGY,260101,,,N,,,,,,,,,,,1
,JOSEPHINE,E,THRASHER,,901094113,N,20260801,,,,,,,,,,,,,,N,,,,,,,,,,,
,ROBERT,L,WALKER,,901096315,N,20260801,,,,,,,,,,,,,,N,,,,,,,,,,,
,MICHAEL,R,DRILLING,,901096403,N,20260801,,,,,,,,,,,,,,N,,,,,,,,,,,
,CHRISTOPHER,L,COLLINS,,901096405,N,20260801,,,,,,,,,,,,,,N,,,,,,,,,,,
,BRIAN,W,PETTERSSON,,901096424,N,20260801,,,,,,,,,,,,,,N,,,,,,,,,,,
,RAAID,R,KHAN,,901096565,N,20260801,,,,,,,,,,,,,,N,,,,,,,,,,,
,MAHAD,A,SHAIKH,,901098842,N,20260801,,,,,,,,,,,,,,N,,,,,,,,,,,
,GISSELLE,,GARCIA,,901098920,N,20260801,,,,,,,,,,,,,,N,,,,,,,,,,,
,TREY,A,CONRAD,,901099005,N,20260801,,,,,,,,,,,,,,N,,,,,,,,,,,
,MARTIN,,EBOMA,,901099252,N,20260801,,,,,,,,,,,,,,N,,,,,,,,,,,
,COLIN,M,COOK,,901099378,N,20260801,,,,,,,,,,,,,,N,,,,,,,,,,,
,ADARSH,,VENKATESH,,901094176,N,20260801,,,,,,,,,,,,,,N,,,,,,,,,,,
,WILLIAM,N,SPORT,,901094177,N,20260801,,,,,,,,,,,,,,N,,,,,,,,,,,
,JONAH,A,ALLEN,,901094193,N,20260801,,,,,,,,,,,,,,N,,,,,,,,,,,
,GERARDO,,MARTINEZ SANCHEZ,,901094364,Y,20260801,001577-00,KENNESAW STATE UNIVERSITY,GA,4,Public,20260824,20261214,F,B,FINANCE INTEREST,520801,,,N,,,,,,,,,,,1
,AUSTIN,M,WINGROVE,,901094365,N,20260801,,,,,,,,,,,,,,N,,,,,,,,,,,
,PAYTON,G,HARPER,,901094367,N,20260801,,,,,,,,,,,,,,N,,,,,,,,,,,
,MEGAN,E,DICKEY,,901094419,N,20260801,,,,,,,,,,,,,,N,,,,,,,,,,,
,CAILYN,A,MCCLUNG,,901094449,N,20260801,,,,,,,,,,,,,,N,,,,,,,,,,,
,BRADLEE,J,RODRIGUEZ,,901094574,N,20260801,,,,,,,,,,,,,,N,,,,,,,,,,,
,PEDRO,,QUIROGA,,901094691,N,20260801,,,,,,,,,,,,,,N,,,,,,,,,,,
,JOHN,O,DOE,,901094708,N,20260801,,,,,,,,,,,,,,N,,,,,,,,,,,
,NOAH,B,STEWART,,901094719,N,20260801,,,,,,,,,,,,,,N,,,,,,,,,,,
,COLLIER,E,WILLIAMS,,901094771,N,20260801,,,,,,,,,,,,,,N,,,,,,,,,,,
,CARSON,R,YEOMANS,,901094895,N,20260801,,,,,,,,,,,,,,N,,,,,,,,,,,
,SEBASTIAN,,VANEGAS,,901094977,N,20260801,,,,,,,,,,,,,,N,,,,,,,,,,,
,TIMOTHY,R,AYOTTE,,901095050,N,20260801,,,,,,,,,,,,,,N,,,,,,,,,,,
,JOLIE,,HORTON,,901095051,N,20260801,,,,,,,,,,,,,,N,,,,,,,,,,,
,OLIVIA,,WORTHY,,901095059,N,20260801,,,,,,,,,,,,,,N,,,,,,,,,,,
,KIRIN,M,MURAD,,901095079,N,20260801,,,,,,,,,,,,,,N,,,,,,,,,,,
,GRACE,E,MOSSER,,901095091,N,20260801,,,,,,,,,,,,,,N,,,,,,,,,,,
,JOSEPH,H,SWINNEY,,901095221,N,20260801,,,,,,,,,,,,,,N,,,,,,,,,,,
,MANE,,BIROVLJEV,,901095329,N,20260801,,,,,,,,,,,,,,N,,,,,,,,,,,
,MAELEE,E,STALVEY,,901095358,Y,20260801,001598-00,UNIVERSITY OF GEORGIA,GA,4,Public,20260512,20260803,F,B,AGRIBUSINESS,010102,,,N,,,,,,,,,,,1
,JONATHAN,S,LIMON,,901095359,N,20260801,,,,,,,,,,,,,,N,,,,,,,,,,,
,ELIZABETH,G,HOBACK,,901095449,Y,20260801,001577-00,KENNESAW STATE UNIVERSITY,GA,4,Public,20260824,20261214,F,B,BIOLOGY,260101,,,N,,,,,,,,,,,1
,JONATHAN,I,TOMBERLIN,,901095450,N,20260801,,,,,,,,,,,,,,N,,,,,,,,,,,
,MASON,J,CHEEK,,901095563,N,20260801,,,,,,,,,,,,,,N,,,,,,,,,,,
,YANDEL,,REYES,,901095641,N,20260801,,,,,,,,,,,,,,N,,,,,,,,,,,
,CARLO,A,ZAVALA-FREIRE,,901095683,N,20260801,,,,,,,,,,,,,,N,,,,,,,,,,,
,HUNTER,K,STILL,,901095709,N,20260801,,,,,,,,,,,,,,N,,,,,,,,,,,
,TRACI,R,GRIFFIN,,901095823,N,20260801,,,,,,,,,,,,,,N,,,,,,,,,,,
,JONATHAN,A,LANZA-DURON,,901095980,N,20260801,,,,,,,,,,,,,,N,,,,,,,,,,,
,RACHEL,L,LIFLAND,,901096025,N,20260801,,,,,,,,,,,,,,N,,,,,,,,,,,
,JACOB,R,MORRIS,,901096160,N,20260801,,,,,,,,,,,,,,N,,,,,,,,,,,
,LINDSEY,,SNIFFEN,,901096190,N,20260801,,,,,,,,,,,,,,N,,,,,,,,,,,
,JAMES,J,WRAY,,901096314,Y,20260801,001571-00,GEORGIA MILITARY COLLEGE,GA,2,Public,20260810,20261006,F,F,BUSINESS ADMINISTRATION,520201,,,N,,,,,,,,,,,1
,GREYSON,H,RECTOR,,901081176,N,20260801,,,,,,,,,,,,,,N,,,,,,,,,,,
,ISABELLA,C,FIERRO,,901081193,N,20260801,,,,,,,,,,,,,,N,,,,,,,,,,,
,EBEN,D,MUNDY,,901081246,N,20260801,,,,,,,,,,,,,,N,,,,,,,,,,,
,JAYMON,A,JUSTICE,,901081248,N,20260801,,,,,,,,,,,,,,N,,,,,,,,,,,
,JAMES,A,DROTENKO,,901081303,N,20260801,,,,,,,,,,,,,,N,,,,,,,,,,,
,CHRISTIAN,A,KENDRICK,,901081340,N,20260801,,,,,,,,,,,,,,N,,,,,,,,,,,
,MAXWELL,J,MALONE,,901081341,N,20260801,,,,,,,,,,,,,,N,,,,,,,,,,,
,CAROLINA,,LERMA GUTIERREZ,,901081496,N,20260801,,,,,,,,,,,,,,N,,,,,,,,,,,
,TUCKER,T,HAWKINS,,901081642,N,20260801,,,,,,,,,,,,,,N,,,,,,,,,,,
,ANOUSHKA,,MAJUMDAR,,901081664,N,20260801,,,,,,,,,,,,,,N,,,,,,,,,,,
,CATE,L,BYARS,,901081669,N,20260801,,,,,,,,,,,,,,N,,,,,,,,,,,
,SADIE,S,WALLIS,,901081685,N,20260801,,,,,,,,,,,,,,N,,,,,,,,,,,
,BRIENA,A,DEAVERS,,901081691,N,20260801,,,,,,,,,,,,,,N,,,,,,,,,,,
,SOPHIE,K,HOY,,901081902,N,20260801,,,,,,,,,,,,,,N,,,,,,,,,,,
,AIKA,,CATO,,901082154,N,20260801,,,,,,,,,,,,,,N,,,,,,,,,,,
,REAGAN,E,EANES,,901082262,N,20260801,,,,,,,,,,,,,,N,,,,,,,,,,,
,CHRISTOPHER,L,STUBBLEFIELD,,901082295,Y,20260801,001767-00,BENEDICTINE UNIVERSITY,IL,4,Private,20260511,20260830,F,R,SOCIAL SCIENCE MAJOR,459999,,,N,,,,,,,,,,,1
,LUIS,S,URIAS,,901082423,N,20260801,,,,,,,,,,,,,,N,,,,,,,,,,,
,PAUL,R,VENDITTI-KRAMER,,901082424,Y,20260801,001577-00,KENNESAW STATE UNIVERSITY,GA,4,Public,20260824,20261214,F,B,MARKETING INTEREST,521401,,,N,,,,,,,,,,,1
,KASIE,E,BOOTH,,901082432,N,20260801,,,,,,,,,,,,,,N,,,,,,,,,,,
,ROBERT,C,MUELLER,,901082510,Y,20260801,001577-00,KENNESAW STATE UNIVERSITY,GA,4,Public,20260824,20261214,F,B,ENVIRONMENTAL ENGINEERING,141401,,,N,,,,,,,,,,,1
,NOAH,K,RICHARDS,,901082579,Y,20260801,001577-00,KENNESAW STATE UNIVERSITY,GA,4,Public,20260824,20261214,F,B,AEROSPACE ENGINEERING,140201,,,N,,,,,,,,,,,1
,KAYDEN,D,WISHAM,,901082600,N,20260801,,,,,,,,,,,,,,N,,,,,,,,,,,
,JAMESON,P,BELL,,901082619,N,20260801,,,,,,,,,,,,,,N,,,,,,,,,,,
,MAX,E,DESEDA,,901082671,N,20260801,,,,,,,,,,,,,,N,,,,,,,,,,,
,ADDISON,A,DUNAWAY,,901082713,N,20260801,,,,,,,,,,,,,,N,,,,,,,,,,,
,WILSON,,WALLACE,,901082744,N,20260801,,,,,,,,,,,,,,N,,,,,,,,,,,
,BAYLEE,,HARDEMAN,,901082858,N,20260801,,,,,,,,,,,,,,N,,,,,,,,,,,
,JOHN PAUL,B,WELLS,,901082904,N,20260801,,,,,,,,,,,,,,N,,,,,,,,,,,
,SIDNEY,S,HAN,,901082948,N,20260801,,,,,,,,,,,,,,N,,,,,,,,,,,
,AIDEN,J,CLARK,,901082956,N,20260801,,,,,,,,,,,,,,N,,,,,,,,,,,
,MARY,E,GARNER,,901083050,N,20260801,,,,,,,,,,,,,,N,,,,,,,,,,,
,NATALIE,C,DOWNS,,901083059,N,20260801,,,,,,,,,,,,,,N,,,,,,,,,,,
,JASMIN,,ZAMUDIO,,901083108,N,20260801,,,,,,,,,,,,,,N,,,,,,,,,,,
,LUKE,D,ROSEN,,901083165,N,20260801,,,,,,,,,,,,,,N,,,,,,,,,,,
,HOLLIS,L,WEISS,,901083280,N,20260801,,,,,,,,,,,,,,N,,,,,,,,,,,
,CAITLIN,M,NEWMAN,,901083300,N,20260801,,,,,,,,,,,,,,N,,,,,,,,,,,
,RYAN,M,MURILLO,,901083456,N,20260801,,,,,,,,,,,,,,N,,,,,,,,,,,
,EMMA,R,RIDER,,901083461,N,20260801,,,,,,,,,,,,,,N,,,,,,,,,,,
,JUAN,C,VELAZQUEZ,,901083487,N,20260801,,,,,,,,,,,,,,N,,,,,,,,,,,
,HANNAH,M,SAMPSON,,901083547,N,20260801,,,,,,,,,,,,,,N,,,,,,,,,,,
,GAVEN,M,GUERRERO,,901083561,N,20260801,,,,,,,,,,,,,,N,,,,,,,,,,,
,WESLEY,C,GUINED,,901083805,Y,20260801,001588-00,PIEDMONT UNIVERSITY,GA,4,Private,20260812,20261208,F,S,ART,500701,,,N,,,,,,,,,,,1
,MAHEK,,MOMIN,,901083818,N,20260801,,,,,,,,,,,,,,N,,,,,,,,,,,
,AUDREY,L,VEAL,,901083887,N,20260801,,,,,,,,,,,,,,N,,,,,,,,,,,
,ALEXIS,,BENDER,,901083902,N,20260801,,,,,,,,,,,,,,N,,,,,,,,,,,
,SIVAGURU,,RAJA ATHMARAMAN,,901083904,Y,20260801,001577-00,KENNESAW STATE UNIVERSITY,GA,4,Public,20260824,20261214,F,B,MECHANICAL ENGINEERING,141901,,,N,,,,,,,,,,,1
,AUBREY,P,CULLINAN,,901083906,N,20260801,,,,,,,,,,,,,,N,,,,,,,,,,,
,DYLAN,T,POSPISIL,,901083963,N,20260801,,,,,,,,,,,,,,N,,,,,,,,,,,
,BRYNLEE,C,MULLIS,,901083994,N,20260801,,,,,,,,,,,,,,N,,,,,,,,,,,
,PRESTON,S,PINNELL,,901084035,Y,20260801,001577-00,KENNESAW STATE UNIVERSITY,GA,4,Public,20260824,20261214,F,B,MARKETING INTEREST,521401,,,N,,,,,,,,,,,1
,SARA-CLAIRE,L,CUMMINGS,,901084054,N,20260801,,,,,,,,,,,,,,N,,,,,,,,,,,
,JENNA,E,SHANNI,,901084110,N,20260801,,,,,,,,,,,,,,N,,,,,,,,,,,
,LARALYN,,SMITH,,901084125,N,20260801,,,,,,,,,,,,,,N,,,,,,,,,,,
,ETHAN,J,YANG,,901084133,N,20260801,,,,,,,,,,,,,,N,,,,,,,,,,,
,JAYDEN,,BAEZ,,901084165,N,20260801,,,,,,,,,,,,,,N,,,,,,,,,,,
,JULIENNE,,PROPP,,901084206,N,20260801,,,,,,,,,,,,,,N,,,,,,,,,,,
,JENNIFER,R,MCALLISTER,,901084308,N,20260801,,,,,,,,,,,,,,N,,,,,,,,,,,
,ELIJAH,B,CARMONA,,901084333,N,20260801,,,,,,,,,,,,,,N,,,,,,,,,,,
,JARET,S,MORELAND,,901084361,N,20260801,,,,,,,,,,,,,,N,,,,,,,,,,,
,DHRUV,S,PATEL,,901084365,N,20260801,,,,,,,,,,,,,,N,,,,,,,,,,,
,RILEY,M,MORGAN,,901084368,N,20260801,,,,,,,,,,,,,,N,,,,,,,,,,,
,DAYTON,S,GREAVES,,901084420,N,20260801,,,,,,,,,,,,,,N,,,,,,,,,,,
,RYLEIGH,A,O'BRIEN,,901084449,N,20260801,,,,,,,,,,,,,,N,,,,,,,,,,,
,NICHOLAS,J,SORO,,901084455,N,20260801,,,,,,,,,,,,,,N,,,,,,,,,,,
,JANELLE,,JACQUES,,901084477,N,20260801,,,,,,,,,,,,,,N,,,,,,,,,,,
,ISAAC,J,TEREI,,901084566,N,20260801,,,,,,,,,,,,,,N,,,,,,,,,,,
,PRESLEY,K,DOWNS,,901084655,N,20260801,,,,,,,,,,,,,,N,,,,,,,,,,,
,TANYA,S,DHARWADKAR,,901084656,N,20260801,,,,,,,,,,,,,,N,,,,,,,,,,,
,DARCY,V,PEEBLES,,901084660,N,20260801,,,,,,,,,,,,,,N,,,,,,,,,,,
,ANA,P,MARIN,,901084664,N,20260801,,,,,,,,,,,,,,N,,,,,,,,,,,
,AKSEL,K,SCHRAMM,,901084672,N,20260801,,,,,,,,,,,,,,N,,,,,,,,,,,
,BENJAMIN,C,MOOMEY,,901084679,N,20260801,,,,,,,,,,,,,,N,,,,,,,,,,,
,YOUGYEONG,,LEE,,901084698,N,20260801,,,,,,,,,,,,,,N,,,,,,,,,,,
,COOPER,M,CASSIDY,,901084701,N,20260801,,,,,,,,,,,,,,N,,,,,,,,,,,
,CARTER,W,HEARD,,901084702,N,20260801,,,,,,,,,,,,,,N,,,,,,,,,,,
,EMMA GRACE,,HEAD,,901084796,N,20260801,,,,,,,,,,,,,,N,,,,,,,,,,,
,JAMES,D,WALL,,901084842,N,20260801,,,,,,,,,,,,,,N,,,,,,,,,,,
,ISAAC,D,RODRIGUEZ,,901085033,N,20260801,,,,,,,,,,,,,,N,,,,,,,,,,,
,AZARIA,,EHIMA,,901085061,N,20260801,,,,,,,,,,,,,,N,,,,,,,,,,,
,BOWIE,R,COUCH,,901085063,N,20260801,,,,,,,,,,,,,,N,,,,,,,,,,,
,DIEGO,A,PRIETO,,901085107,N,20260801,,,,,,,,,,,,,,N,,,,,,,,,,,
,ROBERT,A,RABOUD,,901085113,N,20260801,,,,,,,,,,,,,,N,,,,,,,,,,,
,DAWSON,C,REED,,901085116,N,20260801,,,,,,,,,,,,,,N,,,,,,,,,,,
,SHISHIR TEJA,R,REDDY,,901085132,N,20260801,,,,,,,,,,,,,,N,,,,,,,,,,,
,EMILY,C,WALL,,901085146,N,20260801,,,,,,,,,,,,,,N,,,,,,,,,,,
,SENA,,HOSU,,901085173,N,20260801,,,,,,,,,,,,,,N,,,,,,,,,,,
,EMILIA,A,CONDREA,,901085175,N,20260801,,,,,,,,,,,,,,N,,,,,,,,,,,
,JASLENE,H,SORIANO,,901085245,N,20260801,,,,,,,,,,,,,,N,,,,,,,,,,,
,SAAHAS,,NALABHOTU,,901085290,Y,20260801,001574-06,GEORGIA STATE UNIVERSITY- PERIMETER COLLEGE,GA,2,Public,20260511,20260803,L,F,UNDECLARED,240102,,,N,,,,,,,,,,,1
,SAMHITHA,,KOVI,,901085296,N,20260801,,,,,,,,,,,,,,N,,,,,,,,,,,
,KEVIN,D,MCKEITHAN,,901085355,N,20260801,,,,,,,,,,,,,,N,,,,,,,,,,,
,LANDEN,A,WHITEHEAD,,901085356,N,20260801,,,,,,,,,,,,,,N,,,,,,,,,,,
,DANIEL,O,KAINAYOR,,901085388,N,20260801,,,,,,,,,,,,,,N,,,,,,,,,,,
,ISAAC,W,PFIEL,,901085402,N,20260801,,,,,,,,,,,,,,N,,,,,,,,,,,
,EMILY,E,SMITH,,901085406,N,20260801,,,,,,,,,,,,,,N,,,,,,,,,,,
,JEREMIAH,,VEILLON,,901085410,N,20260801,,,,,,,,,,,,,,N,,,,,,,,,,,
,TATIANA,,HUTCHINS,,901085434,N,20260801,,,,,,,,,,,,,,N,,,,,,,,,,,
,HAYDEN,A,ZUMBRO,,901085442,N,20260801,,,,,,,,,,,,,,N,,,,,,,,,,,
,BAYLEIGH,N,MCELHANNON,,901085443,N,20260801,,,,,,,,,,,,,,N,,,,,,,,,,,
,ROBERT,S,HERMAN,,901085565,N,20260801,,,,,,,,,,,,,,N,,,,,,,,,,,
,ADYSON,M,BRYAN,,901085703,N,20260801,,,,,,,,,,,,,,N,,,,,,,,,,,
,MADISON,,BRYAN,,901085704,Y,20260801,001577-00,KENNESAW STATE UNIVERSITY,GA,4,Public,20260824,20261214,F,B,MECHANICAL ENGINEERING,141901,,,N,,,,,,,,,,,1
,REBECCA,C,DAUGHERTY,,901085797,N,20260801,,,,,,,,,,,,,,N,,,,,,,,,,,
,GABRIELLA,,MONTEIRO,,901086761,N,20260801,,,,,,,,,,,,,,N,,,,,,,,,,,
,LENA,B,LOUDERMILK,,901086768,Y,20260801,001577-00,KENNESAW STATE UNIVERSITY,GA,4,Public,20260824,20261214,F,B,CIVIL ENGINEERING,140801,,,N,,,,,,,,,,,1
,SARA,E,GREEN,,901086799,N,20260801,,,,,,,,,,,,,,N,,,,,,,,,,,
,MATTHEW,V,RUSSO,,901086810,N,20260801,,,,,,,,,,,,,,N,,,,,,,,,,,
,HAYDEN,C,HARRIS,,901086821,N,20260801,,,,,,,,,,,,,,N,,,,,,,,,,,
,JAMES,R,WILLIAMS,,901086825,N,20260801,,,,,,,,,,,,,,N,,,,,,,,,,,
,KEDUS,,YOSEPH,,901086839,Y,20260801,001577-00,KENNESAW STATE UNIVERSITY,GA,4,Public,20260824,20261214,F,B,FINANCE INTEREST,520801,,,N,,,,,,,,,,,1
,REECE,M,PATTERSON,,901086841,N,20260801,,,,,,,,,,,,,,N,,,,,,,,,,,
,STEPHEN,H,CURE,,901086846,Y,20260801,001577-00,KENNESAW STATE UNIVERSITY,GA,4,Public,20260824,20261214,F,B,MECHANICAL ENGINEERING,141901,,,N,,,,,,,,,,,1
,RILEY,G,MCNEIL,,901086858,Y,20260801,001579-00,AUGUSTA UNIVERSITY,GA,4,Public,20260518,20260806,L,B,HEALTH SERVICES,510701,,,N,,,,,,,,,,,1
,RILEY,G,MCNEIL,,901086858,Y,20260801,001579-00,AUGUSTA UNIVERSITY,GA,4,Public,20260518,20260803,L,B,HEALTH SERVICES,510701,,,N,,,,,,,,,,,1
,MATTHEW,H,ANDERSON,,901086865,N,20260801,,,,,,,,,,,,,,N,,,,,,,,,,,
,KAITLYN,K,BAYS,,901086940,N,20260801,,,,,,,,,,,,,,N,,,,,,,,,,,
,DEUK HYUN,,PARK,,901086981,N,20260801,,,,,,,,,,,,,,N,,,,,,,,,,,
,AVA,M,KUNZ,,901087012,N,20260801,,,,,,,,,,,,,,N,,,,,,,,,,,
,SAMUEL,D,SLAUGHTER,,901087019,N,20260801,,,,,,,,,,,,,,N,,,,,,,,,,,
,NIKKY,,LIN,,901087029,N,20260801,,,,,,,,,,,,,,N,,,,,,,,,,,
,CLARE,,MOORE,,901087043,N,20260801,,,,,,,,,,,,,,N,,,,,,,,,,,
,LANDEN,R,FASY,,901087119,N,20260801,,,,,,,,,,,,,,N,,,,,,,,,,,
,OSKAR,,HASBERG,,901087186,N,20260801,,,,,,,,,,,,,,N,,,,,,,,,,,
,CARTER,T,KOLACINSKI,,901087247,N,20260801,,,,,,,,,,,,,,N,,,,,,,,,,,
,BROOKE,E,SACCO,,901087251,N,20260801,,,,,,,,,,,,,,N,,,,,,,,,,,
,MANAN,,REHLAN,,901087378,N,20260801,,,,,,,,,,,,,,N,,,,,,,,,,,
,SADIE,J,DWYER,,901087382,N,20260801,,,,,,,,,,,,,,N,,,,,,,,,,,
,ISABELLE,C,WILLIAMS,,901087386,N,20260801,,,,,,,,,,,,,,N,,,,,,,,,,,
,SHARANYA,,HARIISH,,901087387,N,20260801,,,,,,,,,,,,,,N,,,,,,,,,,,
,JONATHON,L,HUFF,,901087434,N,20260801,,,,,,,,,,,,,,N,,,,,,,,,,,
,LIAM,C,SMITH,,901087451,N,20260801,,,,,,,,,,,,,,N,,,,,,,,,,,
,DAVID,,TRAN,,901087455,N,20260801,,,,,,,,,,,,,,N,,,,,,,,,,,
,WILSON,A,BATTLES,,901087517,N,20260801,,,,,,,,,,,,,,N,,,,,,,,,,,
,ISHA,,DUBEY,,901087523,N,20260801,,,,,,,,,,,,,,N,,,,,,,,,,,
,DEVARSH,,BANDLA,,901087526,N,20260801,,,,,,,,,,,,,,N,,,,,,,,,,,
,BRADEN,M,KRIEGER,,901087530,N,20260801,,,,,,,,,,,,,,N,,,,,,,,,,,
,REBECCA,C,HARRIS,,901087556,N,20260801,,,,,,,,,,,,,,N,,,,,,,,,,,
,SHELBY,H,HOWARD,,901087574,N,20260801,,,,,,,,,,,,,,N,,,,,,,,,,,
,MADELINE,R,KING,,901087592,N,20260801,,,,,,,,,,,,,,N,,,,,,,,,,,
,ADDISON,G,CARD,,901087645,N,20260801,,,,,,,,,,,,,,N,,,,,,,,,,,
,TRISTAN,J,ROGERS,,901087677,N,20260801,,,,,,,,,,,,,,N,,,,,,,,,,,
,YASHWANTH,B,NADAKUDITI,,901087693,N,20260801,,,,,,,,,,,,,,N,,,,,,,,,,,
,BELINDA,Y,PANJOJ-QUEVEDO,,901087717,N,20260801,,,,,,,,,,,,,,N,,,,,,,,,,,
,ALAYLA,P,BALDRY,,901087721,Y,20260801,001598-00,UNIVERSITY OF GEORGIA,GA,4,Public,20260512,20260803,F,B,INTERNATIONAL AFFAIRS,450901,POLITICAL SCIENCE,451001,N,,,,,,,,,,,1
,NATHAN,,SHIN,,901087734,N,20260801,,,,,,,,,,,,,,N,,,,,,,,,,,
,CLARA,D,BALDWIN,,901087759,N,20260801,,,,,,,,,,,,,,N,,,,,,,,,,,
,WALKER,B,MYHAND,,901087805,N,20260801,,,,,,,,,,,,,,N,,,,,,,,,,,
,LORENZO,A,LIBREROS-VARGA,,901087808,N,20260801,,,,,,,,,,,,,,N,,,,,,,,,,,
,SARAH,E,MUI,,901087818,N,20260801,,,,,,,,,,,,,,N,,,,,,,,,,,
,KYLIE,M,ASHFORD,,901087840,N,20260801,,,,,,,,,,,,,,N,,,,,,,,,,,
,NICHOLAS,R,JOKHAN,,901087843,Y,20260801,001577-00,KENNESAW STATE UNIVERSITY,GA,4,Public,20260824,20261214,F,B,FINANCE INTEREST,520801,,,N,,,,,,,,,,,1
,GAVIN,,RAY,,901087854,N,20260801,,,,,,,,,,,,,,N,,,,,,,,,,,
,ANSLEY,K,HUDGINS,,901087866,N,20260801,,,,,,,,,,,,,,N,,,,,,,,,,,
,SAHITI,,KAVETI,,901087921,N,20260801,,,,,,,,,,,,,,N,,,,,,,,,,,
,OLEKSANDR,,YUNKO,,901087996,N,20260801,,,,,,,,,,,,,,N,,,,,,,,,,,
,KAITLYN,,EVANS,,901087999,N,20260801,,,,,,,,,,,,,,N,,,,,,,,,,,
,BRYCE,J,FRANKLIN,,901088000,N,20260801,,,,,,,,,,,,,,N,,,,,,,,,,,
,MIA,G,AVINA,,901088012,N,20260801,,,,,,,,,,,,,,N,,,,,,,,,,,
,DAVID,,AGRIPINO ORELLANA,,901088016,N,20260801,,,,,,,,,,,,,,N,,,,,,,,,,,
,JACOB,,QUALLO,,901088043,N,20260801,,,,,,,,,,,,,,N,,,,,,,,,,,
,CAROLINE,,MALLARD,,901088059,N,20260801,,,,,,,,,,,,,,N,,,,,,,,,,,
,KEMIAH,,HAIRSTON,,901088087,N,20260801,,,,,,,,,,,,,,N,,,,,,,,,,,
,ELIJAH,D,PRUITT,,901088110,Y,20260801,001577-00,KENNESAW STATE UNIVERSITY,GA,4,Public,20260824,20261214,F,B,MECHANICAL ENGINEERING,141901,,,N,,,,,,,,,,,1
,JOHN,,YOUNG,,901088121,N,20260801,,,,,,,,,,,,,,N,,,,,,,,,,,
,MARC,A,JIU,,901088144,Y,20260801,001569-00,GEORGIA INSTITUTE OF TECHNOLOGY,GA,4,Public,20260518,20260806,L,N,SPECIAL NON DEGREE,240102,,,N,,,,,,,,,,,1
,ALANA,J,BRICELY,,901088145,N,20260801,,,,,,,,,,,,,,N,,,,,,,,,,,
,MIHIRA,,RAMISETTY,,901088209,N,20260801,,,,,,,,,,,,,,N,,,,,,,,,,,
,ISABELLA,M,DIMUZIO,,901088264,N,20260801,,,,,,,,,,,,,,N,,,,,,,,,,,
,SOPHIE,E,MURROW,,901088312,N,20260801,,,,,,,,,,,,,,N,,,,,,,,,,,
,DYLAN,T,KESLER,,901088346,N,20260801,,,,,,,,,,,,,,N,,,,,,,,,,,
,KEILY,K,HERNANDEZ,,901088377,Y,20260801,001577-00,KENNESAW STATE UNIVERSITY,GA,4,Public,20260824,20261214,F,B,MARKETING INTEREST,521401,,,N,,,,,,,,,,,1
,LILY,A,SEGARS,,901088387,Y,20260801,001577-00,KENNESAW STATE UNIVERSITY,GA,4,Public,20260824,20261214,F,B,PSYCHOLOGY,420101,,,N,,,,,,,,,,,1
,SARAH,A,ELLIOTT,,901088432,N,20260801,,,,,,,,,,,,,,N,,,,,,,,,,,
,LAWSON,,WINGATE,,901088556,Y,20260801,001577-00,KENNESAW STATE UNIVERSITY,GA,4,Public,20260824,20261214,F,B,BIOLOGY,260101,,,N,,,,,,,,,,,1
,JACK,B,MCELROY,,901088575,N,20260801,,,,,,,,,,,,,,N,,,,,,,,,,,
,SHRESHTA,,GATTY,,901088613,N,20260801,,,,,,,,,,,,,,N,,,,,,,,,,,
,IZUCHUKWU,D,OBUROTA,,901088616,N,20260801,,,,,,,,,,,,,,N,,,,,,,,,,,
,TAYLOR,,ANDERSON,,901088784,Y,20260801,001598-00,UNIVERSITY OF GEORGIA,GA,4,Public,20260512,20260803,H,B,ATMOSPHERIC SCIENCES,400401,,,N,,,,,,,,,,,1
,ELISE,M,WILSON,,901088819,Y,20260801,001577-00,KENNESAW STATE UNIVERSITY,GA,4,Public,20260824,20261214,F,B,CRIMINAL JUSTICE,430104,,,N,,,,,,,,,,,1
,SARAYU,,BITRA,,901088826,N,20260801,,,,,,,,,,,,,,N,,,,,,,,,,,
,DENNIS,J,MCDAVID,,901088827,N,20260801,,,,,,,,,,,,,,N,,,,,,,,,,,
,MADISON,W,MCDANIEL,,901088849,N,20260801,,,,,,,,,,,,,,N,,,,,,,,,,,
,SADIE,C,WESTMORELAND,,901088889,N,20260801,,,,,,,,,,,,,,N,,,,,,,,,,,
,LAURIN,D,KIM,,901088921,N,20260801,,,,,,,,,,,,,,N,,,,,,,,,,,
,MAKUND,,GARIMELLA,,901089082,N,20260801,,,,,,,,,,,,,,N,,,,,,,,,,,
,CLARA,Y,JI,,901089125,N,20260801,,,,,,,,,,,,,,N,,,,,,,,,,,
,ANANYA,,GOYAL,,901089126,N,20260801,,,,,,,,,,,,,,N,,,,,,,,,,,
,MICHAEL,R,BOWBLISS,,901089130,N,20260801,,,,,,,,,,,,,,N,,,,,,,,,,,
,KACEY,E,WEST,,901089142,N,20260801,,,,,,,,,,,,,,N,,,,,,,,,,,
,CARTER,S,BROWN,,901089157,N,20260801,,,,,,,,,,,,,,N,,,,,,,,,,,
,SYDNEY,R,SANFORD,,901089208,N,20260801,,,,,,,,,,,,,,N,,,,,,,,,,,
,JAMES,M,WOOD,,901089211,N,20260801,,,,,,,,,,,,,,N,,,,,,,,,,,
,KHANG,,VU,,901089255,N,20260801,,,,,,,,,,,,,,N,,,,,,,,,,,
,HEEYEON,,KIM,,901089281,N,20260801,,,,,,,,,,,,,,N,,,,,,,,,,,
,ALYSSA,L,AMES,,901089340,N,20260801,,,,,,,,,,,,,,N,,,,,,,,,,,
,HARPER,R,COLEMAN,,901089349,N,20260801,,,,,,,,,,,,,,N,,,,,,,,,,,
,KAREN,L,WRIGHT,,901089370,N,20260801,,,,,,,,,,,,,,N,,,,,,,,,,,
,SAMUEL,H,LEE,,901089375,N,20260801,,,,,,,,,,,,,,N,,,,,,,,,,,
,SEOYOUNG,,LEE,,901089385,Y,20260801,001569-00,GEORGIA INSTITUTE OF TECHNOLOGY,GA,4,Public,20260518,20260806,L,B,ENVIRONMENTAL SCIENCE,030104,,,N,,,,,,,,,,,1
,ISAAC,,CABEZAS,,901089386,N,20260801,,,,,,,,,,,,,,N,,,,,,,,,,,
,FREDRIK,T,HENNINGSGARD,,901089396,N,20260801,,,,,,,,,,,,,,N,,,,,,,,,,,
,SAMUEL,G,HARGRAVE,,901089495,N,20260801,,,,,,,,,,,,,,N,,,,,,,,,,,
,ROWAN,K,TRENT,,901089502,N,20260801,,,,,,,,,,,,,,N,,,,,,,,,,,
,ELIZABETH,A,BOLT,,901089507,N,20260801,,,,,,,,,,,,,,N,,,,,,,,,,,
,JADYN,M,PAGE,,901089658,N,20260801,,,,,,,,,,,,,,N,,,,,,,,,,,
,ALYSSA,M,HITZEL,,901089687,Y,20260801,001598-00,UNIVERSITY OF GEORGIA,GA,4,Public,20260512,20260803,F,B,PSYCHOLOGY,420101,,,N,,,,,,,,,,,1
,DHESHNA,,MAGESH,,901089706,N,20260801,,,,,,,,,,,,,,N,,,,,,,,,,,
,SADIE,B,WOODRUFF,,901089740,N,20260801,,,,,,,,,,,,,,N,,,,,,,,,,,
,JACOB,P,ODOM,,901089750,N,20260801,,,,,,,,,,,,,,N,,,,,,,,,,,
,OWEN,M,ADAMS,,901089751,N,20260801,,,,,,,,,,,,,,N,,,,,,,,,,,
,CODY,,JACKSON,,901089765,N,20260801,,,,,,,,,,,,,,N,,,,,,,,,,,
,MYCA,G,BURNHAM,,901089772,N,20260801,,,,,,,,,,,,,,N,,,,,,,,,,,
,ARYA PONNUH,,PINDI,,901089800,N,20260801,,,,,,,,,,,,,,N,,,,,,,,,,,
,ALLISON,,KRAUS,,901089859,Y,20260801,001598-00,UNIVERSITY OF GEORGIA,GA,4,Public,20260512,20260803,F,B,HUMAN DEVELOPMENT AND FAM SCI,190701,,,N,,,,,,,,,,,1
,SHUNTESHIA,L,BROUGHTON,,901089905,N,20260801,,,,,,,,,,,,,,N,,,,,,,,,,,
,EMMA,R,BAILEY,,901089977,N,20260801,,,,,,,,,,,,,,N,,,,,,,,,,,
,DHAN,M,PATEL,,901090029,Y,20260801,001574-06,GEORGIA STATE UNIVERSITY- PERIMETER COLLEGE,GA,2,Public,20260511,20260803,H,F,HS HEALTH SCIENCE PROFESSIONS,240101,,,N,,,,,,,,,,,1
,RUDHRA PARIPOORNA,,KAPILDEV,,901090045,N,20260801,,,,,,,,,,,,,,N,,,,,,,,,,,
,DANIEL,R,GONZALES,,901090110,N,20260801,,,,,,,,,,,,,,N,,,,,,,,,,,
,DIYA,T,PATEL,,901090116,N,20260801,,,,,,,,,,,,,,N,,,,,,,,,,,
,LUKE,F,LOWREY,,901090174,N,20260801,,,,,,,,,,,,,,N,,,,,,,,,,,
,LUKE,,PEARCE,,901090197,N,20260801,,,,,,,,,,,,,,N,,,,,,,,,,,
,CHARLOTTE,G,CONDRA,,901090212,N,20260801,,,,,,,,,,,,,,N,,,,,,,,,,,
,MYRIAH,S,BURTON,,901090337,N,20260801,,,,,,,,,,,,,,N,,,,,,,,,,,
,RYAN,T,LE,,901090358,N,20260801,,,,,,,,,,,,,,N,,,,,,,,,,,
,SARA,,SUEN,,901090378,N,20260801,,,,,,,,,,,,,,N,,,,,,,,,,,
,VINCENT,A,LUMBRA,,901090411,N,20260801,,,,,,,,,,,,,,N,,,,,,,,,,,
,CLAIRE,E,HEIDESCH,,901090412,N,20260801,,,,,,,,,,,,,,N,,,,,,,,,,,
,MALACHI,T,JOSEPH,,901090431,N,20260801,,,,,,,,,,,,,,N,,,,,,,,,,,
,LUCAS,J,WATSON,,901090455,N,20260801,,,,,,,,,,,,,,N,,,,,,,,,,,
,JUNHUI,,LEE,,901090462,N,20260801,,,,,,,,,,,,,,N,,,,,,,,,,,
,HANNAH,M,SCHROEDER,,901090515,N,20260801,,,,,,,,,,,,,,N,,,,,,,,,,,
,JOSEPH,L,BUNNELL,,901090604,N,20260801,,,,,,,,,,,,,,N,,,,,,,,,,,
,RUTHIKA,R,KANCHARLA,,901090606,N,20260801,,,,,,,,,,,,,,N,,,,,,,,,,,
,TESSA,A,STEGER,,901090620,N,20260801,,,,,,,,,,,,,,N,,,,,,,,,,,
,DAVID,S,BONILLA,,901090634,N,20260801,,,,,,,,,,,,,,N,,,,,,,,,,,
,RHEA,S,MENON,,901090746,N,20260801,,,,,,,,,,,,,,N,,,,,,,,,,,
,CATHERINE,,NAVROTSKI,,901090750,N,20260801,,,,,,,,,,,,,,N,,,,,,,,,,,
,ABBY,E,REDDICK,,901090809,N,20260801,,,,,,,,,,,,,,N,,,,,,,,,,,
,PATRICK,A,GOODHEART,,901090838,N,20260801,,,,,,,,,,,,,,N,,,,,,,,,,,
,SOPHIA,E,BAXTER,,901090886,N,20260801,,,,,,,,,,,,,,N,,,,,,,,,,,
,AUBREY,C,MITCHELL,,901090898,N,20260801,,,,,,,,,,,,,,N,,,,,,,,,,,
,AIDAN,J,WALSH,,901090913,N,20260801,,,,,,,,,,,,,,N,,,,,,,,,,,
,HARRIN,,YANG,,901091027,N,20260801,,,,,,,,,,,,,,N,,,,,,,,,,,
,JI,Y,KIM,,901091100,N,20260801,,,,,,,,,,,,,,N,,,,,,,,,,,
,JOSHUA,M,CAUSLAND,,901091192,Y,20260801,001598-00,UNIVERSITY OF GEORGIA,GA,4,Public,20260512,20260803,F,B,COMMUNICATION STUDIES,090101,CERT SPORTS MEDIA,090906,N,,,,,,,,,,,1
,STEVE,P,ORELLANA,,901091217,N,20260801,,,,,,,,,,,,,,N,,,,,,,,,,,
,NAQASH,N,GAJWANI,,901091235,N,20260801,,,,,,,,,,,,,,N,,,,,,,,,,,
,AURORA,C,DIAZ,,901091311,N,20260801,,,,,,,,,,,,,,N,,,,,,,,,,,
,MARTISHA,,PERRY,,901091326,Y,20260801,001598-00,UNIVERSITY OF GEORGIA,GA,4,Public,20260512,20260803,F,B,BIOLOGY,260101,,,N,,,,,,,,,,,1
,JASON,,NGUYEN,,901091329,Y,20260801,001577-00,KENNESAW STATE UNIVERSITY,GA,4,Public,20260824,20261214,F,B,MECHANICAL ENGINEERING,141901,,,N,,,,,,,,,,,1
,MAEBY,M,BALDWIN,,901091358,Y,20260801,001577-00,KENNESAW STATE UNIVERSITY,GA,4,Public,20260824,20261214,F,B,ENGLISH,230101,,,N,,,,,,,,,,,1
,HASINI,,CHILIVERI,,901091460,N,20260801,,,,,,,,,,,,,,N,,,,,,,,,,,
,MELINA,M,NGUYEN,,901091485,N,20260801,,,,,,,,,,,,,,N,,,,,,,,,,,
,LAUREN,F,STRASSER-KING,,901091531,N,20260801,,,,,,,,,,,,,,N,,,,,,,,,,,
,MABELL,A,MERCURE,,901091588,N,20260801,,,,,,,,,,,,,,N,,,,,,,,,,,
,JOCELYN,,DALLY,,901091852,N,20260801,,,,,,,,,,,,,,N,,,,,,,,,,,
,ISAAC,J,AVILA-RAMIREZ,,901091867,N,20260801,,,,,,,,,,,,,,N,,,,,,,,,,,
,AVERY,G,JONES,,901091868,N,20260801,,,,,,,,,,,,,,N,,,,,,,,,,,
,ALEXIS,B,FREDA,,901091875,N,20260801,,,,,,,,,,,,,,N,,,,,,,,,,,
,VALERIA,,REYES-VENTURA,,901091904,N,20260801,,,,,,,,,,,,,,N,,,,,,,,,,,
,FRANCIS,,KAJUMBA,,901091952,N,20260801,,,,,,,,,,,,,,N,,,,,,,,,,,
,SAHANA,,GOKUL,,901091974,Y,20260801,001569-00,GEORGIA INSTITUTE OF TECHNOLOGY,GA,4,Public,20260518,20260806,H,B,ELECTRICAL ENGINEERING,141001,,,N,,,,,,,,,,,1
,JYOSHIKHA,,DODLA,,901091977,N,20260801,,,,,,,,,,,,,,N,,,,,,,,,,,
,CLAYTON,J,GOODRUM,,901092070,N,20260801,,,,,,,,,,,,,,N,,,,,,,,,,,
,NOAH,C,NIXON,,901092119,N,20260801,,,,,,,,,,,,,,N,,,,,,,,,,,
,EMMA,G,PRYBIS,,901092125,N,20260801,,,,,,,,,,,,,,N,,,,,,,,,,,
,SELAH,M,MOORE,,901092132,N,20260801,,,,,,,,,,,,,,N,,,,,,,,,,,
,JOSEPH,D,WILLIAMS,,901092225,N,20260801,,,,,,,,,,,,,,N,,,,,,,,,,,
,SHOBHITA,,SURI,,901092234,N,20260801,,,,,,,,,,,,,,N,,,,,,,,,,,
,ANTHONY,,GAYTAN-HERNANDEZ,,901092270,N,20260801,,,,,,,,,,,,,,N,,,,,,,,,,,
,RILEY,Q,BOYD,,901092274,N,20260801,,,,,,,,,,,,,,N,,,,,,,,,,,
,AXEL,H,TILLERY,,901092369,N,20260801,,,,,,,,,,,,,,N,,,,,,,,,,,
,SRI HARSHITHA,,MUTYALA,,901092466,N,20260801,,,,,,,,,,,,,,N,,,,,,,,,,,
,ANNALISE,J,WOOLARD,,901092479,N,20260801,,,,,,,,,,,,,,N,,,,,,,,,,,
,SYDNEY,T,SUNTHONTHIP,,901092486,N,20260801,,,,,,,,,,,,,,N,,,,,,,,,,,
,ISAAC,T,DO,,901092511,N,20260801,,,,,,,,,,,,,,N,,,,,,,,,,,
,ZACHARY,W,LEMONS,,901092558,N,20260801,,,,,,,,,,,,,,N,,,,,,,,,,,
,DANIIL,T,MTSARIASHVILI,,901092568,Y,20260801,001577-00,KENNESAW STATE UNIVERSITY,GA,4,Public,20260824,20261214,F,B,MECHATRONICS ENGINEERING,144201,,,N,,,,,,,,,,,1
,LARA,A,ANGAY,,901092688,N,20260801,,,,,,,,,,,,,,N,,,,,,,,,,,
,LUKA,M,BUCHKOVSKY,,901092765,N,20260801,,,,,,,,,,,,,,N,,,,,,,,,,,
,ELLE,M,REISNER,,901092774,N,20260801,,,,,,,,,,,,,,N,,,,,,,,,,,
,HAISLEY,J,DICKERSON,,901092887,N,20260801,,,,,,,,,,,,,,N,,,,,,,,,,,
,KEVIN,P,PHAN,,901092894,N,20260801,,,,,,,,,,,,,,N,,,,,,,,,,,
,CARSON,A,FROY,,901092897,N,20260801,,,,,,,,,,,,,,N,,,,,,,,,,,
,ANUBHAV,,MALLIKARJUNA NAGAMMA,,901092908,N,20260801,,,,,,,,,,,,,,N,,,,,,,,,,,
,TIMOTHY,R,POPE,,901092913,Y,20260801,001574-00,GEORGIA STATE UNIVERSITY,GA,4,Public,20260511,20260803,H,F,PRE PSYCHOLOGY,420101,,,N,,,,,,,,,,,1
,SUSAN,E,REYNOLDS,,901092915,N,20260801,,,,,,,,,,,,,,N,,,,,,,,,,,
,DOAN,T,DUONG,,901092937,N,20260801,,,,,,,,,,,,,,N,,,,,,,,,,,
,OWEN,C,CHRISTENBURY,,901092954,Y,20260801,001598-00,UNIVERSITY OF GEORGIA,GA,4,Public,20260512,20260626,W,B,INTENDED COMPUTER SCIENCE,110701,,,N,,,,,,,,,,,1
,KILEY,R,KLING,,901092958,N,20260801,,,,,,,,,,,,,,N,,,,,,,,,,,
,BRAYAN,,MALDONADO,,901092985,N,20260801,,,,,,,,,,,,,,N,,,,,,,,,,,
,DAVID,J,DUPREE,,901093000,N,20260801,,,,,,,,,,,,,,N,,,,,,,,,,,
,LIAM,,PETRAGLIA,,901093024,N,20260801,,,,,,,,,,,,,,N,,,,,,,,,,,
,MISKAAT,Z,IQBAL,,901093339,N,20260801,,,,,,,,,,,,,,N,,,,,,,,,,,
,TORIN,N,TROTTER,,901093746,N,20260801,,,,,,,,,,,,,,N,,,,,,,,,,,
,ASHTON,M,KILGORE,,901093750,N,20260801,,,,,,,,,,,,,,N,,,,,,,,,,,
,RYAN,J,BUSENITZ,,901093754,N,20260801,,,,,,,,,,,,,,N,,,,,,,,,,,
,JESSICA,S,DECATREL,,901093766,N,20260801,,,,,,,,,,,,,,N,,,,,,,,,,,
,EMILY,A,BUSCH,,901094014,N,20260801,,,,,,,,,,,,,,N,,,,,,,,,,,
,CLIFFORD,M,NELSON,,901094016,N,20260801,,,,,,,,,,,,,,N,,,,,,,,,,,
,COLT,H,KENNEDY,,901094018,N,20260801,,,,,,,,,,,,,,N,,,,,,,,,,,
,VI,,TRAN,,901094031,N,20260801,,,,,,,,,,,,,,N,,,,,,,,,,,
,AUSTIN,R,MILLER,,901094131,N,20260801,,,,,,,,,,,,,,N,,,,,,,,,,,
,ELIAS,K,BLACKWELL,,901094164,N,20260801,,,,,,,,,,,,,,N,,,,,,,,,,,
,BROOKS,D,CASS,,901094182,N,20260801,,,,,,,,,,,,,,N,,,,,,,,,,,
,CHARLIE,B,COLLINS,,901094185,Y,20260801,001598-00,UNIVERSITY OF GEORGIA,GA,4,Public,20260512,20260803,H,B,INTENDED MGMT INFO SYSTEMS,521201,,,N,,,,,,,,,,,1
,ANTHONY,P,BOSTWICK,,901094227,N,20260801,,,,,,,,,,,,,,N,,,,,,,,,,,
,NATHAN,A,KNIGHT,,901094265,N,20260801,,,,,,,,,,,,,,N,,,,,,,,,,,
,WESLEY,J,BONG,,901094353,N,20260801,,,,,,,,,,,,,,N,,,,,,,,,,,
,JEFFREY,R,PETERSON,,901094356,N,20260801,,,,,,,,,,,,,,N,,,,,,,,,,,
,RHONDA,,WALL,,901094388,N,20260801,,,,,,,,,,,,,,N,,,,,,,,,,,
,SAMANTHA,N,NIGRO,,901094446,N,20260801,,,,,,,,,,,,,,N,,,,,,,,,,,
,ALEXANDER,P,THEOFILIS,,901094576,Y,20260801,001585-00,UNIVERSITY OF NORTH GEORGIA,GA,4,Public,20260810,20261204,L,B,FINANCE,520801,,,N,,,,,,,,,,,1
,AGUSTIN,,DELLATORRE,,901094690,N,20260801,,,,,,,,,,,,,,N,,,,,,,,,,,
,JEFFERSON,C,SLUTZKY,,901094701,N,20260801,,,,,,,,,,,,,,N,,,,,,,,,,,
,SAMANTHA,K,SMITH,,901094709,N,20260801,,,,,,,,,,,,,,N,,,,,,,,,,,
,LIAM,M,STAHL,,901094735,N,20260801,,,,,,,,,,,,,,N,,,,,,,,,,,
,ISABELLA,G,JOHNSON,,901094839,N,20260801,,,,,,,,,,,,,,N,,,,,,,,,,,
,OLUWATARADA,,PITAN,,901094854,N,20260801,,,,,,,,,,,,,,N,,,,,,,,,,,
,OMNIA,A,MANSOUR,,901094918,N,20260801,,,,,,,,,,,,,,N,,,,,,,,,,,
,JAYLYN,R,ROOKS,,901094920,N,20260801,,,,,,,,,,,,,,N,,,,,,,,,,,
,MADISON,R,RAMSEY,,901094928,N,20260801,,,,,,,,,,,,,,N,,,,,,,,,,,
,WHITNEY,L,NGUYEN,,901094934,N,20260801,,,,,,,,,,,,,,N,,,,,,,,,,,
,JISOO,,PARK,,901094979,N,20260801,,,,,,,,,,,,,,N,,,,,,,,,,,
,ALANNA,,ELLIS,,901095000,N,20260801,,,,,,,,,,,,,,N,,,,,,,,,,,
,TEA,A,DOW,,901095055,N,20260801,,,,,,,,,,,,,,N,,,,,,,,,,,
,MI'ANGEL,N,WILLIAMS,,901095058,N,20260801,,,,,,,,,,,,,,N,,,,,,,,,,,
,HE-TING,,SHEN,,901095062,N,20260801,,,,,,,,,,,,,,N,,,,,,,,,,,
,KENDARIUS,B,BUTTS,,901095076,N,20260801,,,,,,,,,,,,,,N,,,,,,,,,,,
,WILLA,K,KENT,,901095117,N,20260801,,,,,,,,,,,,,,N,,,,,,,,,,,
,JOSHUA,C,YOCKEL,,901095327,N,20260801,,,,,,,,,,,,,,N,,,,,,,,,,,
,LAUREN,M,PETROWSKY,,901095407,N,20260801,,,,,,,,,,,,,,N,,,,,,,,,,,
,TASHAY,,ROACH,,901095462,N,20260801,,,,,,,,,,,,,,N,,,,,,,,,,,
,ANDREW,,PETRILLO,,901095465,N,20260801,,,,,,,,,,,,,,N,,,,,,,,,,,
,MADISANN,,YERDON,,901095503,N,20260801,,,,,,,,,,,,,,N,,,,,,,,,,,
,GUNNER,A,KEITH,,901095507,N,20260801,,,,,,,,,,,,,,N,,,,,,,,,,,
,BAILEE,M,BEST,,901095726,N,20260801,,,,,,,,,,,,,,N,,,,,,,,,,,
,MONTIE,,ESWORTHY,,901095771,N,20260801,,,,,,,,,,,,,,N,,,,,,,,,,,
,HANNAH,,PRATER,,901095928,Y,20260801,009507-00,GEORGIA HIGHLANDS COLLEGE,GA,4,Public,20260810,20261204,F,A,CRIMINAL JUSTICE,240101,PSYCHOLOGY,240101,N,,,,,,,,,,,1
,MOLLY,A,LOUDON,,901096018,Y,20260801,001598-00,UNIVERSITY OF GEORGIA,GA,4,Public,20260512,20260803,H,B,MICROBIOLOGY,260502,,,N,,,,,,,,,,,1
,HENRY,R,SULLIVAN,,901096019,N,20260801,,,,,,,,,,,,,,N,,,,,,,,,,,
,WILLIAM,F,GIUSTINA,,901096480,N,20260801,,,,,,,,,,,,,,N,,,,,,,,,,,
,STELLA,G,PENSYL,,901096488,N,20260801,,,,,,,,,,,,,,N,,,,,,,,,,,
,LOGAN,R,PIERCE,,901096535,N,20260801,,,,,,,,,,,,,,N,,,,,,,,,,,
,MYEONG GEUN,,OH,,901099318,N,20260801,,,,,,,,,,,,,,N,,,,,,,,,,,
,JUAN,I,BATALLA DIEZ,,901099838,Y,20260801,001962-00,UNIVERSITY OF THE CUMBERLANDS,KY,4,Private,20260504,20260821,F,M,BUSINESS ANALYTICS M.S.,307102,,,N,,,,,,,,,,,1
,JUNIOR,,ESCHOE,,901099787,Y,20260801,001585-00,UNIVERSITY OF NORTH GEORGIA,GA,4,Public,20260810,20261204,H,,MS IN KINESIOLOGY,310599,,,N,,,,,,,,,,,1
,JONATHAN,E,ROJAS,,901099640,N,20260801,,,,,,,,,,,,,,N,,,,,,,,,,,
,ZACHARY,,GARRISON,,901096407,N,20260801,,,,,,,,,,,,,,N,,,,,,,,,,,
,DREW,A,CLEMENTS,,901096415,N,20260801,,,,,,,,,,,,,,N,,,,,,,,,,,
,SOFIA,I,SWANSON,,901096417,N,20260801,,,,,,,,,,,,,,N,,,,,,,,,,,
,ANDREW,,MULKEY,,901096470,N,20260801,,,,,,,,,,,,,,N,,,,,,,,,,,
,RORY,,SCHULER,,901096524,Y,20260801,001598-00,UNIVERSITY OF GEORGIA,GA,4,Public,20260512,20260803,F,B,PSYCHOLOGY,420101,,,N,,,,,,,,,,,1
,MICHAEL,J,HALL,,901096536,N,20260801,,,,,,,,,,,,,,N,,,,,,,,,,,
,MIREYA,,MARTINEZ JUAREZ,,901098784,N,20260801,,,,,,,,,,,,,,N,,,,,,,,,,,
,KAILYN,E,JONES,,901099123,N,20260801,,,,,,,,,,,,,,N,,,,,,,,,,,
,VANESSA,,GONZALEZ-ARELLANO,,901099366,N,20260801,,,,,,,,,,,,,,N,,,,,,,,,,,
